167,173,CONDITION
221,227,CONDITION
295,301,CONDITION
332,338,CONDITION
391,392,CONDITION
580,581,CONDITION
596,597,CONDITION
622,624,CONDITION
656,657,CONDITION
668,669,CONDITION
696,697,CONDITION
708,709,CONDITION
725,726,CONDITION
753,754,CONDITION
769,770,CONDITION
1010,1016,CONDITION
1109,1110,CONDITION
1119,1120,CONDITION
1195,1196,CONDITION
1344,1345,CONDITION
1367,1368,CONDITION
1451,1452,CONDITION
1489,1495,CONDITION
2313,2314,CONDITION
2392,2393,CONDITION
2415,2416,CONDITION
2426,2427,CONDITION
2468,2469,CONDITION
2508,2509,CONDITION
2574,2575,CONDITION
2589,2590,CONDITION
2633,2634,CONDITION
2685,2686,CONDITION
2690,2691,CONDITION
2701,2702,CONDITION
2770,2771,CONDITION
2786,2787,CONDITION
2829,2830,CONDITION
2845,2846,CONDITION
2956,2957,CONDITION
2984,2985,CONDITION
3018,3019,CONDITION
3050,3051,CONDITION
3134,3135,CONDITION
3174,3175,CONDITION
3204,3205,CONDITION
3224,3225,CONDITION
3260,3261,CONDITION
3295,3296,CONDITION
3348,3353,CONDITION
3385,3386,CONDITION
3408,3409,CONDITION
3426,3427,CONDITION
3453,3454,CONDITION
3474,3475,CONDITION
3509,3510,CONDITION
3560,3561,CONDITION
3583,3584,CONDITION
3619,3624,CONDITION
3633,3634,CONDITION
3647,3648,CONDITION
3686,3687,CONDITION
3711,3712,CONDITION
3736,3737,CONDITION
3768,3769,CONDITION
4001,4007,CONDITION
4034,4035,CONDITION
4101,4107,CONDITION
4123,4124,CONDITION
4133,4134,CONDITION
4164,4165,CONDITION
4270,4276,CONDITION
4285,4286,CONDITION
4344,4345,CONDITION
4382,4383,CONDITION
4387,4388,CONDITION
4407,4408,CONDITION
4419,4420,CONDITION
4474,4480,CONDITION
4536,4537,CONDITION
4775,4781,CONDITION
5652,5658,CONDITION
6035,6036,CONDITION
6066,6067,CONDITION
6106,6107,CONDITION
6113,6114,CONDITION
6215,6216,CONDITION
6227,6228,CONDITION
6239,6240,CONDITION
6280,6281,CONDITION
6301,6302,CONDITION
6317,6318,CONDITION
6322,6323,CONDITION
6332,6333,CONDITION
6342,6343,CONDITION
6352,6353,CONDITION
6362,6363,CONDITION
6372,6373,CONDITION
6404,6405,CONDITION
6413,6414,CONDITION
6470,6471,CONDITION
6583,6584,CONDITION
6600,6601,CONDITION
6641,6647,CONDITION
6656,6657,CONDITION
6681,6682,CONDITION
6708,6709,CONDITION
6720,6721,CONDITION
6778,6779,CONDITION
6793,6794,CONDITION
6803,6804,CONDITION
6820,6821,CONDITION
6840,6841,CONDITION
6857,6858,CONDITION
6874,6875,CONDITION
6899,6900,CONDITION
6924,6925,CONDITION
6938,6939,CONDITION
6952,6953,CONDITION
6966,6967,CONDITION
6980,6981,CONDITION
6994,6995,CONDITION
7008,7009,CONDITION
7025,7026,CONDITION
7039,7040,CONDITION
7053,7054,CONDITION
7069,7070,CONDITION
7083,7084,CONDITION
7097,7098,CONDITION
7111,7112,CONDITION
7125,7126,CONDITION
7139,7140,CONDITION
7148,7149,CONDITION
7158,7159,CONDITION
7168,7169,CONDITION
7183,7184,CONDITION
7186,7187,CONDITION
7213,7214,CONDITION
7265,7266,CONDITION
7280,7281,CONDITION
7324,7325,CONDITION
7372,7378,CONDITION
7440,7441,CONDITION
7464,7465,CONDITION
7483,7489,CONDITION
7523,7529,CONDITION
7568,7569,CONDITION
7640,7641,CONDITION
7645,7651,CONDITION
7671,7672,CONDITION
7707,7708,CONDITION
7750,7751,CONDITION
7831,7832,CONDITION
7869,7870,CONDITION
7955,7956,CONDITION
7979,7985,CONDITION
8022,8023,CONDITION
8048,8054,CONDITION
8065,8071,CONDITION
8131,8132,CONDITION
8178,8184,CONDITION
8252,8258,CONDITION
8316,8322,CONDITION
8346,8347,CONDITION
8389,8395,CONDITION
8448,8454,CONDITION
8502,8508,CONDITION
8545,8546,CONDITION
8592,8598,CONDITION
8609,8615,CONDITION
8664,8665,CONDITION
8704,8705,CONDITION
8716,8717,CONDITION
8728,8729,CONDITION
8776,8777,CONDITION
8818,8819,CONDITION
8878,8879,CONDITION
8907,8908,CONDITION
8958,8964,CONDITION
8973,8974,CONDITION
8996,8997,CONDITION
9014,9015,CONDITION
9040,9041,CONDITION
9066,9067,CONDITION
9092,9093,CONDITION
9110,9111,CONDITION
9128,9129,CONDITION
9146,9147,CONDITION
9164,9165,CONDITION
9182,9183,CONDITION
9200,9201,CONDITION
9218,9219,CONDITION
9236,9237,CONDITION
9254,9255,CONDITION
9272,9273,CONDITION
9309,9310,CONDITION
9455,9456,CONDITION
9467,9468,CONDITION
9550,9551,CONDITION
9589,9590,CONDITION
9601,9602,CONDITION
9668,9669,CONDITION
9679,9680,CONDITION
9691,9692,CONDITION
9700,9701,CONDITION
9717,9718,CONDITION
9724,9725,CONDITION
9776,9777,CONDITION
9803,9804,CONDITION
9817,9818,CONDITION
9843,9844,CONDITION
9878,9879,CONDITION
9919,9925,CONDITION
9934,9935,CONDITION
9948,9949,CONDITION
10020,10021,CONDITION
10024,10025,CONDITION
10086,10087,CONDITION
10095,10096,CONDITION
10104,10105,CONDITION
10112,10113,CONDITION
10132,10133,CONDITION
10151,10152,CONDITION
10195,10196,CONDITION
10226,10232,CONDITION
10241,10242,CONDITION
10256,10257,CONDITION
10274,10275,CONDITION
10318,10324,CONDITION
10351,10352,CONDITION
10367,10368,CONDITION
10415,10416,CONDITION
10485,10486,CONDITION
10500,10501,CONDITION
10529,10530,CONDITION
10555,10556,CONDITION
10581,10582,CONDITION
10591,10592,CONDITION
10620,10621,CONDITION
10630,10631,CONDITION
10659,10660,CONDITION
10700,10701,CONDITION
10722,10723,CONDITION
10727,10728,CONDITION
10855,10856,CONDITION
10885,10886,CONDITION
10978,10979,CONDITION
10996,10997,CONDITION
11022,11023,CONDITION
11067,11073,CONDITION
11081,11082,CONDITION
11094,11100,CONDITION
11142,11143,CONDITION
11167,11168,CONDITION
11198,11199,CONDITION
11215,11216,CONDITION
11231,11232,CONDITION
11250,11251,CONDITION
11260,11261,CONDITION
11274,11275,CONDITION
11293,11294,CONDITION
11314,11315,CONDITION
11319,11320,CONDITION
11327,11328,CONDITION
11336,11337,CONDITION
11386,11387,CONDITION
11394,11395,CONDITION
11420,11421,CONDITION
11435,11436,CONDITION
11464,11465,CONDITION
11542,11543,CONDITION
11549,11550,CONDITION
11626,11627,CONDITION
11682,11683,CONDITION
11700,11701,CONDITION
11708,11709,CONDITION
11728,11729,CONDITION
11735,11736,CONDITION
11747,11748,CONDITION
11778,11779,CONDITION
11807,11813,CONDITION
11920,11921,CONDITION
11989,11990,CONDITION
12042,12043,CONDITION
12056,12057,CONDITION
12079,12080,CONDITION
12107,12108,CONDITION
12203,12209,CONDITION
12339,12340,CONDITION
12394,12396,CONDITION
12407,12408,CONDITION
12426,12427,CONDITION
12455,12456,CONDITION
12475,12476,CONDITION
12487,12488,CONDITION
12506,12507,CONDITION
12544,12545,CONDITION
12556,12557,CONDITION
12589,12590,CONDITION
12593,12594,CONDITION
12604,12605,CONDITION
12612,12613,CONDITION
12653,12654,CONDITION
12673,12674,CONDITION
12685,12686,CONDITION
12703,12704,CONDITION
12720,12721,CONDITION
12750,12756,CONDITION
12762,12768,CONDITION
12794,12800,CONDITION
12840,12841,CONDITION
12850,12851,CONDITION
12903,12904,CONDITION
12966,12967,CONDITION
13095,13096,CONDITION
13138,13139,CONDITION
13165,13166,CONDITION
13177,13178,CONDITION
13211,13212,CONDITION
13225,13226,CONDITION
13285,13286,CONDITION
13394,13395,CONDITION
13414,13415,CONDITION
13442,13443,CONDITION
13493,13494,CONDITION
13509,13510,CONDITION
13519,13520,CONDITION
13537,13538,CONDITION
13542,13543,CONDITION
13556,13557,CONDITION
13570,13571,CONDITION
13592,13593,CONDITION
13598,13599,CONDITION
13660,13661,CONDITION
13687,13689,CONDITION
13703,13704,CONDITION
13714,13715,CONDITION
13730,13731,CONDITION
13736,13737,CONDITION
13797,13798,CONDITION
13800,13801,CONDITION
13813,13814,CONDITION
13844,13845,CONDITION
13860,13861,CONDITION
13876,13877,CONDITION
13927,13928,CONDITION
13999,14000,CONDITION
14017,14018,CONDITION
14044,14045,CONDITION
14079,14080,CONDITION
14095,14101,CONDITION
14117,14118,CONDITION
14174,14175,CONDITION
14193,14194,CONDITION
14207,14208,CONDITION
14216,14217,CONDITION
14269,14275,CONDITION
14418,14419,CONDITION
14453,14454,CONDITION
14496,14497,CONDITION
14530,14531,CONDITION
14550,14551,CONDITION
14604,14605,CONDITION
14631,14632,CONDITION
14639,14645,CONDITION
14654,14655,CONDITION
14682,14683,CONDITION
15136,15137,CONDITION
15209,15210,CONDITION
15292,15293,CONDITION
15305,15306,CONDITION
15330,15331,CONDITION
15338,15339,CONDITION
15355,15356,CONDITION
15399,15461,CONDITION
15402,15403,CONDITION
15413,15414,CONDITION
15431,15432,CONDITION
15478,15479,CONDITION
15496,15497,CONDITION
15503,15504,CONDITION
15519,15520,CONDITION
15550,15551,CONDITION
15556,15652,CONDITION
15559,15560,CONDITION
15570,15571,CONDITION
15592,15593,CONDITION
15611,15612,CONDITION
15656,15657,CONDITION
15702,15703,CONDITION
15729,15730,CONDITION
15962,15963,CONDITION
15985,15986,CONDITION
15991,15992,CONDITION
16020,16021,CONDITION
16055,16056,CONDITION
16129,16130,CONDITION
16151,16152,CONDITION
16262,16263,CONDITION
16343,16344,CONDITION
16354,16355,CONDITION
16391,16397,CONDITION
16435,16441,CONDITION
16555,16556,CONDITION
16583,16584,CONDITION
16590,16591,CONDITION
16605,16606,CONDITION
16620,16621,CONDITION
16630,16631,CONDITION
16657,16658,CONDITION
16715,16721,CONDITION
16744,16750,CONDITION
16777,16778,CONDITION
16865,16871,CONDITION
16917,16923,CONDITION
16936,16937,CONDITION
16966,16967,CONDITION
17033,17039,CONDITION
17048,17049,CONDITION
17125,17131,CONDITION
17140,17141,CONDITION
17222,17260,CONDITION
17294,17401,CONDITION
17435,17553,CONDITION
17587,17690,CONDITION
17724,17765,CONDITION
17799,17884,CONDITION
17918,18072,CONDITION
17920,17926,CONDITION
18106,18183,CONDITION
18217,18315,CONDITION
18349,18465,CONDITION
18499,18663,CONDITION
18505,18506,CONDITION
18611,18617,CONDITION
20443,20586,CONDITION
20620,20837,CONDITION
20871,20943,CONDITION
20977,21157,CONDITION
21229,21235,CONDITION
21287,21293,CONDITION
21328,21334,CONDITION
21730,21736,CONDITION
21817,21823,CONDITION
21928,21934,CONDITION
22026,22032,CONDITION
22178,22179,CONDITION
22229,22650,CONDITION
22323,22329,CONDITION
22376,22377,CONDITION
22406,22412,CONDITION
22421,22427,CONDITION
22434,22440,CONDITION
22684,23119,CONDITION
22860,22861,CONDITION
22886,22892,CONDITION
23167,23173,CONDITION
23354,23588,CONDITION
23622,23874,CONDITION
24401,24707,CONDITION
25174,25180,CONDITION
25303,25309,CONDITION
25315,25321,CONDITION
26021,26027,CONDITION
26033,26039,CONDITION
26162,26168,CONDITION
26179,26180,CONDITION
26503,26509,CONDITION
27094,27100,CONDITION
27208,27214,CONDITION
27241,27247,CONDITION
27289,27295,CONDITION
27383,27389,CONDITION
27535,27536,CONDITION
27575,27576,CONDITION
27628,27629,CONDITION
27830,27950,CONDITION
27845,27851,CONDITION
27876,27882,CONDITION
27924,27930,CONDITION
27936,27937,CONDITION
28013,28014,CONDITION
28112,28118,CONDITION
28146,28147,CONDITION
28176,28177,CONDITION
28341,28352,CONDITION
28375,28376,CONDITION
28414,28415,CONDITION
28460,28461,CONDITION
28463,28464,CONDITION
28539,28948,CONDITION
28558,28564,CONDITION
28570,28571,CONDITION
28590,28591,CONDITION
28665,28666,CONDITION
28724,28730,CONDITION
28736,28737,CONDITION
28755,28756,CONDITION
28825,28826,CONDITION
28874,28875,CONDITION
28884,28885,CONDITION
28928,28929,CONDITION
28938,28939,CONDITION
29098,29104,CONDITION
29166,29172,CONDITION
29258,29259,CONDITION
29409,29410,CONDITION
29457,29458,CONDITION
29492,29493,CONDITION
29503,29504,CONDITION
29548,29549,CONDITION
29625,29626,CONDITION
29688,29694,CONDITION
29749,29750,CONDITION
30156,30157,CONDITION
30280,30281,CONDITION
30571,30577,CONDITION
30589,30595,CONDITION
30998,30999,CONDITION
31095,31096,CONDITION
31119,31120,CONDITION
31215,31216,CONDITION
31287,31288,CONDITION
31346,31347,CONDITION
31416,31417,CONDITION
31431,31432,CONDITION
31448,31449,CONDITION
31476,31482,CONDITION
31496,31497,CONDITION
31557,31558,CONDITION
31569,31570,CONDITION
31611,31612,CONDITION
31649,31650,CONDITION
31664,31665,CONDITION
31761,31762,CONDITION
31817,31818,CONDITION
31844,31845,CONDITION
31867,31868,CONDITION
31882,31883,CONDITION
32070,32071,CONDITION
32089,32090,CONDITION
32124,32125,CONDITION
32148,32149,CONDITION
32180,32181,CONDITION
32196,32197,CONDITION
32215,32216,CONDITION
32228,32229,CONDITION
32241,32242,CONDITION
32275,32276,CONDITION
32327,32328,CONDITION
32346,32347,CONDITION
32386,32395,CONDITION
32415,32416,CONDITION
32509,32510,CONDITION
32534,32535,CONDITION
32544,32545,CONDITION
32568,32569,CONDITION
32636,32644,CONDITION
32782,32788,CONDITION
32875,32881,CONDITION
32904,32905,CONDITION
32909,32910,CONDITION
32934,32935,CONDITION
33048,33054,CONDITION
33092,33093,CONDITION
33282,33288,CONDITION
33592,33593,CONDITION
33607,33608,CONDITION
33622,33623,CONDITION
33641,33642,CONDITION
33655,33656,CONDITION
33665,33666,CONDITION
33685,33686,CONDITION
33699,33700,CONDITION
33711,33712,CONDITION
33728,33729,CONDITION
33801,33802,CONDITION
33816,33817,CONDITION
34020,34026,CONDITION
34148,34154,CONDITION
34846,34852,CONDITION
34868,34869,CONDITION
34916,34917,CONDITION
34933,34934,CONDITION
35061,35062,CONDITION
35077,35078,CONDITION
35090,35091,CONDITION
35110,35111,CONDITION
35115,35116,CONDITION
35138,35139,CONDITION
35163,35164,CONDITION
35166,35167,CONDITION
35174,35175,CONDITION
35188,35189,CONDITION
35193,35194,CONDITION
35196,35197,CONDITION
35231,35232,CONDITION
35234,35235,CONDITION
35272,35273,CONDITION
35299,35300,CONDITION
35337,35338,CONDITION
35348,35349,CONDITION
35423,35424,CONDITION
35452,35453,CONDITION
35455,35456,CONDITION
35463,35464,CONDITION
35488,35489,CONDITION
35509,35510,CONDITION
35570,35571,CONDITION
35591,35592,CONDITION
35602,35603,CONDITION
35617,35618,CONDITION
35642,35643,CONDITION
35670,35671,CONDITION
35836,35837,CONDITION
35976,35977,CONDITION
35991,35992,CONDITION
36032,36033,CONDITION
36169,36170,CONDITION
36186,36187,CONDITION
36319,36320,CONDITION
36346,36352,CONDITION
36490,36492,CONDITION
36926,36932,CONDITION
36941,36947,CONDITION
37760,37766,CONDITION
37780,37786,CONDITION
39114,39120,CONDITION
39780,39786,CONDITION
39852,39964,CONDITION
39864,39865,CONDITION
39869,39870,CONDITION
39920,39921,CONDITION
39930,39931,CONDITION
39938,39939,CONDITION
40051,40052,CONDITION
40066,40067,CONDITION
40517,40518,CONDITION
40541,40542,CONDITION
40572,40573,CONDITION
40658,40659,CONDITION
40805,40806,CONDITION
40833,40834,CONDITION
40854,40855,CONDITION
40936,40937,CONDITION
40947,40948,CONDITION
40993,40994,CONDITION
41042,41048,CONDITION
41146,41152,CONDITION
41163,41164,CONDITION
41386,41387,CONDITION
41522,41523,CONDITION
41870,41871,CONDITION
41878,41884,CONDITION
41906,41907,CONDITION
41934,41935,CONDITION
42132,42138,CONDITION
42294,42300,CONDITION
42573,42574,CONDITION
42693,42694,CONDITION
42837,42838,CONDITION
42844,42845,CONDITION
42859,42860,CONDITION
42870,42871,CONDITION
42880,42886,CONDITION
42962,42963,CONDITION
42971,42972,CONDITION
42986,42992,CONDITION
43001,43002,CONDITION
43011,43012,CONDITION
43025,43026,CONDITION
43037,43038,CONDITION
43049,43050,CONDITION
43067,43073,CONDITION
43097,43098,CONDITION
43145,43146,CONDITION
43196,43197,CONDITION
43206,43207,CONDITION
43244,43245,CONDITION
43316,43317,CONDITION
43322,43323,CONDITION
43363,43369,CONDITION
43440,43441,CONDITION
43466,43467,CONDITION
43478,43479,CONDITION
43534,43540,CONDITION
43556,43557,CONDITION
43583,43584,CONDITION
43607,43608,CONDITION
43623,43624,CONDITION
43661,43662,CONDITION
43701,43702,CONDITION
43727,43733,CONDITION
43760,43761,CONDITION
43777,43778,CONDITION
43798,43799,CONDITION
43815,43816,CONDITION
43843,43844,CONDITION
43867,43868,CONDITION
43900,43901,CONDITION
43913,43919,CONDITION
43928,43929,CONDITION
43970,43976,CONDITION
44034,44035,CONDITION
44051,44052,CONDITION
44065,44071,CONDITION
44098,44099,CONDITION
44134,44135,CONDITION
44547,44548,CONDITION
44593,44594,CONDITION
44615,44616,CONDITION
44675,44676,CONDITION
44686,44687,CONDITION
44696,44697,CONDITION
44706,44707,CONDITION
44732,44733,CONDITION
44755,44756,CONDITION
44768,44769,CONDITION
44798,44799,CONDITION
44809,44810,CONDITION
44814,44815,CONDITION
44836,44842,CONDITION
44881,44882,CONDITION
44886,44892,CONDITION
44915,44921,CONDITION
44958,44959,CONDITION
45003,45004,CONDITION
45013,45014,CONDITION
45257,45263,CONDITION
45278,45279,CONDITION
45292,45298,CONDITION
45304,45305,CONDITION
45564,45570,CONDITION
45593,45599,CONDITION
45605,45606,CONDITION
45702,45711,CONDITION
45901,45902,CONDITION
45966,45972,CONDITION
46041,46047,CONDITION
46077,46078,CONDITION
46081,46082,CONDITION
46140,46141,CONDITION
46215,46216,CONDITION
46241,46242,CONDITION
46249,46250,CONDITION
46277,46278,CONDITION
46338,46344,CONDITION
46384,46385,CONDITION
46447,46448,CONDITION
46500,46506,CONDITION
46512,46513,CONDITION
46546,46552,CONDITION
47019,47020,CONDITION
47048,47049,CONDITION
47061,47062,CONDITION
47079,47080,CONDITION
47097,47098,CONDITION
47149,47150,CONDITION
47170,47171,CONDITION
47208,47209,CONDITION
47241,47242,CONDITION
47455,47456,CONDITION
47464,47465,CONDITION
47473,47474,CONDITION
47482,47483,CONDITION
47491,47492,CONDITION
47500,47506,CONDITION
47535,47544,CONDITION
47566,47572,CONDITION
47632,47633,CONDITION
47656,47657,CONDITION
47698,47699,CONDITION
47709,47710,CONDITION
47714,47715,CONDITION
47738,47739,CONDITION
47756,47757,CONDITION
47774,47775,CONDITION
47792,47793,CONDITION
47810,47811,CONDITION
47841,47842,CONDITION
47872,47873,CONDITION
47932,47933,CONDITION
47947,47948,CONDITION
47972,47973,CONDITION
47985,47986,CONDITION
47997,47998,CONDITION
48009,48010,CONDITION
48021,48022,CONDITION
48033,48039,CONDITION
48078,48087,CONDITION
48118,48124,CONDITION
48535,48541,CONDITION
48719,48720,CONDITION
48749,48755,CONDITION
48791,48797,CONDITION
48805,48811,CONDITION
48840,48841,CONDITION
48867,48868,CONDITION
48886,48887,CONDITION
48981,48982,CONDITION
48985,48991,CONDITION
49006,49007,CONDITION
49027,49028,CONDITION
49047,49048,CONDITION
49134,49135,CONDITION
49226,49227,CONDITION
49290,49296,CONDITION
49332,49338,CONDITION
49346,49347,CONDITION
49387,49388,CONDITION
49401,49402,CONDITION
49429,49430,CONDITION
49492,49498,CONDITION
49517,49518,CONDITION
49551,49552,CONDITION
49571,49577,CONDITION
49586,49587,CONDITION
49598,49604,CONDITION
49621,49622,CONDITION
49638,49639,CONDITION
49651,49652,CONDITION
49668,49669,CONDITION
49732,49738,CONDITION
49755,49756,CONDITION
49770,49771,CONDITION
49780,49786,CONDITION
49798,49799,CONDITION
49832,49833,CONDITION
49877,49878,CONDITION
49895,49896,CONDITION
49925,49931,CONDITION
49937,49938,CONDITION
50010,50011,CONDITION
50019,50020,CONDITION
50071,50072,CONDITION
50080,50081,CONDITION
50109,50110,CONDITION
50135,50136,CONDITION
50172,50173,CONDITION
50209,50210,CONDITION
50231,50232,CONDITION
50238,50239,CONDITION
50249,50250,CONDITION
50273,50274,CONDITION
50310,50311,CONDITION
50321,50322,CONDITION
50341,50347,CONDITION
50383,50384,CONDITION
50399,50400,CONDITION
50420,50421,CONDITION
50425,50426,CONDITION
50451,50452,CONDITION
50480,50486,CONDITION
50514,50520,CONDITION
50618,50619,CONDITION
50663,50669,CONDITION
50690,50696,CONDITION
50721,50730,CONDITION
50747,50753,CONDITION
50772,50773,CONDITION
50790,50796,CONDITION
50842,50851,CONDITION
50881,50887,CONDITION
50934,50935,CONDITION
50980,50986,CONDITION
51041,51050,CONDITION
51059,51073,CONDITION
51089,51091,CONDITION
51102,51103,CONDITION
51107,51113,CONDITION
51152,51153,CONDITION
51189,51190,CONDITION
51215,51216,CONDITION
51312,51313,CONDITION
51361,51362,CONDITION
51385,51386,CONDITION
51431,51432,CONDITION
51459,51460,CONDITION
51479,51480,CONDITION
51499,51500,CONDITION
51511,51512,CONDITION
51530,51531,CONDITION
51552,51553,CONDITION
51574,51575,CONDITION
51613,51614,CONDITION
51622,51623,CONDITION
51673,51674,CONDITION
51735,51736,CONDITION
51758,51759,CONDITION
51764,51765,CONDITION
51799,51800,CONDITION
51811,51812,CONDITION
51824,51825,CONDITION
51837,51838,CONDITION
51850,51851,CONDITION
51868,51869,CONDITION
51874,51875,CONDITION
51887,51888,CONDITION
51900,51901,CONDITION
51911,51912,CONDITION
51922,51923,CONDITION
51960,51961,CONDITION
51979,51980,CONDITION
51990,51991,CONDITION
52040,52041,CONDITION
52090,52091,CONDITION
52115,52121,CONDITION
52132,52133,CONDITION
52173,52174,CONDITION
52211,52217,CONDITION
52225,52226,CONDITION
52248,52254,CONDITION
52270,52276,CONDITION
52449,52455,CONDITION
52471,52477,CONDITION
52486,52487,CONDITION
52509,52510,CONDITION
52523,52524,CONDITION
52552,52553,CONDITION
52576,52584,CONDITION
52594,52600,CONDITION
52616,52622,CONDITION
52671,52677,CONDITION
52687,52693,CONDITION
52738,52739,CONDITION
52769,52775,CONDITION
52790,52791,CONDITION
52809,52810,CONDITION
52828,52829,CONDITION
52927,52933,CONDITION
52939,52940,CONDITION
52950,52951,CONDITION
52968,52974,CONDITION
53062,53063,CONDITION
53088,53094,CONDITION
53117,53118,CONDITION
53151,53152,CONDITION
53178,53179,CONDITION
53218,53219,CONDITION
53322,53323,CONDITION
53368,53369,CONDITION
53412,53413,CONDITION
53512,53513,CONDITION
53536,53537,CONDITION
53595,53596,CONDITION
53603,53604,CONDITION
53618,53624,CONDITION
53644,53645,CONDITION
53692,53698,CONDITION
53715,53716,CONDITION
53757,53763,CONDITION
53769,53775,CONDITION
53816,53824,CONDITION
53840,53842,CONDITION
53859,53860,CONDITION
53874,53875,CONDITION
53916,53917,CONDITION
53940,53941,CONDITION
53955,53956,CONDITION
53976,53977,CONDITION
54208,54209,CONDITION
54528,54534,CONDITION
56526,56527,CONDITION
56551,56552,CONDITION
56571,56572,CONDITION
56576,56577,CONDITION
56606,56607,CONDITION
56634,56635,CONDITION
57039,57045,CONDITION
57076,57077,CONDITION
57162,57163,CONDITION
57176,57177,CONDITION
57785,57786,CONDITION
57803,57804,CONDITION
57819,57820,CONDITION
57835,57836,CONDITION
57857,57858,CONDITION
57888,57889,CONDITION
57931,57932,CONDITION
57953,57954,CONDITION
58083,58084,CONDITION
58111,58112,CONDITION
58127,58128,CONDITION
58132,58133,CONDITION
58142,58143,CONDITION
58152,58153,CONDITION
58162,58163,CONDITION
58172,58173,CONDITION
58182,58183,CONDITION
58218,58219,CONDITION
58226,58227,CONDITION
58244,58245,CONDITION
58295,58296,CONDITION
58348,58349,CONDITION
58352,58358,CONDITION
58367,58368,CONDITION
58420,58421,CONDITION
58432,58433,CONDITION
58469,58470,CONDITION
58486,58487,CONDITION
58503,58504,CONDITION
58520,58521,CONDITION
58537,58538,CONDITION
58554,58555,CONDITION
58571,58572,CONDITION
58593,58594,CONDITION
58615,58616,CONDITION
58636,58637,CONDITION
58657,58658,CONDITION
58666,58667,CONDITION
58677,58678,CONDITION
58701,58702,CONDITION
58716,58717,CONDITION
58763,58764,CONDITION
58792,58793,CONDITION
58816,58817,CONDITION
58879,58885,CONDITION
58918,58919,CONDITION
58923,58924,CONDITION
58937,58938,CONDITION
59045,59051,CONDITION
59058,59059,CONDITION
59075,59081,CONDITION
59166,59167,CONDITION
59274,59280,CONDITION
59287,59288,CONDITION
59304,59310,CONDITION
59349,59350,CONDITION
59372,59373,CONDITION
59432,59438,CONDITION
59472,59478,CONDITION
59487,59488,CONDITION
59510,59511,CONDITION
59536,59537,CONDITION
59554,59555,CONDITION
59580,59581,CONDITION
59598,59599,CONDITION
59616,59617,CONDITION
59634,59635,CONDITION
59654,59655,CONDITION
59672,59673,CONDITION
59690,59691,CONDITION
59716,59717,CONDITION
59743,59744,CONDITION
59842,59843,CONDITION
59872,59873,CONDITION
59903,59904,CONDITION
59946,59947,CONDITION
59968,59969,CONDITION
60126,60127,CONDITION
60154,60155,CONDITION
60170,60171,CONDITION
60175,60176,CONDITION
60185,60186,CONDITION
60195,60196,CONDITION
60205,60206,CONDITION
60215,60216,CONDITION
60225,60226,CONDITION
60261,60262,CONDITION
60269,60270,CONDITION
60287,60288,CONDITION
60338,60339,CONDITION
60394,60395,CONDITION
60398,60404,CONDITION
60413,60414,CONDITION
60449,60450,CONDITION
60477,60478,CONDITION
60489,60490,CONDITION
60523,60524,CONDITION
60540,60541,CONDITION
60557,60558,CONDITION
60574,60575,CONDITION
60596,60597,CONDITION
60618,60619,CONDITION
60639,60640,CONDITION
60660,60661,CONDITION
60669,60670,CONDITION
60678,60679,CONDITION
60697,60698,CONDITION
60719,60720,CONDITION
60734,60735,CONDITION
60803,60804,CONDITION
60841,60842,CONDITION
60851,60852,CONDITION
60880,60881,CONDITION
60885,60886,CONDITION
60900,60901,CONDITION
60915,60921,CONDITION
60958,60959,CONDITION
61002,61003,CONDITION
61032,61038,CONDITION
61075,61081,CONDITION
61090,61091,CONDITION
61113,61114,CONDITION
61131,61132,CONDITION
61157,61158,CONDITION
61175,61176,CONDITION
61193,61194,CONDITION
61211,61212,CONDITION
61229,61230,CONDITION
61247,61248,CONDITION
61278,61279,CONDITION
61305,61306,CONDITION
61396,61397,CONDITION
61404,61405,CONDITION
61423,61424,CONDITION
61440,61441,CONDITION
61450,61451,CONDITION
61484,61485,CONDITION
61514,61515,CONDITION
61525,61526,CONDITION
61582,61583,CONDITION
61594,61595,CONDITION
61615,61616,CONDITION
61650,61659,CONDITION
61732,61733,CONDITION
61751,61752,CONDITION
61774,61775,CONDITION
61902,61911,CONDITION
61936,61937,CONDITION
61982,61983,CONDITION
62028,62029,CONDITION
62089,62090,CONDITION
62147,62156,CONDITION
62171,62172,CONDITION
62225,62226,CONDITION
62258,62259,CONDITION
62314,62315,CONDITION
62357,62358,CONDITION
64236,64242,CONDITION
64398,64399,CONDITION
64551,64557,CONDITION
64587,64593,CONDITION
64654,64660,CONDITION
64789,64795,CONDITION
66547,66548,CONDITION
66552,66553,CONDITION
66565,66566,CONDITION
66802,66803,CONDITION
67198,67204,CONDITION
67244,67250,CONDITION
67290,67296,CONDITION
67386,67392,CONDITION
68016,68017,CONDITION
68359,68360,CONDITION
68380,68381,CONDITION
68404,68405,CONDITION
68418,68419,CONDITION
68451,68452,CONDITION
68468,68469,CONDITION
68480,68481,CONDITION
68492,68493,CONDITION
68504,68505,CONDITION
68662,68663,CONDITION
68668,68669,CONDITION
68684,68686,CONDITION
68706,68707,CONDITION
68745,68746,CONDITION
68760,68761,CONDITION
68779,68780,CONDITION
68782,68783,CONDITION
68787,68788,CONDITION
68810,68811,CONDITION
68861,68862,CONDITION
68888,68889,CONDITION
68923,68924,CONDITION
68946,68947,CONDITION
68963,68964,CONDITION
69118,69124,CONDITION
69190,69191,CONDITION
69212,69213,CONDITION
69417,69418,CONDITION
69459,69460,CONDITION
69474,69480,CONDITION
69518,69519,CONDITION
69545,69551,CONDITION
69633,69634,CONDITION
69658,69659,CONDITION
69698,69699,CONDITION
69723,69724,CONDITION
69755,69756,CONDITION
69875,69881,CONDITION
69926,69932,CONDITION
69944,69945,CONDITION
70786,70787,CONDITION
70907,70908,CONDITION
70926,70927,CONDITION
70939,70940,CONDITION
71024,71025,CONDITION
71035,71036,CONDITION
71060,71061,CONDITION
71089,71090,CONDITION
71105,71106,CONDITION
71112,71113,CONDITION
71163,71164,CONDITION
71187,71188,CONDITION
71426,71427,CONDITION
71444,71452,CONDITION
71490,71491,CONDITION
71659,71660,CONDITION
71773,71774,CONDITION
71808,71814,CONDITION
71847,71853,CONDITION
71873,71879,CONDITION
71900,71906,CONDITION
71929,71930,CONDITION
71934,71940,CONDITION
71953,71954,CONDITION
71963,71964,CONDITION
71999,72000,CONDITION
72004,72010,CONDITION
72023,72024,CONDITION
72033,72034,CONDITION
72084,72090,CONDITION
72104,72105,CONDITION
72138,72144,CONDITION
72157,72158,CONDITION
72163,72164,CONDITION
72173,72174,CONDITION
72203,72211,CONDITION
72224,72225,CONDITION
72230,72231,CONDITION
72240,72241,CONDITION
72273,72274,CONDITION
72282,72283,CONDITION
72373,72374,CONDITION
72406,72407,CONDITION
72424,72425,CONDITION
72438,72439,CONDITION
72445,72446,CONDITION
72466,72467,CONDITION
72477,72478,CONDITION
72559,72560,CONDITION
72570,72571,CONDITION
72583,72584,CONDITION
72636,72637,CONDITION
72669,72670,CONDITION
72683,72684,CONDITION
72696,72697,CONDITION
72711,72712,CONDITION
72838,72839,CONDITION
72845,72846,CONDITION
72878,72879,CONDITION
72906,72907,CONDITION
72917,72918,CONDITION
72954,72955,CONDITION
72966,72967,CONDITION
72984,72985,CONDITION
73069,73070,CONDITION
73089,73090,CONDITION
73132,73133,CONDITION
73158,73159,CONDITION
73199,73200,CONDITION
73222,73223,CONDITION
73318,73319,CONDITION
73351,73352,CONDITION
73405,73406,CONDITION
73410,73411,CONDITION
73433,73434,CONDITION
73483,73484,CONDITION
73532,73533,CONDITION
73555,73556,CONDITION
73560,73561,CONDITION
73583,73584,CONDITION
73601,73602,CONDITION
73645,73646,CONDITION
73664,73665,CONDITION
73760,73761,CONDITION
73820,73821,CONDITION
73868,73869,CONDITION
73887,73888,CONDITION
73896,73897,CONDITION
73937,73938,CONDITION
73940,73941,CONDITION
73989,73990,CONDITION
74021,74022,CONDITION
74127,74136,CONDITION
74234,74235,CONDITION
74384,74385,CONDITION
74398,74399,CONDITION
74475,74484,CONDITION
74588,74597,CONDITION
74692,74701,CONDITION
74970,74971,CONDITION
75076,75085,CONDITION
75154,75163,CONDITION
75451,75452,CONDITION
75462,75463,CONDITION
75600,75609,CONDITION
75709,75718,CONDITION
75826,75827,CONDITION
75832,75838,CONDITION
75852,75853,CONDITION
75858,75859,CONDITION
75864,75865,CONDITION
75900,75901,CONDITION
75953,75954,CONDITION
75994,75995,CONDITION
76000,76001,CONDITION
76010,76011,CONDITION
76052,76053,CONDITION
76062,76063,CONDITION
76121,76122,CONDITION
76153,76154,CONDITION
76184,76185,CONDITION
76223,76224,CONDITION
76250,76251,CONDITION
76263,76264,CONDITION
76348,76354,CONDITION
76564,76570,CONDITION
76627,76633,CONDITION
76690,76696,CONDITION
76759,76765,CONDITION
76822,76828,CONDITION
76846,76852,CONDITION
76864,76865,CONDITION
76881,76887,CONDITION
76977,76983,CONDITION
77025,77031,CONDITION
77238,77239,CONDITION
77294,77295,CONDITION
77740,77741,CONDITION
78089,78090,CONDITION
78106,78107,CONDITION
78137,78138,CONDITION
78199,78200,CONDITION
78222,78223,CONDITION
78244,78245,CONDITION
78283,78284,CONDITION
78297,78298,CONDITION
78311,78312,CONDITION
78327,78328,CONDITION
78341,78342,CONDITION
78355,78356,CONDITION
78372,78373,CONDITION
78394,78395,CONDITION
78411,78412,CONDITION
78512,78518,CONDITION
78536,78537,CONDITION
78621,78622,CONDITION
78763,78764,CONDITION
78884,78890,CONDITION
78897,78898,CONDITION
78940,78941,CONDITION
78949,78950,CONDITION
78972,78978,CONDITION
79027,79028,CONDITION
79058,79064,CONDITION
79089,79095,CONDITION
79181,79182,CONDITION
79189,79190,CONDITION
79216,79217,CONDITION
79267,79273,CONDITION
79296,79302,CONDITION
79341,79342,CONDITION
79371,79372,CONDITION
79393,79399,CONDITION
79411,79412,CONDITION
79520,79526,CONDITION
79567,79568,CONDITION
79589,79595,CONDITION
79614,79620,CONDITION
79645,79646,CONDITION
79669,79675,CONDITION
79681,79682,CONDITION
79886,79887,CONDITION
79896,79897,CONDITION
79906,79907,CONDITION
79963,79969,CONDITION
79978,79984,CONDITION
80021,80027,CONDITION
80063,80064,CONDITION
80095,80096,CONDITION
80106,80107,CONDITION
80193,80194,CONDITION
80275,80276,CONDITION
80282,80283,CONDITION
80307,80308,CONDITION
80342,80343,CONDITION
80380,80381,CONDITION
80406,80412,CONDITION
80424,80425,CONDITION
80607,80615,CONDITION
80651,80652,CONDITION
80687,80688,CONDITION
80715,80716,CONDITION
80806,80807,CONDITION
80908,80909,CONDITION
80935,80936,CONDITION
80974,80975,CONDITION
80989,80990,CONDITION
81041,81042,CONDITION
81076,81077,CONDITION
81138,81144,CONDITION
81273,81279,CONDITION
81299,81305,CONDITION
81468,81469,CONDITION
82458,82464,CONDITION
82616,82622,CONDITION
82641,82647,CONDITION
82676,82682,CONDITION
82747,82748,CONDITION
82778,82784,CONDITION
82804,82805,CONDITION
83054,83055,CONDITION
83107,83108,CONDITION
83240,83241,CONDITION
83254,83255,CONDITION
83277,83278,CONDITION
83309,83310,CONDITION
83432,83433,CONDITION
83516,83517,CONDITION
83539,83545,CONDITION
83565,83566,CONDITION
83623,83624,CONDITION
83653,83659,CONDITION
83679,83680,CONDITION
83737,83738,CONDITION
83771,83772,CONDITION
83778,83779,CONDITION
83804,83805,CONDITION
83949,83950,CONDITION
84008,84009,CONDITION
84056,84057,CONDITION
84068,84069,CONDITION
84133,84139,CONDITION
84156,84162,CONDITION
84228,84234,CONDITION
84273,84279,CONDITION
84798,84804,CONDITION
84842,84848,CONDITION
85024,85030,CONDITION
85062,85068,CONDITION
85099,85105,CONDITION
85334,85340,CONDITION
85545,85551,CONDITION
85982,85983,CONDITION
85998,85999,CONDITION
86014,86015,CONDITION
86062,86068,CONDITION
86081,86082,CONDITION
87235,87236,CONDITION
87282,87283,CONDITION
87287,87288,CONDITION
87295,87316,CONDITION
87317,87318,CONDITION
87327,87368,CONDITION
87372,87413,CONDITION
87417,87458,CONDITION
87462,87503,CONDITION
87504,87505,CONDITION
87514,87555,CONDITION
87556,87557,CONDITION
87564,87585,CONDITION
87751,87757,CONDITION
87787,87793,CONDITION
88194,88195,CONDITION
88230,88231,CONDITION
88246,88247,CONDITION
88260,88261,CONDITION
88274,88275,CONDITION
88336,88337,CONDITION
88354,88355,CONDITION
88368,88369,CONDITION
88388,88389,CONDITION
88496,88497,CONDITION
88511,88512,CONDITION
88610,88611,CONDITION
88615,88616,CONDITION
88633,88634,CONDITION
88667,88668,CONDITION
88680,88681,CONDITION
88702,88703,CONDITION
88713,88714,CONDITION
88744,88745,CONDITION
88754,88755,CONDITION
88794,88795,CONDITION
88837,88838,CONDITION
88863,88864,CONDITION
88885,88886,CONDITION
88905,88906,CONDITION
88939,88940,CONDITION
88968,88969,CONDITION
88984,88985,CONDITION
88996,88997,CONDITION
89019,89020,CONDITION
89028,89029,CONDITION
89168,89169,CONDITION
89215,89216,CONDITION
89227,89228,CONDITION
89240,89241,CONDITION
89256,89257,CONDITION
89280,89281,CONDITION
89320,89321,CONDITION
89361,89362,CONDITION
89418,89419,CONDITION
89428,89429,CONDITION
89456,89457,CONDITION
89478,89479,CONDITION
89501,89502,CONDITION
89525,89526,CONDITION
89562,89563,CONDITION
89605,89606,CONDITION
89617,89618,CONDITION
89639,89640,CONDITION
89696,89697,CONDITION
89748,89749,CONDITION
89826,89827,CONDITION
89890,89891,CONDITION
89939,89940,CONDITION
89961,89962,CONDITION
89969,89970,CONDITION
89980,89981,CONDITION
90033,90034,CONDITION
90051,90052,CONDITION
90092,90093,CONDITION
90100,90101,CONDITION
90409,90415,CONDITION
90445,90451,CONDITION
90507,90513,CONDITION
90913,90919,CONDITION
90933,90934,CONDITION
90954,90955,CONDITION
91052,91053,CONDITION
91078,91079,CONDITION
91096,91098,CONDITION
91112,91114,CONDITION
91611,91617,CONDITION
91637,91638,CONDITION
91657,91658,CONDITION
91665,91666,CONDITION
91688,91689,CONDITION
91700,91701,CONDITION
91727,91733,CONDITION
91772,91778,CONDITION
91789,91790,CONDITION
91845,91846,CONDITION
91853,91854,CONDITION
91869,91870,CONDITION
91884,91885,CONDITION
91960,91966,CONDITION
91972,91973,CONDITION
92168,92174,CONDITION
92189,92190,CONDITION
92259,92260,CONDITION
92273,92274,CONDITION
92297,92298,CONDITION
92491,92497,CONDITION
92505,92506,CONDITION
92591,92592,CONDITION
92611,92612,CONDITION
92616,92617,CONDITION
92629,92630,CONDITION
92659,92660,CONDITION
92682,92683,CONDITION
92723,92724,CONDITION
92866,92867,CONDITION
92901,92902,CONDITION
92912,92913,CONDITION
93017,93018,CONDITION
93062,93063,CONDITION
93067,93073,CONDITION
93089,93090,CONDITION
93112,93113,CONDITION
93210,93211,CONDITION
93266,93267,CONDITION
93290,93291,CONDITION
93310,93311,CONDITION
93337,93338,CONDITION
93364,93365,CONDITION
93391,93392,CONDITION
93418,93419,CONDITION
93445,93446,CONDITION
93472,93473,CONDITION
93498,93499,CONDITION
93540,93546,CONDITION
93591,93597,CONDITION
93631,93632,CONDITION
93649,93650,CONDITION
93718,93719,CONDITION
93747,93748,CONDITION
