93773,TYPE,ANY,ANY,ANY
93774,TYPE,ANY*,ANY*,ANY*
93775,TYPE,ANY**,ANY**,ANY**
93776,TYPE,Arena,Arena,Arena
93777,TYPE,Arena*,Arena*,Arena*
93778,TYPE,ArenaTest,ArenaTest,ArenaTest
93779,TYPE,AtomicCounter,AtomicCounter,AtomicCounter
93780,TYPE,AutoCompactTest,AutoCompactTest,AutoCompactTest
93781,TYPE,BGQueue,BGQueue,BGQueue
93782,TYPE,Benchmark,Benchmark,Benchmark
93783,TYPE,Benchmark*,Benchmark*,Benchmark*
93784,TYPE,Block,Block,Block
93785,TYPE,Block*,Block*,Block*
93786,TYPE,BlockBuilder,BlockBuilder,BlockBuilder
93787,TYPE,BlockBuilder*,BlockBuilder*,BlockBuilder*
93788,TYPE,BlockConstructor,BlockConstructor,BlockConstructor
93789,TYPE,BlockContents,BlockContents,BlockContents
93790,TYPE,BlockContents*,BlockContents*,BlockContents*
93791,TYPE,BlockFunction,BlockFunction,BlockFunction
93792,TYPE,BlockHandle,BlockHandle,BlockHandle
93793,TYPE,BlockHandle*,BlockHandle*,BlockHandle*
93794,TYPE,BloomFilterPolicy,BloomFilterPolicy,BloomFilterPolicy
93795,TYPE,BloomTest,BloomTest,BloomTest
93796,TYPE,Builder,Builder,Builder
93797,TYPE,BySmallestKey,BySmallestKey,BySmallestKey
93798,TYPE,BytewiseComparatorImpl,BytewiseComparatorImpl,BytewiseComparatorImpl
93799,TYPE,CB,CB,CB
93800,TYPE,CRC,CRC,CRC
93801,TYPE,Cache,Cache,Cache
93802,TYPE,Cache*,Cache*,Cache*
93803,TYPE,CacheTest,CacheTest,CacheTest
93804,TYPE,CacheTest*,CacheTest*,CacheTest*
93805,TYPE,Cleanup,Cleanup,Cleanup
93806,TYPE,Cleanup*,Cleanup*,Cleanup*
93807,TYPE,CleanupFunction,CleanupFunction,CleanupFunction
93808,TYPE,Code,Code,Code
93809,TYPE,Coding,Coding,Coding
93810,TYPE,Compaction,Compaction,Compaction
93811,TYPE,Compaction*,Compaction*,Compaction*
93812,TYPE,CompactionState,CompactionState,CompactionState
93813,TYPE,CompactionState*,CompactionState*,CompactionState*
93814,TYPE,CompactionStats,CompactionStats,CompactionStats
93815,TYPE,Comparator,Comparator,Comparator
93816,TYPE,Comparator*,Comparator*,Comparator*
93817,TYPE,CompressionType,CompressionType,CompressionType
93818,TYPE,ConcurrentTest,ConcurrentTest,ConcurrentTest
93819,TYPE,CondVar,CondVar,CondVar
93820,TYPE,Constructor,Constructor,Constructor
93821,TYPE,Constructor*,Constructor*,Constructor*
93822,TYPE,CorruptionReporter,CorruptionReporter,CorruptionReporter
93823,TYPE,CorruptionTest,CorruptionTest,CorruptionTest
93824,TYPE,CountingFile,CountingFile,CountingFile
93825,TYPE,DB,DB,DB
93826,TYPE,DB*,DB*,DB*
93827,TYPE,DB**,DB**,DB**
93828,TYPE,DBConstructor,DBConstructor,DBConstructor
93829,TYPE,DBImpl,DBImpl,DBImpl
93830,TYPE,DBImpl*,DBImpl*,DBImpl*
93831,TYPE,DBIter,DBIter,DBIter
93832,TYPE,DBState,DBState,DBState
93833,TYPE,DBTest,DBTest,DBTest
93834,TYPE,DBTest*,DBTest*,DBTest*
93835,TYPE,DIR*,DIR*,DIR*
93836,TYPE,DataFile,DataFile,DataFile
93837,TYPE,DeletedFileSet,DeletedFileSet,DeletedFileSet
93838,TYPE,Direction,Direction,Direction
93839,TYPE,EmptyIterator,EmptyIterator,EmptyIterator
93840,TYPE,Env,Env,Env
93841,TYPE,Env*,Env*,Env*
93842,TYPE,EnvPosixTest,EnvPosixTest,EnvPosixTest
93843,TYPE,EnvPosixTestHelper,EnvPosixTestHelper,EnvPosixTestHelper
93844,TYPE,EnvTest,EnvTest,EnvTest
93845,TYPE,EnvWrapper,EnvWrapper,EnvWrapper
93846,TYPE,ErrorEnv,ErrorEnv,ErrorEnv
93847,TYPE,ExpectedVerifResult,ExpectedVerifResult,ExpectedVerifResult
93848,TYPE,FILE*,FILE*,FILE*
93849,TYPE,FaultInjectionTest,FaultInjectionTest,FaultInjectionTest
93850,TYPE,FaultInjectionTestEnv,FaultInjectionTestEnv,FaultInjectionTestEnv
93851,TYPE,FaultInjectionTestEnv*,FaultInjectionTestEnv*,FaultInjectionTestEnv*
93852,TYPE,FileLock,FileLock,FileLock
93853,TYPE,FileLock*,FileLock*,FileLock*
93854,TYPE,FileLock**,FileLock**,FileLock**
93855,TYPE,FileMetaData,FileMetaData,FileMetaData
93856,TYPE,FileMetaData*,FileMetaData*,FileMetaData*
93857,TYPE,FileMetaData**,FileMetaData**,FileMetaData**
93858,TYPE,FileNameTest,FileNameTest,FileNameTest
93859,TYPE,FileSet,FileSet,FileSet
93860,TYPE,FileSet*,FileSet*,FileSet*
93861,TYPE,FileState,FileState,FileState
93862,TYPE,FileState*,FileState*,FileState*
93863,TYPE,FileState**,FileState**,FileState**
93864,TYPE,FileSystem,FileSystem,FileSystem
93865,TYPE,FileType,FileType,FileType
93866,TYPE,FileType*,FileType*,FileType*
93867,TYPE,FilterBlockBuilder,FilterBlockBuilder,FilterBlockBuilder
93868,TYPE,FilterBlockBuilder*,FilterBlockBuilder*,FilterBlockBuilder*
93869,TYPE,FilterBlockReader,FilterBlockReader,FilterBlockReader
93870,TYPE,FilterBlockReader*,FilterBlockReader*,FilterBlockReader*
93871,TYPE,FilterBlockTest,FilterBlockTest,FilterBlockTest
93872,TYPE,FilterPolicy,FilterPolicy,FilterPolicy
93873,TYPE,FilterPolicy*,FilterPolicy*,FilterPolicy*
93874,TYPE,FindFileTest,FindFileTest,FindFileTest
93875,TYPE,Footer,Footer,Footer
93876,TYPE,FormatTest,FormatTest,FormatTest
93877,TYPE,GetStats,GetStats,GetStats
93878,TYPE,GetStats*,GetStats*,GetStats*
93879,TYPE,H,H,H
93880,TYPE,HASH,HASH,HASH
93881,TYPE,Handle,Handle,Handle
93882,TYPE,Handle*,Handle*,Handle*
93883,TYPE,HandleTable,HandleTable,HandleTable
93884,TYPE,Handler,Handler,Handler
93885,TYPE,Handler*,Handler*,Handler*
93886,TYPE,Harness,Harness,Harness
93887,TYPE,Histogram,Histogram,Histogram
93888,TYPE,InMemoryEnv,InMemoryEnv,InMemoryEnv
93889,TYPE,InternalFilterPolicy,InternalFilterPolicy,InternalFilterPolicy
93890,TYPE,InternalFilterPolicy*,InternalFilterPolicy*,InternalFilterPolicy*
93891,TYPE,InternalKey,InternalKey,InternalKey
93892,TYPE,InternalKey*,InternalKey*,InternalKey*
93893,TYPE,InternalKeyComparator,InternalKeyComparator,InternalKeyComparator
93894,TYPE,InternalKeyComparator*,InternalKeyComparator*,InternalKeyComparator*
93895,TYPE,Issue178,Issue178,Issue178
93896,TYPE,Issue200,Issue200,Issue200
93897,TYPE,Iter,Iter,Iter
93898,TYPE,IterState,IterState,IterState
93899,TYPE,IterState*,IterState*,IterState*
93900,TYPE,Iterator,Iterator,Iterator
93901,TYPE,Iterator*,Iterator*,Iterator*
93902,TYPE,Iterator**,Iterator**,Iterator**
93903,TYPE,IteratorWrapper,IteratorWrapper,IteratorWrapper
93904,TYPE,IteratorWrapper*,IteratorWrapper*,IteratorWrapper*
93905,TYPE,KVMap,KVMap,KVMap
93906,TYPE,KVMap*,KVMap*,KVMap*
93907,TYPE,Key,Key,Key
93908,TYPE,KeyComparator,KeyComparator,KeyComparator
93909,TYPE,KeyConvertingIterator,KeyConvertingIterator,KeyConvertingIterator
93910,TYPE,LRUCache,LRUCache,LRUCache
93911,TYPE,LRUHandle,LRUHandle,LRUHandle
93912,TYPE,LRUHandle*,LRUHandle*,LRUHandle*
93913,TYPE,LRUHandle**,LRUHandle**,LRUHandle**
93914,TYPE,LevelFileNumIterator,LevelFileNumIterator,LevelFileNumIterator
93915,TYPE,LevelSummaryStorage*,LevelSummaryStorage*,LevelSummaryStorage*
93916,TYPE,Limiter,Limiter,Limiter
93917,TYPE,Limiter*,Limiter*,Limiter*
93918,TYPE,LogReporter,LogReporter,LogReporter
93919,TYPE,LogTest,LogTest,LogTest
93920,TYPE,Logger,Logger,Logger
93921,TYPE,Logger*,Logger*,Logger*
93922,TYPE,Logger**,Logger**,Logger**
93923,TYPE,LookupKey,LookupKey,LookupKey
93924,TYPE,MTState,MTState,MTState
93925,TYPE,MTState*,MTState*,MTState*
93926,TYPE,MTThread*,MTThread*,MTThread*
93927,TYPE,ManifestFile,ManifestFile,ManifestFile
93928,TYPE,ManualCompaction,ManualCompaction,ManualCompaction
93929,TYPE,ManualCompaction*,ManualCompaction*,ManualCompaction*
93930,TYPE,MemEnvTest,MemEnvTest,MemEnvTest
93931,TYPE,MemTable,MemTable,MemTable
93932,TYPE,MemTable*,MemTable*,MemTable*
93933,TYPE,MemTableConstructor,MemTableConstructor,MemTableConstructor
93934,TYPE,MemTableInserter,MemTableInserter,MemTableInserter
93935,TYPE,MemTableIterator,MemTableIterator,MemTableIterator
93936,TYPE,MemTableTest,MemTableTest,MemTableTest
93937,TYPE,MergingIterator,MergingIterator,MergingIterator
93938,TYPE,ModelDB,ModelDB,ModelDB
93939,TYPE,ModelIter,ModelIter,ModelIter
93940,TYPE,ModelSnapshot,ModelSnapshot,ModelSnapshot
93941,TYPE,ModelSnapshot*,ModelSnapshot*,ModelSnapshot*
93942,TYPE,Mutex,Mutex,Mutex
93943,TYPE,Mutex*,Mutex*,Mutex*
93944,TYPE,MutexLock,MutexLock,MutexLock
93945,TYPE,NewComparator,NewComparator,NewComparator
93946,TYPE,NoOpLogger,NoOpLogger,NoOpLogger
93947,TYPE,Node,Node,Node
93948,TYPE,Node*,Node*,Node*
93949,TYPE,Node**,Node**,Node**
93950,TYPE,NumberComparator,NumberComparator,NumberComparator
93951,TYPE,OnceType,OnceType,OnceType
93952,TYPE,OnceType*,OnceType*,OnceType*
93953,TYPE,Options,Options,Options
93954,TYPE,Options*,Options*,Options*
93955,TYPE,Order,Order,Order
93956,TYPE,Output,Output,Output
93957,TYPE,ParsedInternalKey,ParsedInternalKey,ParsedInternalKey
93958,TYPE,ParsedInternalKey*,ParsedInternalKey*,ParsedInternalKey*
93959,TYPE,PolyDB,PolyDB,PolyDB
93960,TYPE,PosixEnv,PosixEnv,PosixEnv
93961,TYPE,PosixFileLock,PosixFileLock,PosixFileLock
93962,TYPE,PosixFileLock*,PosixFileLock*,PosixFileLock*
93963,TYPE,PosixLockTable,PosixLockTable,PosixLockTable
93964,TYPE,PosixLogger,PosixLogger,PosixLogger
93965,TYPE,PosixMmapReadableFile,PosixMmapReadableFile,PosixMmapReadableFile
93966,TYPE,PosixRandomAccessFile,PosixRandomAccessFile,PosixRandomAccessFile
93967,TYPE,PosixSequentialFile,PosixSequentialFile,PosixSequentialFile
93968,TYPE,PosixWritableFile,PosixWritableFile,PosixWritableFile
93969,TYPE,Random,Random,Random
93970,TYPE,Random*,Random*,Random*
93971,TYPE,RandomAccessFile,RandomAccessFile,RandomAccessFile
93972,TYPE,RandomAccessFile*,RandomAccessFile*,RandomAccessFile*
93973,TYPE,RandomAccessFile**,RandomAccessFile**,RandomAccessFile**
93974,TYPE,RandomAccessFileImpl,RandomAccessFileImpl,RandomAccessFileImpl
93975,TYPE,RandomGenerator,RandomGenerator,RandomGenerator
93976,TYPE,Range,Range,Range
93977,TYPE,Range*,Range*,Range*
93978,TYPE,ReadOptions,ReadOptions,ReadOptions
93979,TYPE,Reader,Reader,Reader
93980,TYPE,Reader*,Reader*,Reader*
93981,TYPE,Reader.Reporter,Reporter,Reader.Reporter
93982,TYPE,ReaderState,ReaderState,ReaderState
93983,TYPE,RecordType,RecordType,RecordType
93984,TYPE,RecoveryTest,RecoveryTest,RecoveryTest
93985,TYPE,Rep,Rep,Rep
93986,TYPE,Rep*,Rep*,Rep*
93987,TYPE,Repairer,Repairer,Repairer
93988,TYPE,ReportCollector,ReportCollector,ReportCollector
93989,TYPE,Reporter*,Reporter*,Reporter*
93990,TYPE,ResetMethod,ResetMethod,ResetMethod
93991,TYPE,ReverseKeyComparator,ReverseKeyComparator,ReverseKeyComparator
93992,TYPE,Saver,Saver,Saver
93993,TYPE,Saver*,Saver*,Saver*
93994,TYPE,SaverState,SaverState,SaverState
93995,TYPE,SequenceNumber,SequenceNumber,SequenceNumber
93996,TYPE,SequenceNumber*,SequenceNumber*,SequenceNumber*
93997,TYPE,SequentialFile,SequentialFile,SequentialFile
93998,TYPE,SequentialFile*,SequentialFile*,SequentialFile*
93999,TYPE,SequentialFile**,SequentialFile**,SequentialFile**
94000,TYPE,SequentialFileImpl,SequentialFileImpl,SequentialFileImpl
94001,TYPE,SetDataIterator,SetDataIterator,SetDataIterator
94002,TYPE,ShardedLRUCache,ShardedLRUCache,ShardedLRUCache
94003,TYPE,SharedState,SharedState,SharedState
94004,TYPE,SharedState*,SharedState*,SharedState*
94005,TYPE,SkipList,SkipList,SkipList
94006,TYPE,SkipList*,SkipList*,SkipList*
94007,TYPE,"SkipList<Key,Comparator>","SkipList<Key,Comparator>","SkipList<Key,Comparator>"
94008,TYPE,SkipTest,SkipTest,SkipTest
94009,TYPE,Slice,Slice,Slice
94010,TYPE,Slice*,Slice*,Slice*
94011,TYPE,Snapshot,Snapshot,Snapshot
94012,TYPE,Snapshot*,Snapshot*,Snapshot*
94013,TYPE,SnapshotImpl,SnapshotImpl,SnapshotImpl
94014,TYPE,SnapshotImpl*,SnapshotImpl*,SnapshotImpl*
94015,TYPE,SnapshotList,SnapshotList,SnapshotList
94016,TYPE,SnapshotList*,SnapshotList*,SnapshotList*
94017,TYPE,SpecialEnv,SpecialEnv,SpecialEnv
94018,TYPE,SpecialEnv*,SpecialEnv*,SpecialEnv*
94019,TYPE,StartThreadState,StartThreadState,StartThreadState
94020,TYPE,StartThreadState*,StartThreadState*,StartThreadState*
94021,TYPE,State,State,State
94022,TYPE,State*,State*,State*
94023,TYPE,Stats,Stats,Stats
94024,TYPE,Status,Status,Status
94025,TYPE,Status*,Status*,Status*
94026,TYPE,StdoutPrinter,StdoutPrinter,StdoutPrinter
94027,TYPE,StringDest,StringDest,StringDest
94028,TYPE,StringSink,StringSink,StringSink
94029,TYPE,StringSource,StringSource,StringSource
94030,TYPE,StringSource*,StringSource*,StringSource*
94031,TYPE,T*,T*,T*
94032,TYPE,Table,Table,Table
94033,TYPE,Table*,Table*,Table*
94034,TYPE,Table**,Table**,Table**
94035,TYPE,TableAndFile,TableAndFile,TableAndFile
94036,TYPE,TableAndFile*,TableAndFile*,TableAndFile*
94037,TYPE,TableBuilder,TableBuilder,TableBuilder
94038,TYPE,TableBuilder*,TableBuilder*,TableBuilder*
94039,TYPE,TableCache,TableCache,TableCache
94040,TYPE,TableCache*,TableCache*,TableCache*
94041,TYPE,TableConstructor,TableConstructor,TableConstructor
94042,TYPE,TableInfo,TableInfo,TableInfo
94043,TYPE,TableTest,TableTest,TableTest
94044,TYPE,Test,Test,Test
94045,TYPE,TestArgs,TestArgs,TestArgs
94046,TYPE,TestHashFilter,TestHashFilter,TestHashFilter
94047,TYPE,TestState,TestState,TestState
94048,TYPE,TestState*,TestState*,TestState*
94049,TYPE,TestType,TestType,TestType
94050,TYPE,TestWritableFile,TestWritableFile,TestWritableFile
94051,TYPE,Tester,Tester,Tester
94052,TYPE,ThreadArg,ThreadArg,ThreadArg
94053,TYPE,ThreadArg*,ThreadArg*,ThreadArg*
94054,TYPE,ThreadState,ThreadState,ThreadState
94055,TYPE,ThreadState*,ThreadState*,ThreadState*
94056,TYPE,TreeDB,TreeDB,TreeDB
94057,TYPE,TwoLevelIterator,TwoLevelIterator,TwoLevelIterator
94058,TYPE,V,V,V
94059,TYPE,ValueType,ValueType,ValueType
94060,TYPE,Version,Version,Version
94061,TYPE,Version*,Version*,Version*
94062,TYPE,VersionEdit,VersionEdit,VersionEdit
94063,TYPE,VersionEdit*,VersionEdit*,VersionEdit*
94064,TYPE,VersionEditTest,VersionEditTest,VersionEditTest
94065,TYPE,VersionSet,VersionSet,VersionSet
94066,TYPE,VersionSet*,VersionSet*,VersionSet*
94067,TYPE,Wrapper,Wrapper,Wrapper
94068,TYPE,Wrapper*,Wrapper*,Wrapper*
94069,TYPE,WritableFile,WritableFile,WritableFile
94070,TYPE,WritableFile*,WritableFile*,WritableFile*
94071,TYPE,WritableFile**,WritableFile**,WritableFile**
94072,TYPE,WritableFileImpl,WritableFileImpl,WritableFileImpl
94073,TYPE,WriteBatch,WriteBatch,WriteBatch
94074,TYPE,WriteBatch*,WriteBatch*,WriteBatch*
94075,TYPE,WriteBatch.Handler,Handler,WriteBatch.Handler
94076,TYPE,WriteBatchInternal,WriteBatchInternal,WriteBatchInternal
94077,TYPE,WriteBatchItemPrinter,WriteBatchItemPrinter,WriteBatchItemPrinter
94078,TYPE,WriteBatchTest,WriteBatchTest,WriteBatchTest
94079,TYPE,WriteOptions,WriteOptions,WriteOptions
94080,TYPE,Writer,Writer,Writer
94081,TYPE,Writer*,Writer*,Writer*
94082,TYPE,Writer**,Writer**,Writer**
94083,TYPE,X,X,X
94084,TYPE,Y,Y,Y
94085,TYPE,_Test_AlignedEof,_Test_AlignedEof,_Test_AlignedEof
94086,TYPE,_Test_Append,_Test_Append,_Test_Append
94087,TYPE,_Test_ApproximateOffsetOfCompressed,_Test_ApproximateOffsetOfCompressed,_Test_ApproximateOffsetOfCompressed
94088,TYPE,_Test_ApproximateOffsetOfPlain,_Test_ApproximateOffsetOfPlain,_Test_ApproximateOffsetOfPlain
94089,TYPE,_Test_ApproximateSizes,_Test_ApproximateSizes,_Test_ApproximateSizes
94090,TYPE,_Test_ApproximateSizes_MixOfSmallAndLarge,_Test_ApproximateSizes_MixOfSmallAndLarge,_Test_ApproximateSizes_MixOfSmallAndLarge
94091,TYPE,_Test_BadLength,_Test_BadLength,_Test_BadLength
94092,TYPE,_Test_BadLengthAtEndIsIgnored,_Test_BadLengthAtEndIsIgnored,_Test_BadLengthAtEndIsIgnored
94093,TYPE,_Test_BadRecordType,_Test_BadRecordType,_Test_BadRecordType
94094,TYPE,_Test_Basics,_Test_Basics,_Test_Basics
94095,TYPE,_Test_BloomFilter,_Test_BloomFilter,_Test_BloomFilter
94096,TYPE,_Test_ChecksumMismatch,_Test_ChecksumMismatch,_Test_ChecksumMismatch
94097,TYPE,_Test_CompactionInputError,_Test_CompactionInputError,_Test_CompactionInputError
94098,TYPE,_Test_CompactionInputErrorParanoid,_Test_CompactionInputErrorParanoid,_Test_CompactionInputErrorParanoid
94099,TYPE,_Test_CompactionsGenerateMultipleFiles,_Test_CompactionsGenerateMultipleFiles,_Test_CompactionsGenerateMultipleFiles
94100,TYPE,_Test_ComparatorCheck,_Test_ComparatorCheck,_Test_ComparatorCheck
94101,TYPE,_Test_Concurrent1,_Test_Concurrent1,_Test_Concurrent1
94102,TYPE,_Test_Concurrent2,_Test_Concurrent2,_Test_Concurrent2
94103,TYPE,_Test_Concurrent3,_Test_Concurrent3,_Test_Concurrent3
94104,TYPE,_Test_Concurrent4,_Test_Concurrent4,_Test_Concurrent4
94105,TYPE,_Test_Concurrent5,_Test_Concurrent5,_Test_Concurrent5
94106,TYPE,_Test_ConcurrentWithoutThreads,_Test_ConcurrentWithoutThreads,_Test_ConcurrentWithoutThreads
94107,TYPE,_Test_Construction,_Test_Construction,_Test_Construction
94108,TYPE,_Test_CorruptedDescriptor,_Test_CorruptedDescriptor,_Test_CorruptedDescriptor
94109,TYPE,_Test_Corruption,_Test_Corruption,_Test_Corruption
94110,TYPE,_Test_CustomComparator,_Test_CustomComparator,_Test_CustomComparator
94111,TYPE,_Test_DBOpen_Options,_Test_DBOpen_Options,_Test_DBOpen_Options
94112,TYPE,_Test_DBTest,_Test_DBTest,_Test_DBTest
94113,TYPE,_Test_DeletionMarkers1,_Test_DeletionMarkers1,_Test_DeletionMarkers1
94114,TYPE,_Test_DeletionMarkers2,_Test_DeletionMarkers2,_Test_DeletionMarkers2
94115,TYPE,_Test_Empty,_Test_Empty,_Test_Empty
94116,TYPE,_Test_EmptyBuilder,_Test_EmptyBuilder,_Test_EmptyBuilder
94117,TYPE,_Test_EmptyFilter,_Test_EmptyFilter,_Test_EmptyFilter
94118,TYPE,_Test_EncodeDecode,_Test_EncodeDecode,_Test_EncodeDecode
94119,TYPE,_Test_EncodingOutput,_Test_EncodingOutput,_Test_EncodingOutput
94120,TYPE,_Test_EntriesArePinned,_Test_EntriesArePinned,_Test_EntriesArePinned
94121,TYPE,_Test_Erase,_Test_Erase,_Test_Erase
94122,TYPE,_Test_ErrorJoinsRecords,_Test_ErrorJoinsRecords,_Test_ErrorJoinsRecords
94123,TYPE,_Test_EvictionPolicy,_Test_EvictionPolicy,_Test_EvictionPolicy
94124,TYPE,_Test_Extend,_Test_Extend,_Test_Extend
94125,TYPE,_Test_FaultTestNoLogReuse,_Test_FaultTestNoLogReuse,_Test_FaultTestNoLogReuse
94126,TYPE,_Test_FaultTestWithLogReuse,_Test_FaultTestWithLogReuse,_Test_FaultTestWithLogReuse
94127,TYPE,_Test_FilesDeletedAfterCompaction,_Test_FilesDeletedAfterCompaction,_Test_FilesDeletedAfterCompaction
94128,TYPE,_Test_Fixed32,_Test_Fixed32,_Test_Fixed32
94129,TYPE,_Test_Fixed64,_Test_Fixed64,_Test_Fixed64
94130,TYPE,_Test_Fragmentation,_Test_Fragmentation,_Test_Fragmentation
94131,TYPE,_Test_GetEncountersEmptyLevel,_Test_GetEncountersEmptyLevel,_Test_GetEncountersEmptyLevel
94132,TYPE,_Test_GetFromImmutableLayer,_Test_GetFromImmutableLayer,_Test_GetFromImmutableLayer
94133,TYPE,_Test_GetFromVersions,_Test_GetFromVersions,_Test_GetFromVersions
94134,TYPE,_Test_GetLevel0Ordering,_Test_GetLevel0Ordering,_Test_GetLevel0Ordering
94135,TYPE,_Test_GetMemUsage,_Test_GetMemUsage,_Test_GetMemUsage
94136,TYPE,_Test_GetOrderedByLevels,_Test_GetOrderedByLevels,_Test_GetOrderedByLevels
94137,TYPE,_Test_GetPicksCorrectFile,_Test_GetPicksCorrectFile,_Test_GetPicksCorrectFile
94138,TYPE,_Test_GetSnapshot,_Test_GetSnapshot,_Test_GetSnapshot
94139,TYPE,_Test_HeavyEntries,_Test_HeavyEntries,_Test_HeavyEntries
94140,TYPE,_Test_HiddenValuesAreRemoved,_Test_HiddenValuesAreRemoved,_Test_HiddenValuesAreRemoved
94141,TYPE,_Test_HitAndMiss,_Test_HitAndMiss,_Test_HitAndMiss
94142,TYPE,_Test_InsertAndLookup,_Test_InsertAndLookup,_Test_InsertAndLookup
94143,TYPE,_Test_InternalKeyShortSeparator,_Test_InternalKeyShortSeparator,_Test_InternalKeyShortSeparator
94144,TYPE,_Test_InternalKeyShortestSuccessor,_Test_InternalKeyShortestSuccessor,_Test_InternalKeyShortestSuccessor
94145,TYPE,_Test_InternalKey_EncodeDecode,_Test_InternalKey_EncodeDecode,_Test_InternalKey_EncodeDecode
94146,TYPE,_Test_IterEmpty,_Test_IterEmpty,_Test_IterEmpty
94147,TYPE,_Test_IterMulti,_Test_IterMulti,_Test_IterMulti
94148,TYPE,_Test_IterMultiWithDelete,_Test_IterMultiWithDelete,_Test_IterMultiWithDelete
94149,TYPE,_Test_IterSingle,_Test_IterSingle,_Test_IterSingle
94150,TYPE,_Test_IterSmallAndLargeMix,_Test_IterSmallAndLargeMix,_Test_IterSmallAndLargeMix
94151,TYPE,_Test_IteratorPinsRef,_Test_IteratorPinsRef,_Test_IteratorPinsRef
94152,TYPE,_Test_L0_CompactionBug_Issue44_a,_Test_L0_CompactionBug_Issue44_a,_Test_L0_CompactionBug_Issue44_a
94153,TYPE,_Test_L0_CompactionBug_Issue44_b,_Test_L0_CompactionBug_Issue44_b,_Test_L0_CompactionBug_Issue44_b
94154,TYPE,_Test_LargeManifestCompacted,_Test_LargeManifestCompacted,_Test_LargeManifestCompacted
94155,TYPE,_Test_LargeWrite,_Test_LargeWrite,_Test_LargeWrite
94156,TYPE,_Test_Locking,_Test_Locking,_Test_Locking
94157,TYPE,_Test_Locks,_Test_Locks,_Test_Locks
94158,TYPE,_Test_LogFileReuse,_Test_LogFileReuse,_Test_LogFileReuse
94159,TYPE,_Test_ManifestReused,_Test_ManifestReused,_Test_ManifestReused
94160,TYPE,_Test_ManifestWriteError,_Test_ManifestWriteError,_Test_ManifestWriteError
94161,TYPE,_Test_ManualCompaction,_Test_ManualCompaction,_Test_ManualCompaction
94162,TYPE,_Test_ManyBlocks,_Test_ManyBlocks,_Test_ManyBlocks
94163,TYPE,_Test_MarginalTrailer,_Test_MarginalTrailer,_Test_MarginalTrailer
94164,TYPE,_Test_MarginalTrailer2,_Test_MarginalTrailer2,_Test_MarginalTrailer2
94165,TYPE,_Test_Mask,_Test_Mask,_Test_Mask
94166,TYPE,_Test_MinorCompactionsHappen,_Test_MinorCompactionsHappen,_Test_MinorCompactionsHappen
94167,TYPE,_Test_Misc,_Test_Misc,_Test_Misc
94168,TYPE,_Test_MissingDescriptor,_Test_MissingDescriptor,_Test_MissingDescriptor
94169,TYPE,_Test_MissingLastIsIgnored,_Test_MissingLastIsIgnored,_Test_MissingLastIsIgnored
94170,TYPE,_Test_MissingSSTFile,_Test_MissingSSTFile,_Test_MissingSSTFile
94171,TYPE,_Test_MultiChunk,_Test_MultiChunk,_Test_MultiChunk
94172,TYPE,_Test_MultiThreaded,_Test_MultiThreaded,_Test_MultiThreaded
94173,TYPE,_Test_Multiple,_Test_Multiple,_Test_Multiple
94174,TYPE,_Test_MultipleLogFiles,_Test_MultipleLogFiles,_Test_MultipleLogFiles
94175,TYPE,_Test_MultipleMemTables,_Test_MultipleMemTables,_Test_MultipleMemTables
94176,TYPE,_Test_MultipleNullBoundaries,_Test_MultipleNullBoundaries,_Test_MultipleNullBoundaries
94177,TYPE,_Test_NewFileErrorDuringWrite,_Test_NewFileErrorDuringWrite,_Test_NewFileErrorDuringWrite
94178,TYPE,_Test_NewId,_Test_NewId,_Test_NewId
94179,TYPE,_Test_NoLogFiles,_Test_NoLogFiles,_Test_NoLogFiles
94180,TYPE,_Test_NoSpace,_Test_NoSpace,_Test_NoSpace
94181,TYPE,_Test_NonWritableFileSystem,_Test_NonWritableFileSystem,_Test_NonWritableFileSystem
94182,TYPE,_Test_OpenForAppend,_Test_OpenForAppend,_Test_OpenForAppend
94183,TYPE,_Test_OverlapInLevel0,_Test_OverlapInLevel0,_Test_OverlapInLevel0
94184,TYPE,_Test_OverlapSequenceChecks,_Test_OverlapSequenceChecks,_Test_OverlapSequenceChecks
94185,TYPE,_Test_OverlappingFiles,_Test_OverlappingFiles,_Test_OverlappingFiles
94186,TYPE,_Test_Parse,_Test_Parse,_Test_Parse
94187,TYPE,_Test_PartialLastIsIgnored,_Test_PartialLastIsIgnored,_Test_PartialLastIsIgnored
94188,TYPE,_Test_Prune,_Test_Prune,_Test_Prune
94189,TYPE,_Test_PutDeleteGet,_Test_PutDeleteGet,_Test_PutDeleteGet
94190,TYPE,_Test_RandomRead,_Test_RandomRead,_Test_RandomRead
94191,TYPE,_Test_Randomized,_Test_Randomized,_Test_Randomized
94192,TYPE,_Test_RandomizedLongDB,_Test_RandomizedLongDB,_Test_RandomizedLongDB
94193,TYPE,_Test_ReadAll,_Test_ReadAll,_Test_ReadAll
94194,TYPE,_Test_ReadEnd,_Test_ReadEnd,_Test_ReadEnd
94195,TYPE,_Test_ReadError,_Test_ReadError,_Test_ReadError
94196,TYPE,_Test_ReadFourthFirstBlockTrailer,_Test_ReadFourthFirstBlockTrailer,_Test_ReadFourthFirstBlockTrailer
94197,TYPE,_Test_ReadFourthLastBlock,_Test_ReadFourthLastBlock,_Test_ReadFourthLastBlock
94198,TYPE,_Test_ReadFourthMiddleBlock,_Test_ReadFourthMiddleBlock,_Test_ReadFourthMiddleBlock
94199,TYPE,_Test_ReadFourthOneOff,_Test_ReadFourthOneOff,_Test_ReadFourthOneOff
94200,TYPE,_Test_ReadFourthStart,_Test_ReadFourthStart,_Test_ReadFourthStart
94201,TYPE,_Test_ReadHalf,_Test_ReadHalf,_Test_ReadHalf
94202,TYPE,_Test_ReadInitialOffsetIntoBlockPadding,_Test_ReadInitialOffsetIntoBlockPadding,_Test_ReadInitialOffsetIntoBlockPadding
94203,TYPE,_Test_ReadPastEnd,_Test_ReadPastEnd,_Test_ReadPastEnd
94204,TYPE,_Test_ReadSecondOneOff,_Test_ReadSecondOneOff,_Test_ReadSecondOneOff
94205,TYPE,_Test_ReadSecondStart,_Test_ReadSecondStart,_Test_ReadSecondStart
94206,TYPE,_Test_ReadSecondTenThousand,_Test_ReadSecondTenThousand,_Test_ReadSecondTenThousand
94207,TYPE,_Test_ReadStart,_Test_ReadStart,_Test_ReadStart
94208,TYPE,_Test_ReadThirdOneOff,_Test_ReadThirdOneOff,_Test_ReadThirdOneOff
94209,TYPE,_Test_ReadThirdStart,_Test_ReadThirdStart,_Test_ReadThirdStart
94210,TYPE,_Test_ReadWrite,_Test_ReadWrite,_Test_ReadWrite
94211,TYPE,_Test_Recover,_Test_Recover,_Test_Recover
94212,TYPE,_Test_RecoverDuringMemtableCompaction,_Test_RecoverDuringMemtableCompaction,_Test_RecoverDuringMemtableCompaction
94213,TYPE,_Test_RecoverWithLargeLog,_Test_RecoverWithLargeLog,_Test_RecoverWithLargeLog
94214,TYPE,_Test_RecoverWriteError,_Test_RecoverWriteError,_Test_RecoverWriteError
94215,TYPE,_Test_Recovery,_Test_Recovery,_Test_Recovery
94216,TYPE,_Test_RecoveryWithEmptyLog,_Test_RecoveryWithEmptyLog,_Test_RecoveryWithEmptyLog
94217,TYPE,_Test_RepeatedWritesToSameKey,_Test_RepeatedWritesToSameKey,_Test_RepeatedWritesToSameKey
94218,TYPE,_Test_RunImmediately,_Test_RunImmediately,_Test_RunImmediately
94219,TYPE,_Test_RunMany,_Test_RunMany,_Test_RunMany
94220,TYPE,_Test_SequenceNumberRecovery,_Test_SequenceNumberRecovery,_Test_SequenceNumberRecovery
94221,TYPE,_Test_ShortTrailer,_Test_ShortTrailer,_Test_ShortTrailer
94222,TYPE,_Test_SignedUnsignedIssue,_Test_SignedUnsignedIssue,_Test_SignedUnsignedIssue
94223,TYPE,_Test_Simple,_Test_Simple,_Test_Simple
94224,TYPE,_Test_SimpleEmptyKey,_Test_SimpleEmptyKey,_Test_SimpleEmptyKey
94225,TYPE,_Test_SimpleMulti,_Test_SimpleMulti,_Test_SimpleMulti
94226,TYPE,_Test_SimpleSingle,_Test_SimpleSingle,_Test_SimpleSingle
94227,TYPE,_Test_SimpleSpecialKey,_Test_SimpleSpecialKey,_Test_SimpleSpecialKey
94228,TYPE,_Test_Single,_Test_Single,_Test_Single
94229,TYPE,_Test_SingleChunk,_Test_SingleChunk,_Test_SingleChunk
94230,TYPE,_Test_SkipIntoMultiRecord,_Test_SkipIntoMultiRecord,_Test_SkipIntoMultiRecord
94231,TYPE,_Test_Small,_Test_Small,_Test_Small
94232,TYPE,_Test_Snapshot,_Test_Snapshot,_Test_Snapshot
94233,TYPE,_Test_SparseMerge,_Test_SparseMerge,_Test_SparseMerge
94234,TYPE,_Test_StandardResults,_Test_StandardResults,_Test_StandardResults
94235,TYPE,_Test_StartThread,_Test_StartThread,_Test_StartThread
94236,TYPE,_Test_StillReadSST,_Test_StillReadSST,_Test_StillReadSST
94237,TYPE,_Test_Strings,_Test_Strings,_Test_Strings
94238,TYPE,_Test_TableFile,_Test_TableFile,_Test_TableFile
94239,TYPE,_Test_TableFileIndexData,_Test_TableFileIndexData,_Test_TableFileIndexData
94240,TYPE,_Test_TableFileRepair,_Test_TableFileRepair,_Test_TableFileRepair
94241,TYPE,_Test_Test,_Test_Test,_Test_Test
94242,TYPE,_Test_TestOpenOnRead,_Test_TestOpenOnRead,_Test_TestOpenOnRead
94243,TYPE,_Test_TruncatedTrailingRecordIsIgnored,_Test_TruncatedTrailingRecordIsIgnored,_Test_TruncatedTrailingRecordIsIgnored
94244,TYPE,_Test_UnexpectedFirstType,_Test_UnexpectedFirstType,_Test_UnexpectedFirstType
94245,TYPE,_Test_UnexpectedFullType,_Test_UnexpectedFullType,_Test_UnexpectedFullType
94246,TYPE,_Test_UnexpectedLastType,_Test_UnexpectedLastType,_Test_UnexpectedLastType
94247,TYPE,_Test_UnexpectedMiddleType,_Test_UnexpectedMiddleType,_Test_UnexpectedMiddleType
94248,TYPE,_Test_UnrelatedKeys,_Test_UnrelatedKeys,_Test_UnrelatedKeys
94249,TYPE,_Test_UseExceedsCacheSize,_Test_UseExceedsCacheSize,_Test_UseExceedsCacheSize
94250,TYPE,_Test_Values,_Test_Values,_Test_Values
94251,TYPE,_Test_Varint32,_Test_Varint32,_Test_Varint32
94252,TYPE,_Test_Varint32Overflow,_Test_Varint32Overflow,_Test_Varint32Overflow
94253,TYPE,_Test_Varint32Truncation,_Test_Varint32Truncation,_Test_Varint32Truncation
94254,TYPE,_Test_Varint64,_Test_Varint64,_Test_Varint64
94255,TYPE,_Test_Varint64Overflow,_Test_Varint64Overflow,_Test_Varint64Overflow
94256,TYPE,_Test_Varint64Truncation,_Test_Varint64Truncation,_Test_Varint64Truncation
94257,TYPE,_Test_VaryingLengths,_Test_VaryingLengths,_Test_VaryingLengths
94258,TYPE,_Test_WriteSyncError,_Test_WriteSyncError,_Test_WriteSyncError
94259,TYPE,_Test_ZeroRestartPointsInBlock,_Test_ZeroRestartPointsInBlock,_Test_ZeroRestartPointsInBlock
94260,TYPE,anonymous_enum_0,anonymous_enum_0,anonymous_enum_0
94261,TYPE,anonymous_namespace_4.Issue178,Issue178,anonymous_namespace_4.Issue178
94262,TYPE,anonymous_namespace_5._Test_Test,_Test_Test,anonymous_namespace_5._Test_Test
94263,TYPE,bool,bool,bool
94264,TYPE,"bool (char , char , void ()())","bool (char , char , void ()())","bool (char , char , void ()())"
94265,TYPE,bool*,bool*,bool*
94266,TYPE,char,char,char
94267,TYPE,char*,char*,char*
94268,TYPE,char**,char**,char**
94269,TYPE,char[100],char[100],char[100]
94270,TYPE,char[10],char[10],char[10]
94271,TYPE,char[11],char[11],char[11]
94272,TYPE,char[124],char[124],char[124]
94273,TYPE,char[12],char[12],char[12]
94274,TYPE,char[13],char[13],char[13]
94275,TYPE,char[146],char[146],char[146]
94276,TYPE,char[14],char[14],char[14]
94277,TYPE,char[1500],char[1500],char[1500]
94278,TYPE,char[15],char[15],char[15]
94279,TYPE,char[162],char[162],char[162]
94280,TYPE,char[16],char[16],char[16]
94281,TYPE,char[172],char[172],char[172]
94282,TYPE,char[17],char[17],char[17]
94283,TYPE,char[18],char[18],char[18]
94284,TYPE,char[19],char[19],char[19]
94285,TYPE,char[1],char[1],char[1]
94286,TYPE,char[200],char[200],char[200]
94287,TYPE,char[20],char[20],char[20]
94288,TYPE,char[21],char[21],char[21]
94289,TYPE,char[22],char[22],char[22]
94290,TYPE,char[23],char[23],char[23]
94291,TYPE,char[24],char[24],char[24]
94292,TYPE,char[25],char[25],char[25]
94293,TYPE,char[26],char[26],char[26]
94294,TYPE,char[27],char[27],char[27]
94295,TYPE,char[28],char[28],char[28]
94296,TYPE,char[29],char[29],char[29]
94297,TYPE,char[2],char[2],char[2]
94298,TYPE,char[30],char[30],char[30]
94299,TYPE,char[31],char[31],char[31]
94300,TYPE,char[32],char[32],char[32]
94301,TYPE,char[33],char[33],char[33]
94302,TYPE,char[34],char[34],char[34]
94303,TYPE,char[35],char[35],char[35]
94304,TYPE,char[36],char[36],char[36]
94305,TYPE,char[37],char[37],char[37]
94306,TYPE,char[38],char[38],char[38]
94307,TYPE,char[39],char[39],char[39]
94308,TYPE,char[3],char[3],char[3]
94309,TYPE,char[40],char[40],char[40]
94310,TYPE,char[41],char[41],char[41]
94311,TYPE,char[42],char[42],char[42]
94312,TYPE,char[43],char[43],char[43]
94313,TYPE,char[44],char[44],char[44]
94314,TYPE,char[45],char[45],char[45]
94315,TYPE,char[46],char[46],char[46]
94316,TYPE,char[47],char[47],char[47]
94317,TYPE,char[48],char[48],char[48]
94318,TYPE,char[49],char[49],char[49]
94319,TYPE,char[4],char[4],char[4]
94320,TYPE,char[500],char[500],char[500]
94321,TYPE,char[50],char[50],char[50]
94322,TYPE,char[51],char[51],char[51]
94323,TYPE,char[52],char[52],char[52]
94324,TYPE,char[53],char[53],char[53]
94325,TYPE,char[54],char[54],char[54]
94326,TYPE,char[55],char[55],char[55]
94327,TYPE,char[56],char[56],char[56]
94328,TYPE,char[57],char[57],char[57]
94329,TYPE,char[58],char[58],char[58]
94330,TYPE,char[59],char[59],char[59]
94331,TYPE,char[5],char[5],char[5]
94332,TYPE,char[60],char[60],char[60]
94333,TYPE,char[61],char[61],char[61]
94334,TYPE,char[62],char[62],char[62]
94335,TYPE,char[63],char[63],char[63]
94336,TYPE,char[64],char[64],char[64]
94337,TYPE,char[65],char[65],char[65]
94338,TYPE,char[68],char[68],char[68]
94339,TYPE,char[6],char[6],char[6]
94340,TYPE,char[75],char[75],char[75]
94341,TYPE,char[78],char[78],char[78]
94342,TYPE,char[7],char[7],char[7]
94343,TYPE,char[82],char[82],char[82]
94344,TYPE,char[8],char[8],char[8]
94345,TYPE,char[92],char[92],char[92]
94346,TYPE,char[93],char[93],char[93]
94347,TYPE,char[9],char[9],char[9]
94348,TYPE,char[],char[],char[]
94349,TYPE,config,config,config
94350,TYPE,const char*,const char*,const char*
94351,TYPE,crc32c,crc32c,crc32c
94352,TYPE,dirent*,dirent*,dirent*
94353,TYPE,double,double,double
94354,TYPE,double[154],double[154],double[154]
94355,TYPE,explicit,explicit,explicit
94356,TYPE,fflush,fflush,fflush
94357,TYPE,flock,flock,flock
94358,TYPE,int,int,int
94359,TYPE,int (),int (),int ()
94360,TYPE,int*,int*,int*
94361,TYPE,int16_t,int16_t,int16_t
94362,TYPE,int32_t,int32_t,int32_t
94363,TYPE,int64_t,int64_t,int64_t
94364,TYPE,int8_t,int8_t,int8_t
94365,TYPE,intptr_t,intptr_t,intptr_t
94366,TYPE,kBlockSize,kBlockSize,kBlockSize
94367,TYPE,kCorruption,kCorruption,kCorruption
94368,TYPE,kIOError,kIOError,kIOError
94369,TYPE,kInvalidArgument,kInvalidArgument,kInvalidArgument
94370,TYPE,kMaxHeight,kMaxHeight,kMaxHeight
94371,TYPE,kNotFound,kNotFound,kNotFound
94372,TYPE,kNotSupported,kNotSupported,kNotSupported
94373,TYPE,kyotocabinet,kyotocabinet,kyotocabinet
94374,TYPE,leveldb,leveldb,leveldb
94375,TYPE,leveldb.Arena,Arena,leveldb.Arena
94376,TYPE,leveldb.ArenaTest,ArenaTest,leveldb.ArenaTest
94377,TYPE,leveldb.AutoCompactTest,AutoCompactTest,leveldb.AutoCompactTest
94378,TYPE,leveldb.Benchmark,Benchmark,leveldb.Benchmark
94379,TYPE,leveldb.Benchmark.DBState,DBState,leveldb.Benchmark.DBState
94380,TYPE,leveldb.Benchmark.Order,Order,leveldb.Benchmark.Order
94381,TYPE,leveldb.Benchmark.ThreadArg,ThreadArg,leveldb.Benchmark.ThreadArg
94382,TYPE,leveldb.Block,Block,leveldb.Block
94383,TYPE,leveldb.Block.Iter,Iter,leveldb.Block.Iter
94384,TYPE,leveldb.BlockBuilder,BlockBuilder,leveldb.BlockBuilder
94385,TYPE,leveldb.BlockConstructor,BlockConstructor,leveldb.BlockConstructor
94386,TYPE,leveldb.BlockContents,BlockContents,leveldb.BlockContents
94387,TYPE,leveldb.BlockHandle,BlockHandle,leveldb.BlockHandle
94388,TYPE,leveldb.BlockHandle.anonymous_enum_0,anonymous_enum_0,leveldb.BlockHandle.anonymous_enum_0
94389,TYPE,leveldb.BloomTest,BloomTest,leveldb.BloomTest
94390,TYPE,leveldb.Builder,Builder,leveldb.Builder
94391,TYPE,leveldb.Builder.BySmallestKey,BySmallestKey,leveldb.Builder.BySmallestKey
94392,TYPE,leveldb.Builder.LevelState,LevelState,leveldb.Builder.LevelState
94393,TYPE,leveldb.Cache,Cache,leveldb.Cache
94394,TYPE,leveldb.Cache.Handle,Handle,leveldb.Cache.Handle
94395,TYPE,leveldb.Cache.Rep,Rep,leveldb.Cache.Rep
94396,TYPE,leveldb.CacheTest,CacheTest,leveldb.CacheTest
94397,TYPE,leveldb.Coding,Coding,leveldb.Coding
94398,TYPE,leveldb.Compaction,Compaction,leveldb.Compaction
94399,TYPE,leveldb.Compaction.Version,Version,leveldb.Compaction.Version
94400,TYPE,leveldb.Compaction.VersionSet,VersionSet,leveldb.Compaction.VersionSet
94401,TYPE,leveldb.CompactionState,CompactionState,leveldb.CompactionState
94402,TYPE,leveldb.CompactionState.Output,Output,leveldb.CompactionState.Output
94403,TYPE,leveldb.Comparator,Comparator,leveldb.Comparator
94404,TYPE,leveldb.CompressionType,CompressionType,leveldb.CompressionType
94405,TYPE,leveldb.ConcurrentTest,ConcurrentTest,leveldb.ConcurrentTest
94406,TYPE,leveldb.ConcurrentTest.State,State,leveldb.ConcurrentTest.State
94407,TYPE,leveldb.Constructor,Constructor,leveldb.Constructor
94408,TYPE,leveldb.CorruptionTest,CorruptionTest,leveldb.CorruptionTest
94409,TYPE,leveldb.DB,DB,leveldb.DB
94410,TYPE,leveldb.DBConstructor,DBConstructor,leveldb.DBConstructor
94411,TYPE,leveldb.DBImpl,DBImpl,leveldb.DBImpl
94412,TYPE,leveldb.DBImpl.CompactionState,CompactionState,leveldb.DBImpl.CompactionState
94413,TYPE,leveldb.DBImpl.CompactionStats,CompactionStats,leveldb.DBImpl.CompactionStats
94414,TYPE,leveldb.DBImpl.DB,DB,leveldb.DBImpl.DB
94415,TYPE,leveldb.DBImpl.ManualCompaction,ManualCompaction,leveldb.DBImpl.ManualCompaction
94416,TYPE,leveldb.DBImpl.Writer,Writer,leveldb.DBImpl.Writer
94417,TYPE,leveldb.DBTest,DBTest,leveldb.DBTest
94418,TYPE,leveldb.DBTest.OptionConfig,OptionConfig,leveldb.DBTest.OptionConfig
94419,TYPE,leveldb.Env,Env,leveldb.Env
94420,TYPE,leveldb.EnvPosixTest,EnvPosixTest,leveldb.EnvPosixTest
94421,TYPE,leveldb.EnvPosixTestHelper,EnvPosixTestHelper,leveldb.EnvPosixTestHelper
94422,TYPE,leveldb.EnvPosixTestHelper.EnvPosixTest,EnvPosixTest,leveldb.EnvPosixTestHelper.EnvPosixTest
94423,TYPE,leveldb.EnvTest,EnvTest,leveldb.EnvTest
94424,TYPE,leveldb.EnvWrapper,EnvWrapper,leveldb.EnvWrapper
94425,TYPE,leveldb.FaultInjectionTest,FaultInjectionTest,leveldb.FaultInjectionTest
94426,TYPE,leveldb.FaultInjectionTest.ExpectedVerifResult,ExpectedVerifResult,leveldb.FaultInjectionTest.ExpectedVerifResult
94427,TYPE,leveldb.FaultInjectionTest.ResetMethod,ResetMethod,leveldb.FaultInjectionTest.ResetMethod
94428,TYPE,leveldb.FaultInjectionTestEnv,FaultInjectionTestEnv,leveldb.FaultInjectionTestEnv
94429,TYPE,leveldb.FileLock,FileLock,leveldb.FileLock
94430,TYPE,leveldb.FileMetaData,FileMetaData,leveldb.FileMetaData
94431,TYPE,leveldb.FileNameTest,FileNameTest,leveldb.FileNameTest
94432,TYPE,leveldb.FileType,FileType,leveldb.FileType
94433,TYPE,leveldb.FilterBlockBuilder,FilterBlockBuilder,leveldb.FilterBlockBuilder
94434,TYPE,leveldb.FilterBlockReader,FilterBlockReader,leveldb.FilterBlockReader
94435,TYPE,leveldb.FilterBlockTest,FilterBlockTest,leveldb.FilterBlockTest
94436,TYPE,leveldb.FilterPolicy,FilterPolicy,leveldb.FilterPolicy
94437,TYPE,leveldb.FindFileTest,FindFileTest,leveldb.FindFileTest
94438,TYPE,leveldb.Footer,Footer,leveldb.Footer
94439,TYPE,leveldb.Footer.anonymous_enum_1,anonymous_enum_1,leveldb.Footer.anonymous_enum_1
94440,TYPE,leveldb.FormatTest,FormatTest,leveldb.FormatTest
94441,TYPE,leveldb.HASH,HASH,leveldb.HASH
94442,TYPE,leveldb.Harness,Harness,leveldb.Harness
94443,TYPE,leveldb.Histogram,Histogram,leveldb.Histogram
94444,TYPE,leveldb.Histogram.anonymous_enum_0,anonymous_enum_0,leveldb.Histogram.anonymous_enum_0
94445,TYPE,leveldb.InternalFilterPolicy,InternalFilterPolicy,leveldb.InternalFilterPolicy
94446,TYPE,leveldb.InternalKey,InternalKey,leveldb.InternalKey
94447,TYPE,leveldb.InternalKeyComparator,InternalKeyComparator,leveldb.InternalKeyComparator
94448,TYPE,leveldb.Issue200,Issue200,leveldb.Issue200
94449,TYPE,leveldb.Iter,Iter,leveldb.Iter
94450,TYPE,leveldb.Iterator,Iterator,leveldb.Iterator
94451,TYPE,leveldb.Iterator.Cleanup,Cleanup,leveldb.Iterator.Cleanup
94452,TYPE,leveldb.IteratorWrapper,IteratorWrapper,leveldb.IteratorWrapper
94453,TYPE,leveldb.KeyConvertingIterator,KeyConvertingIterator,leveldb.KeyConvertingIterator
94454,TYPE,leveldb.LevelFileNumIterator,LevelFileNumIterator,leveldb.LevelFileNumIterator
94455,TYPE,leveldb.Logger,Logger,leveldb.Logger
94456,TYPE,leveldb.LookupKey,LookupKey,leveldb.LookupKey
94457,TYPE,leveldb.MemEnvTest,MemEnvTest,leveldb.MemEnvTest
94458,TYPE,leveldb.MemTable,MemTable,leveldb.MemTable
94459,TYPE,leveldb.MemTable.KeyComparator,KeyComparator,leveldb.MemTable.KeyComparator
94460,TYPE,leveldb.MemTable.MemTableBackwardIterator,MemTableBackwardIterator,leveldb.MemTable.MemTableBackwardIterator
94461,TYPE,leveldb.MemTable.MemTableIterator,MemTableIterator,leveldb.MemTable.MemTableIterator
94462,TYPE,leveldb.MemTableConstructor,MemTableConstructor,leveldb.MemTableConstructor
94463,TYPE,leveldb.MemTableIterator,MemTableIterator,leveldb.MemTableIterator
94464,TYPE,leveldb.MemTableTest,MemTableTest,leveldb.MemTableTest
94465,TYPE,leveldb.ModelDB,ModelDB,leveldb.ModelDB
94466,TYPE,leveldb.ModelDB.ModelIter,ModelIter,leveldb.ModelDB.ModelIter
94467,TYPE,leveldb.ModelDB.ModelSnapshot,ModelSnapshot,leveldb.ModelDB.ModelSnapshot
94468,TYPE,leveldb.Mutex,Mutex,leveldb.Mutex
94469,TYPE,leveldb.MutexLock,MutexLock,leveldb.MutexLock
94470,TYPE,leveldb.Node,Node,leveldb.Node
94471,TYPE,"leveldb.Node<Key,Comparator>","Node<Key,Comparator>","leveldb.Node<Key,Comparator>"
94472,TYPE,leveldb.Options,Options,leveldb.Options
94473,TYPE,leveldb.ParsedInternalKey,ParsedInternalKey,leveldb.ParsedInternalKey
94474,TYPE,leveldb.PosixLogger,PosixLogger,leveldb.PosixLogger
94475,TYPE,leveldb.Random,Random,leveldb.Random
94476,TYPE,leveldb.RandomAccessFile,RandomAccessFile,leveldb.RandomAccessFile
94477,TYPE,leveldb.Range,Range,leveldb.Range
94478,TYPE,leveldb.ReadOptions,ReadOptions,leveldb.ReadOptions
94479,TYPE,leveldb.RecoveryTest,RecoveryTest,leveldb.RecoveryTest
94480,TYPE,leveldb.Rep,Rep,leveldb.Rep
94481,TYPE,leveldb.SequentialFile,SequentialFile,leveldb.SequentialFile
94482,TYPE,leveldb.SkipList,SkipList,leveldb.SkipList
94483,TYPE,leveldb.SkipList.Iterator,Iterator,leveldb.SkipList.Iterator
94484,TYPE,leveldb.SkipList.Node,Node,leveldb.SkipList.Node
94485,TYPE,leveldb.SkipList.anonymous_enum_0,anonymous_enum_0,leveldb.SkipList.anonymous_enum_0
94486,TYPE,"leveldb.SkipList<Key,Comparator>","SkipList<Key,Comparator>","leveldb.SkipList<Key,Comparator>"
94487,TYPE,leveldb.SkipTest,SkipTest,leveldb.SkipTest
94488,TYPE,leveldb.Slice,Slice,leveldb.Slice
94489,TYPE,leveldb.Snapshot,Snapshot,leveldb.Snapshot
94490,TYPE,leveldb.SnapshotImpl,SnapshotImpl,leveldb.SnapshotImpl
94491,TYPE,leveldb.SnapshotImpl.SnapshotList,SnapshotList,leveldb.SnapshotImpl.SnapshotList
94492,TYPE,leveldb.SnapshotList,SnapshotList,leveldb.SnapshotList
94493,TYPE,leveldb.SpecialEnv,SpecialEnv,leveldb.SpecialEnv
94494,TYPE,leveldb.State,State,leveldb.State
94495,TYPE,leveldb.Status,Status,leveldb.Status
94496,TYPE,leveldb.Status.Code,Code,leveldb.Status.Code
94497,TYPE,leveldb.StringSink,StringSink,leveldb.StringSink
94498,TYPE,leveldb.StringSource,StringSource,leveldb.StringSource
94499,TYPE,leveldb.Table,Table,leveldb.Table
94500,TYPE,leveldb.Table.Rep,Rep,leveldb.Table.Rep
94501,TYPE,leveldb.Table.TableCache,TableCache,leveldb.Table.TableCache
94502,TYPE,leveldb.TableAndFile,TableAndFile,leveldb.TableAndFile
94503,TYPE,leveldb.TableBuilder,TableBuilder,leveldb.TableBuilder
94504,TYPE,leveldb.TableBuilder.Rep,Rep,leveldb.TableBuilder.Rep
94505,TYPE,leveldb.TableCache,TableCache,leveldb.TableCache
94506,TYPE,leveldb.TableConstructor,TableConstructor,leveldb.TableConstructor
94507,TYPE,leveldb.TableTest,TableTest,leveldb.TableTest
94508,TYPE,leveldb.Tag,Tag,leveldb.Tag
94509,TYPE,leveldb.TestArgs,TestArgs,leveldb.TestArgs
94510,TYPE,leveldb.TestHashFilter,TestHashFilter,leveldb.TestHashFilter
94511,TYPE,leveldb.TestState,TestState,leveldb.TestState
94512,TYPE,leveldb.TestState.ReaderState,ReaderState,leveldb.TestState.ReaderState
94513,TYPE,leveldb.TestType,TestType,leveldb.TestType
94514,TYPE,leveldb.TestWritableFile,TestWritableFile,leveldb.TestWritableFile
94515,TYPE,leveldb.ValueType,ValueType,leveldb.ValueType
94516,TYPE,leveldb.Version,Version,leveldb.Version
94517,TYPE,leveldb.Version.Compaction,Compaction,leveldb.Version.Compaction
94518,TYPE,leveldb.Version.GetStats,GetStats,leveldb.Version.GetStats
94519,TYPE,leveldb.Version.LevelFileNumIterator,LevelFileNumIterator,leveldb.Version.LevelFileNumIterator
94520,TYPE,leveldb.Version.VersionSet,VersionSet,leveldb.Version.VersionSet
94521,TYPE,leveldb.VersionEdit,VersionEdit,leveldb.VersionEdit
94522,TYPE,leveldb.VersionEdit.VersionSet,VersionSet,leveldb.VersionEdit.VersionSet
94523,TYPE,leveldb.VersionEditTest,VersionEditTest,leveldb.VersionEditTest
94524,TYPE,leveldb.VersionSet,VersionSet,leveldb.VersionSet
94525,TYPE,leveldb.VersionSet.Builder,Builder,leveldb.VersionSet.Builder
94526,TYPE,leveldb.VersionSet.Compaction,Compaction,leveldb.VersionSet.Compaction
94527,TYPE,leveldb.VersionSet.LevelSummaryStorage,LevelSummaryStorage,leveldb.VersionSet.LevelSummaryStorage
94528,TYPE,leveldb.VersionSet.Version,Version,leveldb.VersionSet.Version
94529,TYPE,leveldb.WritableFile,WritableFile,leveldb.WritableFile
94530,TYPE,leveldb.WriteBatch,WriteBatch,leveldb.WriteBatch
94531,TYPE,leveldb.WriteBatch.Handler,Handler,leveldb.WriteBatch.Handler
94532,TYPE,leveldb.WriteBatch.WriteBatchInternal,WriteBatchInternal,leveldb.WriteBatch.WriteBatchInternal
94533,TYPE,leveldb.WriteBatchInternal,WriteBatchInternal,leveldb.WriteBatchInternal
94534,TYPE,leveldb.WriteBatchTest,WriteBatchTest,leveldb.WriteBatchTest
94535,TYPE,leveldb.WriteOptions,WriteOptions,leveldb.WriteOptions
94536,TYPE,leveldb.Writer,Writer,leveldb.Writer
94537,TYPE,leveldb._Test_Append,_Test_Append,leveldb._Test_Append
94538,TYPE,leveldb._Test_ApproximateOffsetOfCompressed,_Test_ApproximateOffsetOfCompressed,leveldb._Test_ApproximateOffsetOfCompressed
94539,TYPE,leveldb._Test_ApproximateOffsetOfPlain,_Test_ApproximateOffsetOfPlain,leveldb._Test_ApproximateOffsetOfPlain
94540,TYPE,leveldb._Test_ApproximateSizes,_Test_ApproximateSizes,leveldb._Test_ApproximateSizes
94541,TYPE,leveldb._Test_ApproximateSizes_MixOfSmallAndLarge,_Test_ApproximateSizes_MixOfSmallAndLarge,leveldb._Test_ApproximateSizes_MixOfSmallAndLarge
94542,TYPE,leveldb._Test_Basics,_Test_Basics,leveldb._Test_Basics
94543,TYPE,leveldb._Test_BloomFilter,_Test_BloomFilter,leveldb._Test_BloomFilter
94544,TYPE,leveldb._Test_CompactionInputError,_Test_CompactionInputError,leveldb._Test_CompactionInputError
94545,TYPE,leveldb._Test_CompactionInputErrorParanoid,_Test_CompactionInputErrorParanoid,leveldb._Test_CompactionInputErrorParanoid
94546,TYPE,leveldb._Test_CompactionsGenerateMultipleFiles,_Test_CompactionsGenerateMultipleFiles,leveldb._Test_CompactionsGenerateMultipleFiles
94547,TYPE,leveldb._Test_ComparatorCheck,_Test_ComparatorCheck,leveldb._Test_ComparatorCheck
94548,TYPE,leveldb._Test_Concurrent1,_Test_Concurrent1,leveldb._Test_Concurrent1
94549,TYPE,leveldb._Test_Concurrent2,_Test_Concurrent2,leveldb._Test_Concurrent2
94550,TYPE,leveldb._Test_Concurrent3,_Test_Concurrent3,leveldb._Test_Concurrent3
94551,TYPE,leveldb._Test_Concurrent4,_Test_Concurrent4,leveldb._Test_Concurrent4
94552,TYPE,leveldb._Test_Concurrent5,_Test_Concurrent5,leveldb._Test_Concurrent5
94553,TYPE,leveldb._Test_ConcurrentWithoutThreads,_Test_ConcurrentWithoutThreads,leveldb._Test_ConcurrentWithoutThreads
94554,TYPE,leveldb._Test_Construction,_Test_Construction,leveldb._Test_Construction
94555,TYPE,leveldb._Test_CorruptedDescriptor,_Test_CorruptedDescriptor,leveldb._Test_CorruptedDescriptor
94556,TYPE,leveldb._Test_Corruption,_Test_Corruption,leveldb._Test_Corruption
94557,TYPE,leveldb._Test_CustomComparator,_Test_CustomComparator,leveldb._Test_CustomComparator
94558,TYPE,leveldb._Test_DBOpen_Options,_Test_DBOpen_Options,leveldb._Test_DBOpen_Options
94559,TYPE,leveldb._Test_DBTest,_Test_DBTest,leveldb._Test_DBTest
94560,TYPE,leveldb._Test_DeletionMarkers1,_Test_DeletionMarkers1,leveldb._Test_DeletionMarkers1
94561,TYPE,leveldb._Test_DeletionMarkers2,_Test_DeletionMarkers2,leveldb._Test_DeletionMarkers2
94562,TYPE,leveldb._Test_Empty,_Test_Empty,leveldb._Test_Empty
94563,TYPE,leveldb._Test_EmptyBuilder,_Test_EmptyBuilder,leveldb._Test_EmptyBuilder
94564,TYPE,leveldb._Test_EmptyFilter,_Test_EmptyFilter,leveldb._Test_EmptyFilter
94565,TYPE,leveldb._Test_EncodeDecode,_Test_EncodeDecode,leveldb._Test_EncodeDecode
94566,TYPE,leveldb._Test_EncodingOutput,_Test_EncodingOutput,leveldb._Test_EncodingOutput
94567,TYPE,leveldb._Test_EntriesArePinned,_Test_EntriesArePinned,leveldb._Test_EntriesArePinned
94568,TYPE,leveldb._Test_Erase,_Test_Erase,leveldb._Test_Erase
94569,TYPE,leveldb._Test_EvictionPolicy,_Test_EvictionPolicy,leveldb._Test_EvictionPolicy
94570,TYPE,leveldb._Test_FaultTestNoLogReuse,_Test_FaultTestNoLogReuse,leveldb._Test_FaultTestNoLogReuse
94571,TYPE,leveldb._Test_FaultTestWithLogReuse,_Test_FaultTestWithLogReuse,leveldb._Test_FaultTestWithLogReuse
94572,TYPE,leveldb._Test_FilesDeletedAfterCompaction,_Test_FilesDeletedAfterCompaction,leveldb._Test_FilesDeletedAfterCompaction
94573,TYPE,leveldb._Test_Fixed32,_Test_Fixed32,leveldb._Test_Fixed32
94574,TYPE,leveldb._Test_Fixed64,_Test_Fixed64,leveldb._Test_Fixed64
94575,TYPE,leveldb._Test_GetEncountersEmptyLevel,_Test_GetEncountersEmptyLevel,leveldb._Test_GetEncountersEmptyLevel
94576,TYPE,leveldb._Test_GetFromImmutableLayer,_Test_GetFromImmutableLayer,leveldb._Test_GetFromImmutableLayer
94577,TYPE,leveldb._Test_GetFromVersions,_Test_GetFromVersions,leveldb._Test_GetFromVersions
94578,TYPE,leveldb._Test_GetLevel0Ordering,_Test_GetLevel0Ordering,leveldb._Test_GetLevel0Ordering
94579,TYPE,leveldb._Test_GetMemUsage,_Test_GetMemUsage,leveldb._Test_GetMemUsage
94580,TYPE,leveldb._Test_GetOrderedByLevels,_Test_GetOrderedByLevels,leveldb._Test_GetOrderedByLevels
94581,TYPE,leveldb._Test_GetPicksCorrectFile,_Test_GetPicksCorrectFile,leveldb._Test_GetPicksCorrectFile
94582,TYPE,leveldb._Test_GetSnapshot,_Test_GetSnapshot,leveldb._Test_GetSnapshot
94583,TYPE,leveldb._Test_HeavyEntries,_Test_HeavyEntries,leveldb._Test_HeavyEntries
94584,TYPE,leveldb._Test_HiddenValuesAreRemoved,_Test_HiddenValuesAreRemoved,leveldb._Test_HiddenValuesAreRemoved
94585,TYPE,leveldb._Test_HitAndMiss,_Test_HitAndMiss,leveldb._Test_HitAndMiss
94586,TYPE,leveldb._Test_InsertAndLookup,_Test_InsertAndLookup,leveldb._Test_InsertAndLookup
94587,TYPE,leveldb._Test_InternalKeyShortSeparator,_Test_InternalKeyShortSeparator,leveldb._Test_InternalKeyShortSeparator
94588,TYPE,leveldb._Test_InternalKeyShortestSuccessor,_Test_InternalKeyShortestSuccessor,leveldb._Test_InternalKeyShortestSuccessor
94589,TYPE,leveldb._Test_InternalKey_EncodeDecode,_Test_InternalKey_EncodeDecode,leveldb._Test_InternalKey_EncodeDecode
94590,TYPE,leveldb._Test_IterEmpty,_Test_IterEmpty,leveldb._Test_IterEmpty
94591,TYPE,leveldb._Test_IterMulti,_Test_IterMulti,leveldb._Test_IterMulti
94592,TYPE,leveldb._Test_IterMultiWithDelete,_Test_IterMultiWithDelete,leveldb._Test_IterMultiWithDelete
94593,TYPE,leveldb._Test_IterSingle,_Test_IterSingle,leveldb._Test_IterSingle
94594,TYPE,leveldb._Test_IterSmallAndLargeMix,_Test_IterSmallAndLargeMix,leveldb._Test_IterSmallAndLargeMix
94595,TYPE,leveldb._Test_IteratorPinsRef,_Test_IteratorPinsRef,leveldb._Test_IteratorPinsRef
94596,TYPE,leveldb._Test_L0_CompactionBug_Issue44_a,_Test_L0_CompactionBug_Issue44_a,leveldb._Test_L0_CompactionBug_Issue44_a
94597,TYPE,leveldb._Test_L0_CompactionBug_Issue44_b,_Test_L0_CompactionBug_Issue44_b,leveldb._Test_L0_CompactionBug_Issue44_b
94598,TYPE,leveldb._Test_LargeManifestCompacted,_Test_LargeManifestCompacted,leveldb._Test_LargeManifestCompacted
94599,TYPE,leveldb._Test_LargeWrite,_Test_LargeWrite,leveldb._Test_LargeWrite
94600,TYPE,leveldb._Test_Locking,_Test_Locking,leveldb._Test_Locking
94601,TYPE,leveldb._Test_Locks,_Test_Locks,leveldb._Test_Locks
94602,TYPE,leveldb._Test_LogFileReuse,_Test_LogFileReuse,leveldb._Test_LogFileReuse
94603,TYPE,leveldb._Test_ManifestReused,_Test_ManifestReused,leveldb._Test_ManifestReused
94604,TYPE,leveldb._Test_ManifestWriteError,_Test_ManifestWriteError,leveldb._Test_ManifestWriteError
94605,TYPE,leveldb._Test_ManualCompaction,_Test_ManualCompaction,leveldb._Test_ManualCompaction
94606,TYPE,leveldb._Test_MinorCompactionsHappen,_Test_MinorCompactionsHappen,leveldb._Test_MinorCompactionsHappen
94607,TYPE,leveldb._Test_Misc,_Test_Misc,leveldb._Test_Misc
94608,TYPE,leveldb._Test_MissingDescriptor,_Test_MissingDescriptor,leveldb._Test_MissingDescriptor
94609,TYPE,leveldb._Test_MissingSSTFile,_Test_MissingSSTFile,leveldb._Test_MissingSSTFile
94610,TYPE,leveldb._Test_MultiChunk,_Test_MultiChunk,leveldb._Test_MultiChunk
94611,TYPE,leveldb._Test_MultiThreaded,_Test_MultiThreaded,leveldb._Test_MultiThreaded
94612,TYPE,leveldb._Test_Multiple,_Test_Multiple,leveldb._Test_Multiple
94613,TYPE,leveldb._Test_MultipleLogFiles,_Test_MultipleLogFiles,leveldb._Test_MultipleLogFiles
94614,TYPE,leveldb._Test_MultipleMemTables,_Test_MultipleMemTables,leveldb._Test_MultipleMemTables
94615,TYPE,leveldb._Test_MultipleNullBoundaries,_Test_MultipleNullBoundaries,leveldb._Test_MultipleNullBoundaries
94616,TYPE,leveldb._Test_NewFileErrorDuringWrite,_Test_NewFileErrorDuringWrite,leveldb._Test_NewFileErrorDuringWrite
94617,TYPE,leveldb._Test_NewId,_Test_NewId,leveldb._Test_NewId
94618,TYPE,leveldb._Test_NoLogFiles,_Test_NoLogFiles,leveldb._Test_NoLogFiles
94619,TYPE,leveldb._Test_NoSpace,_Test_NoSpace,leveldb._Test_NoSpace
94620,TYPE,leveldb._Test_NonWritableFileSystem,_Test_NonWritableFileSystem,leveldb._Test_NonWritableFileSystem
94621,TYPE,leveldb._Test_OverlapInLevel0,_Test_OverlapInLevel0,leveldb._Test_OverlapInLevel0
94622,TYPE,leveldb._Test_OverlapSequenceChecks,_Test_OverlapSequenceChecks,leveldb._Test_OverlapSequenceChecks
94623,TYPE,leveldb._Test_OverlappingFiles,_Test_OverlappingFiles,leveldb._Test_OverlappingFiles
94624,TYPE,leveldb._Test_Parse,_Test_Parse,leveldb._Test_Parse
94625,TYPE,leveldb._Test_Prune,_Test_Prune,leveldb._Test_Prune
94626,TYPE,leveldb._Test_PutDeleteGet,_Test_PutDeleteGet,leveldb._Test_PutDeleteGet
94627,TYPE,leveldb._Test_Randomized,_Test_Randomized,leveldb._Test_Randomized
94628,TYPE,leveldb._Test_RandomizedLongDB,_Test_RandomizedLongDB,leveldb._Test_RandomizedLongDB
94629,TYPE,leveldb._Test_ReadAll,_Test_ReadAll,leveldb._Test_ReadAll
94630,TYPE,leveldb._Test_ReadHalf,_Test_ReadHalf,leveldb._Test_ReadHalf
94631,TYPE,leveldb._Test_ReadWrite,_Test_ReadWrite,leveldb._Test_ReadWrite
94632,TYPE,leveldb._Test_Recover,_Test_Recover,leveldb._Test_Recover
94633,TYPE,leveldb._Test_RecoverDuringMemtableCompaction,_Test_RecoverDuringMemtableCompaction,leveldb._Test_RecoverDuringMemtableCompaction
94634,TYPE,leveldb._Test_RecoverWithLargeLog,_Test_RecoverWithLargeLog,leveldb._Test_RecoverWithLargeLog
94635,TYPE,leveldb._Test_RecoverWriteError,_Test_RecoverWriteError,leveldb._Test_RecoverWriteError
94636,TYPE,leveldb._Test_Recovery,_Test_Recovery,leveldb._Test_Recovery
94637,TYPE,leveldb._Test_RecoveryWithEmptyLog,_Test_RecoveryWithEmptyLog,leveldb._Test_RecoveryWithEmptyLog
94638,TYPE,leveldb._Test_RepeatedWritesToSameKey,_Test_RepeatedWritesToSameKey,leveldb._Test_RepeatedWritesToSameKey
94639,TYPE,leveldb._Test_RunImmediately,_Test_RunImmediately,leveldb._Test_RunImmediately
94640,TYPE,leveldb._Test_RunMany,_Test_RunMany,leveldb._Test_RunMany
94641,TYPE,leveldb._Test_SequenceNumberRecovery,_Test_SequenceNumberRecovery,leveldb._Test_SequenceNumberRecovery
94642,TYPE,leveldb._Test_SignedUnsignedIssue,_Test_SignedUnsignedIssue,leveldb._Test_SignedUnsignedIssue
94643,TYPE,leveldb._Test_Simple,_Test_Simple,leveldb._Test_Simple
94644,TYPE,leveldb._Test_SimpleEmptyKey,_Test_SimpleEmptyKey,leveldb._Test_SimpleEmptyKey
94645,TYPE,leveldb._Test_SimpleMulti,_Test_SimpleMulti,leveldb._Test_SimpleMulti
94646,TYPE,leveldb._Test_SimpleSingle,_Test_SimpleSingle,leveldb._Test_SimpleSingle
94647,TYPE,leveldb._Test_SimpleSpecialKey,_Test_SimpleSpecialKey,leveldb._Test_SimpleSpecialKey
94648,TYPE,leveldb._Test_Single,_Test_Single,leveldb._Test_Single
94649,TYPE,leveldb._Test_SingleChunk,_Test_SingleChunk,leveldb._Test_SingleChunk
94650,TYPE,leveldb._Test_Small,_Test_Small,leveldb._Test_Small
94651,TYPE,leveldb._Test_Snapshot,_Test_Snapshot,leveldb._Test_Snapshot
94652,TYPE,leveldb._Test_SparseMerge,_Test_SparseMerge,leveldb._Test_SparseMerge
94653,TYPE,leveldb._Test_StartThread,_Test_StartThread,leveldb._Test_StartThread
94654,TYPE,leveldb._Test_StillReadSST,_Test_StillReadSST,leveldb._Test_StillReadSST
94655,TYPE,leveldb._Test_Strings,_Test_Strings,leveldb._Test_Strings
94656,TYPE,leveldb._Test_TableFile,_Test_TableFile,leveldb._Test_TableFile
94657,TYPE,leveldb._Test_TableFileIndexData,_Test_TableFileIndexData,leveldb._Test_TableFileIndexData
94658,TYPE,leveldb._Test_TableFileRepair,_Test_TableFileRepair,leveldb._Test_TableFileRepair
94659,TYPE,leveldb._Test_Test,_Test_Test,leveldb._Test_Test
94660,TYPE,leveldb._Test_TestOpenOnRead,_Test_TestOpenOnRead,leveldb._Test_TestOpenOnRead
94661,TYPE,leveldb._Test_UnrelatedKeys,_Test_UnrelatedKeys,leveldb._Test_UnrelatedKeys
94662,TYPE,leveldb._Test_UseExceedsCacheSize,_Test_UseExceedsCacheSize,leveldb._Test_UseExceedsCacheSize
94663,TYPE,leveldb._Test_Varint32,_Test_Varint32,leveldb._Test_Varint32
94664,TYPE,leveldb._Test_Varint32Overflow,_Test_Varint32Overflow,leveldb._Test_Varint32Overflow
94665,TYPE,leveldb._Test_Varint32Truncation,_Test_Varint32Truncation,leveldb._Test_Varint32Truncation
94666,TYPE,leveldb._Test_Varint64,_Test_Varint64,leveldb._Test_Varint64
94667,TYPE,leveldb._Test_Varint64Overflow,_Test_Varint64Overflow,leveldb._Test_Varint64Overflow
94668,TYPE,leveldb._Test_Varint64Truncation,_Test_Varint64Truncation,leveldb._Test_Varint64Truncation
94669,TYPE,leveldb._Test_VaryingLengths,_Test_VaryingLengths,leveldb._Test_VaryingLengths
94670,TYPE,leveldb._Test_WriteSyncError,_Test_WriteSyncError,leveldb._Test_WriteSyncError
94671,TYPE,leveldb._Test_ZeroRestartPointsInBlock,_Test_ZeroRestartPointsInBlock,leveldb._Test_ZeroRestartPointsInBlock
94672,TYPE,leveldb.anonymous_namespace_1.AtomicCounter,AtomicCounter,leveldb.anonymous_namespace_1.AtomicCounter
94673,TYPE,leveldb.anonymous_namespace_1.BytewiseComparatorImpl,BytewiseComparatorImpl,leveldb.anonymous_namespace_1.BytewiseComparatorImpl
94674,TYPE,leveldb.anonymous_namespace_1.DBIter,DBIter,leveldb.anonymous_namespace_1.DBIter
94675,TYPE,leveldb.anonymous_namespace_1.EmptyIterator,EmptyIterator,leveldb.anonymous_namespace_1.EmptyIterator
94676,TYPE,leveldb.anonymous_namespace_1.FileState,FileState,leveldb.anonymous_namespace_1.FileState
94677,TYPE,leveldb.anonymous_namespace_1.IterState,IterState,leveldb.anonymous_namespace_1.IterState
94678,TYPE,leveldb.anonymous_namespace_1.LRUHandle,LRUHandle,leveldb.anonymous_namespace_1.LRUHandle
94679,TYPE,leveldb.anonymous_namespace_1.MemTableInserter,MemTableInserter,leveldb.anonymous_namespace_1.MemTableInserter
94680,TYPE,leveldb.anonymous_namespace_1.MergingIterator,MergingIterator,leveldb.anonymous_namespace_1.MergingIterator
94681,TYPE,leveldb.anonymous_namespace_1.RandomGenerator,RandomGenerator,leveldb.anonymous_namespace_1.RandomGenerator
94682,TYPE,leveldb.anonymous_namespace_1.Repairer,Repairer,leveldb.anonymous_namespace_1.Repairer
94683,TYPE,leveldb.anonymous_namespace_1.ReverseKeyComparator,ReverseKeyComparator,leveldb.anonymous_namespace_1.ReverseKeyComparator
94684,TYPE,leveldb.anonymous_namespace_1.SaverState,SaverState,leveldb.anonymous_namespace_1.SaverState
94685,TYPE,leveldb.anonymous_namespace_1.StdoutPrinter,StdoutPrinter,leveldb.anonymous_namespace_1.StdoutPrinter
94686,TYPE,leveldb.anonymous_namespace_11.FileState.anonymous_enum_12,anonymous_enum_12,leveldb.anonymous_namespace_11.FileState.anonymous_enum_12
94687,TYPE,leveldb.anonymous_namespace_13.SequentialFileImpl,SequentialFileImpl,leveldb.anonymous_namespace_13.SequentialFileImpl
94688,TYPE,leveldb.anonymous_namespace_15.MTState,MTState,leveldb.anonymous_namespace_15.MTState
94689,TYPE,leveldb.anonymous_namespace_16.MTThread,MTThread,leveldb.anonymous_namespace_16.MTThread
94690,TYPE,leveldb.anonymous_namespace_16.PosixSequentialFile,PosixSequentialFile,leveldb.anonymous_namespace_16.PosixSequentialFile
94691,TYPE,leveldb.anonymous_namespace_17.LRUCache,LRUCache,leveldb.anonymous_namespace_17.LRUCache
94692,TYPE,leveldb.anonymous_namespace_17.SharedState,SharedState,leveldb.anonymous_namespace_17.SharedState
94693,TYPE,leveldb.anonymous_namespace_18.RandomAccessFileImpl,RandomAccessFileImpl,leveldb.anonymous_namespace_18.RandomAccessFileImpl
94694,TYPE,leveldb.anonymous_namespace_19.ThreadState,ThreadState,leveldb.anonymous_namespace_19.ThreadState
94695,TYPE,leveldb.anonymous_namespace_2.BloomFilterPolicy,BloomFilterPolicy,leveldb.anonymous_namespace_2.BloomFilterPolicy
94696,TYPE,leveldb.anonymous_namespace_2.CorruptionReporter,CorruptionReporter,leveldb.anonymous_namespace_2.CorruptionReporter
94697,TYPE,leveldb.anonymous_namespace_2.DBIter.Direction,Direction,leveldb.anonymous_namespace_2.DBIter.Direction
94698,TYPE,leveldb.anonymous_namespace_2.Limiter,Limiter,leveldb.anonymous_namespace_2.Limiter
94699,TYPE,leveldb.anonymous_namespace_2.Saver,Saver,leveldb.anonymous_namespace_2.Saver
94700,TYPE,leveldb.anonymous_namespace_2.TwoLevelIterator,TwoLevelIterator,leveldb.anonymous_namespace_2.TwoLevelIterator
94701,TYPE,leveldb.anonymous_namespace_21.PosixRandomAccessFile,PosixRandomAccessFile,leveldb.anonymous_namespace_21.PosixRandomAccessFile
94702,TYPE,leveldb.anonymous_namespace_22.MergingIterator.Direction,Direction,leveldb.anonymous_namespace_22.MergingIterator.Direction
94703,TYPE,leveldb.anonymous_namespace_22.WritableFileImpl,WritableFileImpl,leveldb.anonymous_namespace_22.WritableFileImpl
94704,TYPE,leveldb.anonymous_namespace_25.PosixMmapReadableFile,PosixMmapReadableFile,leveldb.anonymous_namespace_25.PosixMmapReadableFile
94705,TYPE,leveldb.anonymous_namespace_29.NoOpLogger,NoOpLogger,leveldb.anonymous_namespace_29.NoOpLogger
94706,TYPE,leveldb.anonymous_namespace_29.PosixWritableFile,PosixWritableFile,leveldb.anonymous_namespace_29.PosixWritableFile
94707,TYPE,leveldb.anonymous_namespace_31.InMemoryEnv,InMemoryEnv,leveldb.anonymous_namespace_31.InMemoryEnv
94708,TYPE,leveldb.anonymous_namespace_39.PosixFileLock,PosixFileLock,leveldb.anonymous_namespace_39.PosixFileLock
94709,TYPE,leveldb.anonymous_namespace_4.HandleTable,HandleTable,leveldb.anonymous_namespace_4.HandleTable
94710,TYPE,leveldb.anonymous_namespace_40.PosixLockTable,PosixLockTable,leveldb.anonymous_namespace_40.PosixLockTable
94711,TYPE,leveldb.anonymous_namespace_43.PosixEnv,PosixEnv,leveldb.anonymous_namespace_43.PosixEnv
94712,TYPE,leveldb.anonymous_namespace_5.FileState,FileState,leveldb.anonymous_namespace_5.FileState
94713,TYPE,leveldb.anonymous_namespace_5.Stats,Stats,leveldb.anonymous_namespace_5.Stats
94714,TYPE,leveldb.anonymous_namespace_5.WriteBatchItemPrinter,WriteBatchItemPrinter,leveldb.anonymous_namespace_5.WriteBatchItemPrinter
94715,TYPE,leveldb.anonymous_namespace_54.ShardedLRUCache,ShardedLRUCache,leveldb.anonymous_namespace_54.ShardedLRUCache
94716,TYPE,leveldb.anonymous_namespace_7.STLLessThan,STLLessThan,leveldb.anonymous_namespace_7.STLLessThan
94717,TYPE,leveldb.anonymous_namespace_73.PosixEnv.BGItem,BGItem,leveldb.anonymous_namespace_73.PosixEnv.BGItem
94718,TYPE,leveldb.anonymous_namespace_83.anonymous_namespace_84.StartThreadState,StartThreadState,leveldb.anonymous_namespace_83.anonymous_namespace_84.StartThreadState
94719,TYPE,leveldb.anonymous_namespace_9.Repairer.TableInfo,TableInfo,leveldb.anonymous_namespace_9.Repairer.TableInfo
94720,TYPE,leveldb.crc32c.CRC,CRC,leveldb.crc32c.CRC
94721,TYPE,leveldb.crc32c._Test_Extend,_Test_Extend,leveldb.crc32c._Test_Extend
94722,TYPE,leveldb.crc32c._Test_Mask,_Test_Mask,leveldb.crc32c._Test_Mask
94723,TYPE,leveldb.crc32c._Test_StandardResults,_Test_StandardResults,leveldb.crc32c._Test_StandardResults
94724,TYPE,leveldb.crc32c._Test_Values,_Test_Values,leveldb.crc32c._Test_Values
94725,TYPE,leveldb.log.LogTest,LogTest,leveldb.log.LogTest
94726,TYPE,leveldb.log.LogTest.ReportCollector,ReportCollector,leveldb.log.LogTest.ReportCollector
94727,TYPE,leveldb.log.LogTest.StringDest,StringDest,leveldb.log.LogTest.StringDest
94728,TYPE,leveldb.log.LogTest.StringSource,StringSource,leveldb.log.LogTest.StringSource
94729,TYPE,leveldb.log.Reader,Reader,leveldb.log.Reader
94730,TYPE,leveldb.log.Reader.Reporter,Reporter,leveldb.log.Reader.Reporter
94731,TYPE,leveldb.log.Reader.anonymous_enum_0,anonymous_enum_0,leveldb.log.Reader.anonymous_enum_0
94732,TYPE,leveldb.log.RecordType,RecordType,leveldb.log.RecordType
94733,TYPE,leveldb.log.Writer,Writer,leveldb.log.Writer
94734,TYPE,leveldb.log._Test_AlignedEof,_Test_AlignedEof,leveldb.log._Test_AlignedEof
94735,TYPE,leveldb.log._Test_BadLength,_Test_BadLength,leveldb.log._Test_BadLength
94736,TYPE,leveldb.log._Test_BadLengthAtEndIsIgnored,_Test_BadLengthAtEndIsIgnored,leveldb.log._Test_BadLengthAtEndIsIgnored
94737,TYPE,leveldb.log._Test_BadRecordType,_Test_BadRecordType,leveldb.log._Test_BadRecordType
94738,TYPE,leveldb.log._Test_ChecksumMismatch,_Test_ChecksumMismatch,leveldb.log._Test_ChecksumMismatch
94739,TYPE,leveldb.log._Test_Empty,_Test_Empty,leveldb.log._Test_Empty
94740,TYPE,leveldb.log._Test_ErrorJoinsRecords,_Test_ErrorJoinsRecords,leveldb.log._Test_ErrorJoinsRecords
94741,TYPE,leveldb.log._Test_Fragmentation,_Test_Fragmentation,leveldb.log._Test_Fragmentation
94742,TYPE,leveldb.log._Test_ManyBlocks,_Test_ManyBlocks,leveldb.log._Test_ManyBlocks
94743,TYPE,leveldb.log._Test_MarginalTrailer,_Test_MarginalTrailer,leveldb.log._Test_MarginalTrailer
94744,TYPE,leveldb.log._Test_MarginalTrailer2,_Test_MarginalTrailer2,leveldb.log._Test_MarginalTrailer2
94745,TYPE,leveldb.log._Test_MissingLastIsIgnored,_Test_MissingLastIsIgnored,leveldb.log._Test_MissingLastIsIgnored
94746,TYPE,leveldb.log._Test_OpenForAppend,_Test_OpenForAppend,leveldb.log._Test_OpenForAppend
94747,TYPE,leveldb.log._Test_PartialLastIsIgnored,_Test_PartialLastIsIgnored,leveldb.log._Test_PartialLastIsIgnored
94748,TYPE,leveldb.log._Test_RandomRead,_Test_RandomRead,leveldb.log._Test_RandomRead
94749,TYPE,leveldb.log._Test_ReadEnd,_Test_ReadEnd,leveldb.log._Test_ReadEnd
94750,TYPE,leveldb.log._Test_ReadError,_Test_ReadError,leveldb.log._Test_ReadError
94751,TYPE,leveldb.log._Test_ReadFourthFirstBlockTrailer,_Test_ReadFourthFirstBlockTrailer,leveldb.log._Test_ReadFourthFirstBlockTrailer
94752,TYPE,leveldb.log._Test_ReadFourthLastBlock,_Test_ReadFourthLastBlock,leveldb.log._Test_ReadFourthLastBlock
94753,TYPE,leveldb.log._Test_ReadFourthMiddleBlock,_Test_ReadFourthMiddleBlock,leveldb.log._Test_ReadFourthMiddleBlock
94754,TYPE,leveldb.log._Test_ReadFourthOneOff,_Test_ReadFourthOneOff,leveldb.log._Test_ReadFourthOneOff
94755,TYPE,leveldb.log._Test_ReadFourthStart,_Test_ReadFourthStart,leveldb.log._Test_ReadFourthStart
94756,TYPE,leveldb.log._Test_ReadInitialOffsetIntoBlockPadding,_Test_ReadInitialOffsetIntoBlockPadding,leveldb.log._Test_ReadInitialOffsetIntoBlockPadding
94757,TYPE,leveldb.log._Test_ReadPastEnd,_Test_ReadPastEnd,leveldb.log._Test_ReadPastEnd
94758,TYPE,leveldb.log._Test_ReadSecondOneOff,_Test_ReadSecondOneOff,leveldb.log._Test_ReadSecondOneOff
94759,TYPE,leveldb.log._Test_ReadSecondStart,_Test_ReadSecondStart,leveldb.log._Test_ReadSecondStart
94760,TYPE,leveldb.log._Test_ReadSecondTenThousand,_Test_ReadSecondTenThousand,leveldb.log._Test_ReadSecondTenThousand
94761,TYPE,leveldb.log._Test_ReadStart,_Test_ReadStart,leveldb.log._Test_ReadStart
94762,TYPE,leveldb.log._Test_ReadThirdOneOff,_Test_ReadThirdOneOff,leveldb.log._Test_ReadThirdOneOff
94763,TYPE,leveldb.log._Test_ReadThirdStart,_Test_ReadThirdStart,leveldb.log._Test_ReadThirdStart
94764,TYPE,leveldb.log._Test_ReadWrite,_Test_ReadWrite,leveldb.log._Test_ReadWrite
94765,TYPE,leveldb.log._Test_ShortTrailer,_Test_ShortTrailer,leveldb.log._Test_ShortTrailer
94766,TYPE,leveldb.log._Test_SkipIntoMultiRecord,_Test_SkipIntoMultiRecord,leveldb.log._Test_SkipIntoMultiRecord
94767,TYPE,leveldb.log._Test_TruncatedTrailingRecordIsIgnored,_Test_TruncatedTrailingRecordIsIgnored,leveldb.log._Test_TruncatedTrailingRecordIsIgnored
94768,TYPE,leveldb.log._Test_UnexpectedFirstType,_Test_UnexpectedFirstType,leveldb.log._Test_UnexpectedFirstType
94769,TYPE,leveldb.log._Test_UnexpectedFullType,_Test_UnexpectedFullType,leveldb.log._Test_UnexpectedFullType
94770,TYPE,leveldb.log._Test_UnexpectedLastType,_Test_UnexpectedLastType,leveldb.log._Test_UnexpectedLastType
94771,TYPE,leveldb.log._Test_UnexpectedMiddleType,_Test_UnexpectedMiddleType,leveldb.log._Test_UnexpectedMiddleType
94772,TYPE,leveldb.port.AtomicPointer,AtomicPointer,leveldb.port.AtomicPointer
94773,TYPE,leveldb.port.CondVar,CondVar,leveldb.port.CondVar
94774,TYPE,leveldb.port.Mutex,Mutex,leveldb.port.Mutex
94775,TYPE,leveldb.port.Mutex.CondVar,CondVar,leveldb.port.Mutex.CondVar
94776,TYPE,leveldb.test.ErrorEnv,ErrorEnv,leveldb.test.ErrorEnv
94777,TYPE,leveldb.test.Tester,Tester,leveldb.test.Tester
94778,TYPE,leveldb.test.anonymous_namespace_1.Test,Test,leveldb.test.anonymous_namespace_1.Test
94779,TYPE,leveldb_cache_t,leveldb_cache_t,leveldb_cache_t
94780,TYPE,leveldb_cache_t*,leveldb_cache_t*,leveldb_cache_t*
94781,TYPE,leveldb_comparator_t,leveldb_comparator_t,leveldb_comparator_t
94782,TYPE,leveldb_comparator_t*,leveldb_comparator_t*,leveldb_comparator_t*
94783,TYPE,leveldb_env_t,leveldb_env_t,leveldb_env_t
94784,TYPE,leveldb_env_t*,leveldb_env_t*,leveldb_env_t*
94785,TYPE,leveldb_filelock_t,leveldb_filelock_t,leveldb_filelock_t
94786,TYPE,leveldb_filterpolicy_t,leveldb_filterpolicy_t,leveldb_filterpolicy_t
94787,TYPE,leveldb_filterpolicy_t*,leveldb_filterpolicy_t*,leveldb_filterpolicy_t*
94788,TYPE,leveldb_iterator_t,leveldb_iterator_t,leveldb_iterator_t
94789,TYPE,leveldb_iterator_t*,leveldb_iterator_t*,leveldb_iterator_t*
94790,TYPE,leveldb_logger_t,leveldb_logger_t,leveldb_logger_t
94791,TYPE,leveldb_logger_t*,leveldb_logger_t*,leveldb_logger_t*
94792,TYPE,leveldb_options_t,leveldb_options_t,leveldb_options_t
94793,TYPE,leveldb_options_t*,leveldb_options_t*,leveldb_options_t*
94794,TYPE,leveldb_randomfile_t,leveldb_randomfile_t,leveldb_randomfile_t
94795,TYPE,leveldb_readoptions_t,leveldb_readoptions_t,leveldb_readoptions_t
94796,TYPE,leveldb_readoptions_t*,leveldb_readoptions_t*,leveldb_readoptions_t*
94797,TYPE,leveldb_seqfile_t,leveldb_seqfile_t,leveldb_seqfile_t
94798,TYPE,leveldb_snapshot_t,leveldb_snapshot_t,leveldb_snapshot_t
94799,TYPE,leveldb_snapshot_t*,leveldb_snapshot_t*,leveldb_snapshot_t*
94800,TYPE,leveldb_t,leveldb_t,leveldb_t
94801,TYPE,leveldb_t*,leveldb_t*,leveldb_t*
94802,TYPE,leveldb_writablefile_t,leveldb_writablefile_t,leveldb_writablefile_t
94803,TYPE,leveldb_writebatch_t,leveldb_writebatch_t,leveldb_writebatch_t
94804,TYPE,leveldb_writebatch_t*,leveldb_writebatch_t*,leveldb_writebatch_t*
94805,TYPE,leveldb_writeoptions_t,leveldb_writeoptions_t,leveldb_writeoptions_t
94806,TYPE,leveldb_writeoptions_t*,leveldb_writeoptions_t*,leveldb_writeoptions_t*
94807,TYPE,log,log,log
94808,TYPE,log.Reader.Reporter,Reporter,log.Reader.Reporter
94809,TYPE,long int,long int,long int
94810,TYPE,long long int,long long int,long long int
94811,TYPE,long long unsigned,long long unsigned,long long unsigned
94812,TYPE,numeric_limits,numeric_limits,numeric_limits
94813,TYPE,port.AtomicPointer[1],AtomicPointer[1],port.AtomicPointer[1]
94814,TYPE,port.AtomicPointer[4],AtomicPointer[4],port.AtomicPointer[4]
94815,TYPE,pthread_cond_t,pthread_cond_t,pthread_cond_t
94816,TYPE,pthread_mutex_t,pthread_mutex_t,pthread_mutex_t
94817,TYPE,pthread_once_t,pthread_once_t,pthread_once_t
94818,TYPE,pthread_t,pthread_t,pthread_t
94819,TYPE,rlimit,rlimit,rlimit
94820,TYPE,short int,short int,short int
94821,TYPE,signed char,signed char,signed char
94822,TYPE,size_t,size_t,size_t
94823,TYPE,size_t*,size_t*,size_t*
94824,TYPE,size_t[2],size_t[2],size_t[2]
94825,TYPE,size_t[6],size_t[6],size_t[6]
94826,TYPE,size_t[7],size_t[7],size_t[7]
94827,TYPE,sqlite3*,sqlite3*,sqlite3*
94828,TYPE,sqlite3_stmt*,sqlite3_stmt*,sqlite3_stmt*
94829,TYPE,ssize_t,ssize_t,ssize_t
94830,TYPE,stat,stat,stat
94831,TYPE,static size_t[6],static size_t[6],static size_t[6]
94832,TYPE,static uint64_t[6],static uint64_t[6],static uint64_t[6]
94833,TYPE,static[11],static[11],static[11]
94834,TYPE,std,std,std
94835,TYPE,std.string[2],string[2],std.string[2]
94836,TYPE,std.string[7],string[7],std.string[7]
94837,TYPE,std.vector<FileMetaData*>[2],vector<FileMetaData*>[2],std.vector<FileMetaData*>[2]
94838,TYPE,std.vector<FileMetaData*>[7],vector<FileMetaData*>[7],std.vector<FileMetaData*>[7]
94839,TYPE,string,string,string
94840,TYPE,test,test,test
94841,TYPE,time_t,time_t,time_t
94842,TYPE,timeval,timeval,timeval
94843,TYPE,tm,tm,tm
94844,TYPE,uint16_t,uint16_t,uint16_t
94845,TYPE,uint32_t,uint32_t,uint32_t
94846,TYPE,uint32_t*,uint32_t*,uint32_t*
94847,TYPE,uint32_t[5],uint32_t[5],uint32_t[5]
94848,TYPE,uint64_t,uint64_t,uint64_t
94849,TYPE,uint64_t*,uint64_t*,uint64_t*
94850,TYPE,uint64_t[2],uint64_t[2],uint64_t[2]
94851,TYPE,uint64_t[6],uint64_t[6],uint64_t[6]
94852,TYPE,uint8_t,uint8_t,uint8_t
94853,TYPE,uint8_t*,uint8_t*,uint8_t*
94854,TYPE,uintptr_t,uintptr_t,uintptr_t
94855,TYPE,unsigned char,unsigned char,unsigned char
94856,TYPE,unsigned char*,unsigned char*,unsigned char*
94857,TYPE,unsigned char[1],unsigned char[1],unsigned char[1]
94858,TYPE,unsigned char[2],unsigned char[2],unsigned char[2]
94859,TYPE,unsigned char[3],unsigned char[3],unsigned char[3]
94860,TYPE,unsigned char[48],unsigned char[48],unsigned char[48]
94861,TYPE,unsigned char[4],unsigned char[4],unsigned char[4]
94862,TYPE,unsigned int,unsigned int,unsigned int
94863,TYPE,unsigned longint,unsigned longint,unsigned longint
94864,TYPE,unsigned longlongint,unsigned longlongint,unsigned longlongint
94865,TYPE,unsigned shortint,unsigned shortint,unsigned shortint
94866,TYPE,va_list,va_list,va_list
94867,TYPE,vector<uint64_t>,vector<uint64_t>,vector<uint64_t>
94868,TYPE,virtual,virtual,virtual
94869,TYPE,void,void,void
94870,TYPE,"void (int, int)","void (int, int)","void (int, int)"
94871,TYPE,void(void*),void(void*),void(void*)
94872,TYPE,void*,void*,void*
