2,102044,SOURCE_FILE
29,102045,SOURCE_FILE
30,102045,SOURCE_FILE
31,102045,SOURCE_FILE
63,102045,SOURCE_FILE
118,102045,SOURCE_FILE
227,102045,SOURCE_FILE
328,102045,SOURCE_FILE
403,102045,SOURCE_FILE
443,102045,SOURCE_FILE
521,102045,SOURCE_FILE
572,102045,SOURCE_FILE
783,102045,SOURCE_FILE
834,102045,SOURCE_FILE
861,102045,SOURCE_FILE
866,102045,SOURCE_FILE
894,102045,SOURCE_FILE
1040,102045,SOURCE_FILE
1070,102046,SOURCE_FILE
1071,102046,SOURCE_FILE
1072,102046,SOURCE_FILE
1074,102046,SOURCE_FILE
1079,102046,SOURCE_FILE
1086,102046,SOURCE_FILE
1092,102046,SOURCE_FILE
1099,102046,SOURCE_FILE
1104,102046,SOURCE_FILE
1109,102046,SOURCE_FILE
1114,102046,SOURCE_FILE
1119,102046,SOURCE_FILE
1124,102046,SOURCE_FILE
1130,102046,SOURCE_FILE
1158,102047,SOURCE_FILE
1159,102047,SOURCE_FILE
1160,102047,SOURCE_FILE
1162,102047,SOURCE_FILE
1167,102047,SOURCE_FILE
1181,102047,SOURCE_FILE
1421,102047,SOURCE_FILE
1492,102048,SOURCE_FILE
1493,102048,SOURCE_FILE
1494,102048,SOURCE_FILE
1496,102048,SOURCE_FILE
1502,102048,SOURCE_FILE
1509,102048,SOURCE_FILE
1511,102048,SOURCE_FILE
1522,102049,SOURCE_FILE
1523,102049,SOURCE_FILE
1524,102049,SOURCE_FILE
1790,102049,SOURCE_FILE
2008,102049,SOURCE_FILE
2210,102050,SOURCE_FILE
2211,102050,SOURCE_FILE
2212,102050,SOURCE_FILE
2214,102050,SOURCE_FILE
2222,102050,SOURCE_FILE
2239,102051,SOURCE_FILE
2240,102051,SOURCE_FILE
2241,102051,SOURCE_FILE
2243,102051,SOURCE_FILE
2253,102051,SOURCE_FILE
2283,102051,SOURCE_FILE
2292,102051,SOURCE_FILE
2309,102051,SOURCE_FILE
2338,102051,SOURCE_FILE
2360,102051,SOURCE_FILE
2367,102051,SOURCE_FILE
2380,102051,SOURCE_FILE
2407,102051,SOURCE_FILE
2450,102051,SOURCE_FILE
2487,102051,SOURCE_FILE
2545,102051,SOURCE_FILE
2580,102051,SOURCE_FILE
2612,102051,SOURCE_FILE
2705,102052,SOURCE_FILE
2706,102052,SOURCE_FILE
2707,102052,SOURCE_FILE
2709,102052,SOURCE_FILE
2716,102052,SOURCE_FILE
2722,102052,SOURCE_FILE
2727,102052,SOURCE_FILE
2733,102052,SOURCE_FILE
2738,102052,SOURCE_FILE
2744,102052,SOURCE_FILE
2750,102052,SOURCE_FILE
2757,102052,SOURCE_FILE
2763,102052,SOURCE_FILE
2769,102052,SOURCE_FILE
2775,102052,SOURCE_FILE
2780,102052,SOURCE_FILE
2785,102052,SOURCE_FILE
2790,102052,SOURCE_FILE
2808,102053,SOURCE_FILE
2809,102053,SOURCE_FILE
2810,102053,SOURCE_FILE
2820,102053,SOURCE_FILE
2919,102053,SOURCE_FILE
2940,102053,SOURCE_FILE
2953,102053,SOURCE_FILE
3047,102053,SOURCE_FILE
3069,102053,SOURCE_FILE
3229,102053,SOURCE_FILE
3248,102053,SOURCE_FILE
3387,102054,SOURCE_FILE
3388,102054,SOURCE_FILE
3389,102054,SOURCE_FILE
3392,102054,SOURCE_FILE
3393,102054,SOURCE_FILE
3394,102054,SOURCE_FILE
3397,102054,SOURCE_FILE
3400,102054,SOURCE_FILE
3401,102054,SOURCE_FILE
3403,102054,SOURCE_FILE
3412,102054,SOURCE_FILE
3419,102054,SOURCE_FILE
3424,102054,SOURCE_FILE
3429,102054,SOURCE_FILE
3434,102054,SOURCE_FILE
3440,102054,SOURCE_FILE
3446,102054,SOURCE_FILE
3485,102055,SOURCE_FILE
3486,102055,SOURCE_FILE
3487,102055,SOURCE_FILE
3489,102055,SOURCE_FILE
3495,102055,SOURCE_FILE
3496,102055,SOURCE_FILE
3497,102055,SOURCE_FILE
3505,102055,SOURCE_FILE
3511,102055,SOURCE_FILE
3516,102055,SOURCE_FILE
3522,102055,SOURCE_FILE
3527,102055,SOURCE_FILE
3535,102055,SOURCE_FILE
3539,102055,SOURCE_FILE
3545,102055,SOURCE_FILE
3551,102055,SOURCE_FILE
3556,102055,SOURCE_FILE
3592,102055,SOURCE_FILE
3600,102055,SOURCE_FILE
3643,102055,SOURCE_FILE
3649,102055,SOURCE_FILE
3676,102055,SOURCE_FILE
3704,102055,SOURCE_FILE
3732,102055,SOURCE_FILE
3850,102055,SOURCE_FILE
3892,102055,SOURCE_FILE
3933,102055,SOURCE_FILE
4150,102055,SOURCE_FILE
4357,102055,SOURCE_FILE
4391,102055,SOURCE_FILE
4585,102055,SOURCE_FILE
4636,102055,SOURCE_FILE
4697,102055,SOURCE_FILE
4833,102055,SOURCE_FILE
5264,102055,SOURCE_FILE
5313,102055,SOURCE_FILE
5366,102055,SOURCE_FILE
5517,102055,SOURCE_FILE
5571,102055,SOURCE_FILE
5801,102055,SOURCE_FILE
5996,102055,SOURCE_FILE
6004,102055,SOURCE_FILE
6012,102055,SOURCE_FILE
6045,102056,SOURCE_FILE
6046,102056,SOURCE_FILE
6047,102056,SOURCE_FILE
6049,102056,SOURCE_FILE
6058,102056,SOURCE_FILE
6065,102056,SOURCE_FILE
6072,102056,SOURCE_FILE
6078,102056,SOURCE_FILE
6084,102056,SOURCE_FILE
6091,102056,SOURCE_FILE
6096,102056,SOURCE_FILE
6101,102056,SOURCE_FILE
6106,102056,SOURCE_FILE
6108,102056,SOURCE_FILE
6118,102056,SOURCE_FILE
6123,102056,SOURCE_FILE
6137,102057,SOURCE_FILE
6138,102057,SOURCE_FILE
6139,102057,SOURCE_FILE
6142,102057,SOURCE_FILE
6149,102057,SOURCE_FILE
6156,102057,SOURCE_FILE
6172,102057,SOURCE_FILE
6380,102057,SOURCE_FILE
6560,102057,SOURCE_FILE
6610,102057,SOURCE_FILE
6821,102057,SOURCE_FILE
6999,102057,SOURCE_FILE
7032,102058,SOURCE_FILE
7033,102058,SOURCE_FILE
7034,102058,SOURCE_FILE
7036,102058,SOURCE_FILE
7044,102058,SOURCE_FILE
7049,102058,SOURCE_FILE
7067,102059,SOURCE_FILE
7068,102059,SOURCE_FILE
7069,102059,SOURCE_FILE
7071,102059,SOURCE_FILE
7193,102060,SOURCE_FILE
7194,102060,SOURCE_FILE
7195,102060,SOURCE_FILE
7230,102061,SOURCE_FILE
7231,102061,SOURCE_FILE
7232,102061,SOURCE_FILE
7234,102061,SOURCE_FILE
7235,102061,SOURCE_FILE
7244,102061,SOURCE_FILE
7245,102061,SOURCE_FILE
7262,102061,SOURCE_FILE
7264,102061,SOURCE_FILE
7265,102061,SOURCE_FILE
7266,102061,SOURCE_FILE
7267,102061,SOURCE_FILE
7275,102061,SOURCE_FILE
7280,102061,SOURCE_FILE
7300,102061,SOURCE_FILE
7302,102061,SOURCE_FILE
7359,102061,SOURCE_FILE
7444,102061,SOURCE_FILE
7454,102061,SOURCE_FILE
7459,102061,SOURCE_FILE
7464,102061,SOURCE_FILE
7591,102061,SOURCE_FILE
7634,102061,SOURCE_FILE
7693,102061,SOURCE_FILE
8422,102061,SOURCE_FILE
8440,102061,SOURCE_FILE
8615,102061,SOURCE_FILE
8708,102061,SOURCE_FILE
8835,102061,SOURCE_FILE
8937,102061,SOURCE_FILE
9146,102061,SOURCE_FILE
9277,102061,SOURCE_FILE
9388,102061,SOURCE_FILE
9523,102061,SOURCE_FILE
9572,102061,SOURCE_FILE
9623,102061,SOURCE_FILE
9732,102061,SOURCE_FILE
10102,102061,SOURCE_FILE
10310,102061,SOURCE_FILE
10667,102062,SOURCE_FILE
10668,102062,SOURCE_FILE
10669,102062,SOURCE_FILE
10671,102062,SOURCE_FILE
10676,102062,SOURCE_FILE
10694,102062,SOURCE_FILE
10696,102062,SOURCE_FILE
10705,102062,SOURCE_FILE
10712,102062,SOURCE_FILE
10714,102062,SOURCE_FILE
10717,102062,SOURCE_FILE
10724,102062,SOURCE_FILE
10725,102062,SOURCE_FILE
10726,102062,SOURCE_FILE
10733,102062,SOURCE_FILE
10735,102062,SOURCE_FILE
10738,102062,SOURCE_FILE
10745,102062,SOURCE_FILE
10748,102062,SOURCE_FILE
10757,102062,SOURCE_FILE
10764,102062,SOURCE_FILE
10769,102062,SOURCE_FILE
10776,102062,SOURCE_FILE
10784,102062,SOURCE_FILE
10790,102062,SOURCE_FILE
10796,102062,SOURCE_FILE
10803,102062,SOURCE_FILE
10812,102062,SOURCE_FILE
10818,102062,SOURCE_FILE
10824,102062,SOURCE_FILE
10829,102062,SOURCE_FILE
10851,102063,SOURCE_FILE
10852,102063,SOURCE_FILE
10853,102063,SOURCE_FILE
10860,102064,SOURCE_FILE
10861,102064,SOURCE_FILE
10862,102079,SOURCE_FILE
10865,102064,SOURCE_FILE
10867,102064,SOURCE_FILE
10869,102064,SOURCE_FILE
10871,102064,SOURCE_FILE
10883,102065,SOURCE_FILE
10884,102065,SOURCE_FILE
10885,102065,SOURCE_FILE
10888,102065,SOURCE_FILE
10902,102065,SOURCE_FILE
10950,102066,SOURCE_FILE
10951,102066,SOURCE_FILE
10952,102066,SOURCE_FILE
10954,102066,SOURCE_FILE
10961,102066,SOURCE_FILE
10965,102066,SOURCE_FILE
10972,102066,SOURCE_FILE
11016,102067,SOURCE_FILE
11017,102067,SOURCE_FILE
11018,102067,SOURCE_FILE
11020,102067,SOURCE_FILE
11025,102067,SOURCE_FILE
11046,102067,SOURCE_FILE
11130,102067,SOURCE_FILE
11167,102067,SOURCE_FILE
11196,102067,SOURCE_FILE
11197,102067,SOURCE_FILE
11199,102067,SOURCE_FILE
11204,102067,SOURCE_FILE
11205,102067,SOURCE_FILE
11221,102067,SOURCE_FILE
11228,102067,SOURCE_FILE
11233,102067,SOURCE_FILE
11251,102067,SOURCE_FILE
11265,102067,SOURCE_FILE
11336,102067,SOURCE_FILE
11345,102067,SOURCE_FILE
11380,102067,SOURCE_FILE
11487,102067,SOURCE_FILE
11615,102067,SOURCE_FILE
12006,102067,SOURCE_FILE
12103,102067,SOURCE_FILE
12145,102067,SOURCE_FILE
12300,102067,SOURCE_FILE
12439,102067,SOURCE_FILE
12460,102067,SOURCE_FILE
12489,102067,SOURCE_FILE
12636,102067,SOURCE_FILE
12657,102067,SOURCE_FILE
12778,102067,SOURCE_FILE
12879,102067,SOURCE_FILE
12980,102067,SOURCE_FILE
13014,102067,SOURCE_FILE
13158,102067,SOURCE_FILE
13182,102067,SOURCE_FILE
13399,102067,SOURCE_FILE
13558,102067,SOURCE_FILE
13915,102067,SOURCE_FILE
15194,102067,SOURCE_FILE
15227,102067,SOURCE_FILE
15261,102067,SOURCE_FILE
15370,102067,SOURCE_FILE
15411,102067,SOURCE_FILE
15504,102067,SOURCE_FILE
15597,102067,SOURCE_FILE
15684,102067,SOURCE_FILE
15971,102067,SOURCE_FILE
16074,102067,SOURCE_FILE
16106,102067,SOURCE_FILE
16753,102067,SOURCE_FILE
16802,102067,SOURCE_FILE
16853,102067,SOURCE_FILE
16946,102067,SOURCE_FILE
17057,102067,SOURCE_FILE
17104,102067,SOURCE_FILE
17365,102067,SOURCE_FILE
17763,102067,SOURCE_FILE
18224,102067,SOURCE_FILE
18263,102067,SOURCE_FILE
18308,102067,SOURCE_FILE
18316,102067,SOURCE_FILE
18324,102067,SOURCE_FILE
18334,102067,SOURCE_FILE
18436,102067,SOURCE_FILE
18536,102067,SOURCE_FILE
18744,102068,SOURCE_FILE
18745,102068,SOURCE_FILE
18746,102068,SOURCE_FILE
18748,102068,SOURCE_FILE
18753,102068,SOURCE_FILE
18758,102068,SOURCE_FILE
18767,102068,SOURCE_FILE
18773,102068,SOURCE_FILE
18779,102068,SOURCE_FILE
18784,102068,SOURCE_FILE
18791,102068,SOURCE_FILE
18797,102068,SOURCE_FILE
18803,102068,SOURCE_FILE
18809,102068,SOURCE_FILE
18814,102068,SOURCE_FILE
18819,102068,SOURCE_FILE
18824,102068,SOURCE_FILE
18831,102068,SOURCE_FILE
18836,102068,SOURCE_FILE
18841,102068,SOURCE_FILE
18846,102068,SOURCE_FILE
18851,102068,SOURCE_FILE
18856,102068,SOURCE_FILE
18861,102068,SOURCE_FILE
18866,102068,SOURCE_FILE
18869,102068,SOURCE_FILE
18879,102068,SOURCE_FILE
18886,102068,SOURCE_FILE
18892,102068,SOURCE_FILE
18900,102068,SOURCE_FILE
18906,102068,SOURCE_FILE
18912,102068,SOURCE_FILE
18917,102068,SOURCE_FILE
18923,102068,SOURCE_FILE
18929,102068,SOURCE_FILE
18934,102068,SOURCE_FILE
18939,102068,SOURCE_FILE
18944,102068,SOURCE_FILE
18949,102068,SOURCE_FILE
18954,102068,SOURCE_FILE
18963,102068,SOURCE_FILE
18972,102068,SOURCE_FILE
18979,102068,SOURCE_FILE
18987,102068,SOURCE_FILE
18992,102068,SOURCE_FILE
18997,102068,SOURCE_FILE
19002,102068,SOURCE_FILE
19007,102068,SOURCE_FILE
19012,102068,SOURCE_FILE
19022,102069,SOURCE_FILE
19023,102069,SOURCE_FILE
19024,102069,SOURCE_FILE
19030,102069,SOURCE_FILE
19049,102069,SOURCE_FILE
19064,102069,SOURCE_FILE
19100,102069,SOURCE_FILE
19207,102069,SOURCE_FILE
19302,102069,SOURCE_FILE
19330,102069,SOURCE_FILE
19388,102069,SOURCE_FILE
19419,102070,SOURCE_FILE
19420,102070,SOURCE_FILE
19421,102070,SOURCE_FILE
19423,102070,SOURCE_FILE
19429,102070,SOURCE_FILE
19435,102070,SOURCE_FILE
19441,102070,SOURCE_FILE
19452,102071,SOURCE_FILE
19453,102071,SOURCE_FILE
19454,102071,SOURCE_FILE
19457,102072,SOURCE_FILE
19458,102072,SOURCE_FILE
19459,102072,SOURCE_FILE
19461,102072,SOURCE_FILE
19486,102073,SOURCE_FILE
19487,102073,SOURCE_FILE
19488,102073,SOURCE_FILE
19491,102073,SOURCE_FILE
19549,102073,SOURCE_FILE
19588,102074,SOURCE_FILE
19589,102074,SOURCE_FILE
19590,102074,SOURCE_FILE
19625,102074,SOURCE_FILE
19633,102074,SOURCE_FILE
19639,102074,SOURCE_FILE
19683,102074,SOURCE_FILE
19807,102074,SOURCE_FILE
19870,102074,SOURCE_FILE
19965,102074,SOURCE_FILE
20022,102074,SOURCE_FILE
20105,102074,SOURCE_FILE
20142,102074,SOURCE_FILE
20269,102074,SOURCE_FILE
20361,102074,SOURCE_FILE
20455,102074,SOURCE_FILE
20528,102074,SOURCE_FILE
20726,102074,SOURCE_FILE
20752,102074,SOURCE_FILE
20774,102074,SOURCE_FILE
20825,102074,SOURCE_FILE
20902,102074,SOURCE_FILE
20958,102074,SOURCE_FILE
21119,102074,SOURCE_FILE
21144,102074,SOURCE_FILE
21296,102074,SOURCE_FILE
21639,102074,SOURCE_FILE
21681,102074,SOURCE_FILE
21813,102074,SOURCE_FILE
21844,102074,SOURCE_FILE
21866,102074,SOURCE_FILE
21888,102074,SOURCE_FILE
21894,102074,SOURCE_FILE
21950,102074,SOURCE_FILE
22100,102074,SOURCE_FILE
22261,102075,SOURCE_FILE
22262,102075,SOURCE_FILE
22263,102075,SOURCE_FILE
22265,102075,SOURCE_FILE
22266,102075,SOURCE_FILE
22275,102075,SOURCE_FILE
22282,102075,SOURCE_FILE
22286,102075,SOURCE_FILE
22293,102075,SOURCE_FILE
22297,102075,SOURCE_FILE
22304,102075,SOURCE_FILE
22305,102075,SOURCE_FILE
22306,102075,SOURCE_FILE
22307,102075,SOURCE_FILE
22308,102075,SOURCE_FILE
22316,102075,SOURCE_FILE
22322,102075,SOURCE_FILE
22328,102075,SOURCE_FILE
22336,102075,SOURCE_FILE
22341,102075,SOURCE_FILE
22348,102075,SOURCE_FILE
22353,102075,SOURCE_FILE
22362,102075,SOURCE_FILE
22367,102075,SOURCE_FILE
22371,102075,SOURCE_FILE
22373,102075,SOURCE_FILE
22374,102075,SOURCE_FILE
22379,102075,SOURCE_FILE
22382,102075,SOURCE_FILE
22385,102075,SOURCE_FILE
22390,102075,SOURCE_FILE
22391,102075,SOURCE_FILE
22393,102075,SOURCE_FILE
22404,102075,SOURCE_FILE
22405,102075,SOURCE_FILE
22408,102075,SOURCE_FILE
22418,102075,SOURCE_FILE
22425,102075,SOURCE_FILE
22430,102075,SOURCE_FILE
22437,102075,SOURCE_FILE
22442,102075,SOURCE_FILE
22447,102075,SOURCE_FILE
22452,102075,SOURCE_FILE
22454,102075,SOURCE_FILE
22458,102075,SOURCE_FILE
22465,102075,SOURCE_FILE
22467,102075,SOURCE_FILE
22472,102075,SOURCE_FILE
22482,102076,SOURCE_FILE
22483,102076,SOURCE_FILE
22484,102076,SOURCE_FILE
22486,102076,SOURCE_FILE
25213,102076,SOURCE_FILE
25273,102076,SOURCE_FILE
25412,102076,SOURCE_FILE
25567,102077,SOURCE_FILE
25568,102077,SOURCE_FILE
25569,102077,SOURCE_FILE
25571,102077,SOURCE_FILE
25572,102077,SOURCE_FILE
25573,102077,SOURCE_FILE
25577,102077,SOURCE_FILE
25587,102077,SOURCE_FILE
25588,102077,SOURCE_FILE
25593,102077,SOURCE_FILE
25600,102077,SOURCE_FILE
25671,102078,SOURCE_FILE
25672,102078,SOURCE_FILE
25673,102078,SOURCE_FILE
25675,102078,SOURCE_FILE
25680,102078,SOURCE_FILE
25685,102078,SOURCE_FILE
25692,102078,SOURCE_FILE
25699,102078,SOURCE_FILE
25706,102078,SOURCE_FILE
25711,102078,SOURCE_FILE
25716,102078,SOURCE_FILE
25721,102078,SOURCE_FILE
25723,102078,SOURCE_FILE
25725,102078,SOURCE_FILE
25729,102078,SOURCE_FILE
25734,102078,SOURCE_FILE
25741,102078,SOURCE_FILE
25746,102078,SOURCE_FILE
25753,102078,SOURCE_FILE
25758,102078,SOURCE_FILE
25763,102078,SOURCE_FILE
25769,102078,SOURCE_FILE
25774,102078,SOURCE_FILE
25779,102078,SOURCE_FILE
25781,102078,SOURCE_FILE
25783,102078,SOURCE_FILE
25787,102078,SOURCE_FILE
25795,102078,SOURCE_FILE
25797,102078,SOURCE_FILE
25802,102078,SOURCE_FILE
25820,102078,SOURCE_FILE
25838,102078,SOURCE_FILE
25856,102078,SOURCE_FILE
25866,102078,SOURCE_FILE
25868,102078,SOURCE_FILE
25918,102078,SOURCE_FILE
25966,102078,SOURCE_FILE
26002,102078,SOURCE_FILE
26018,102078,SOURCE_FILE
26336,102078,SOURCE_FILE
26560,102078,SOURCE_FILE
26600,102078,SOURCE_FILE
26637,102078,SOURCE_FILE
26707,102078,SOURCE_FILE
26785,102078,SOURCE_FILE
26847,102078,SOURCE_FILE
26915,102078,SOURCE_FILE
26947,102078,SOURCE_FILE
27045,102078,SOURCE_FILE
27140,102078,SOURCE_FILE
27199,102078,SOURCE_FILE
27255,102078,SOURCE_FILE
27289,102078,SOURCE_FILE
27323,102078,SOURCE_FILE
27357,102078,SOURCE_FILE
27399,102078,SOURCE_FILE
27420,102078,SOURCE_FILE
27998,102078,SOURCE_FILE
28088,102078,SOURCE_FILE
28130,102078,SOURCE_FILE
28172,102078,SOURCE_FILE
28310,102078,SOURCE_FILE
28344,102078,SOURCE_FILE
28370,102078,SOURCE_FILE
28428,102078,SOURCE_FILE
28491,102078,SOURCE_FILE
28541,102078,SOURCE_FILE
28564,102078,SOURCE_FILE
28849,102078,SOURCE_FILE
29075,102078,SOURCE_FILE
29246,102078,SOURCE_FILE
29380,102078,SOURCE_FILE
29396,102078,SOURCE_FILE
29503,102078,SOURCE_FILE
29517,102078,SOURCE_FILE
29561,102078,SOURCE_FILE
29704,102078,SOURCE_FILE
29797,102078,SOURCE_FILE
29924,102078,SOURCE_FILE
30013,102078,SOURCE_FILE
30086,102078,SOURCE_FILE
30127,102078,SOURCE_FILE
30523,102078,SOURCE_FILE
30924,102078,SOURCE_FILE
31654,102078,SOURCE_FILE
31687,102078,SOURCE_FILE
31728,102078,SOURCE_FILE
32872,102078,SOURCE_FILE
33689,102078,SOURCE_FILE
33716,102078,SOURCE_FILE
33874,102078,SOURCE_FILE
34072,102078,SOURCE_FILE
34219,102078,SOURCE_FILE
34475,102078,SOURCE_FILE
34534,102078,SOURCE_FILE
34584,102078,SOURCE_FILE
35216,102078,SOURCE_FILE
35307,102078,SOURCE_FILE
35365,102078,SOURCE_FILE
35503,102078,SOURCE_FILE
35750,102078,SOURCE_FILE
35828,102078,SOURCE_FILE
35954,102078,SOURCE_FILE
36294,102078,SOURCE_FILE
36439,102078,SOURCE_FILE
36599,102078,SOURCE_FILE
36713,102078,SOURCE_FILE
36989,102078,SOURCE_FILE
37310,102078,SOURCE_FILE
38423,102078,SOURCE_FILE
38468,102078,SOURCE_FILE
38523,102078,SOURCE_FILE
38630,102078,SOURCE_FILE
39120,102078,SOURCE_FILE
39550,102078,SOURCE_FILE
39601,102078,SOURCE_FILE
39786,102078,SOURCE_FILE
39788,102078,SOURCE_FILE
39869,102078,SOURCE_FILE
39879,102078,SOURCE_FILE
39894,102078,SOURCE_FILE
40109,102078,SOURCE_FILE
40118,102078,SOURCE_FILE
40218,102078,SOURCE_FILE
40238,102078,SOURCE_FILE
40250,102078,SOURCE_FILE
40260,102078,SOURCE_FILE
40272,102078,SOURCE_FILE
40280,102078,SOURCE_FILE
40310,102078,SOURCE_FILE
40447,102078,SOURCE_FILE
40454,102078,SOURCE_FILE
40600,102078,SOURCE_FILE
41195,102078,SOURCE_FILE
44156,102079,SOURCE_FILE
44157,102079,SOURCE_FILE
44158,102079,SOURCE_FILE
44160,102079,SOURCE_FILE
44169,102079,SOURCE_FILE
44184,102079,SOURCE_FILE
44197,102079,SOURCE_FILE
44201,102079,SOURCE_FILE
44208,102079,SOURCE_FILE
44212,102079,SOURCE_FILE
44217,102079,SOURCE_FILE
44224,102079,SOURCE_FILE
44228,102079,SOURCE_FILE
44233,102079,SOURCE_FILE
44240,102079,SOURCE_FILE
44247,102079,SOURCE_FILE
44253,102079,SOURCE_FILE
44262,102079,SOURCE_FILE
44290,102079,SOURCE_FILE
44296,102079,SOURCE_FILE
44310,102079,SOURCE_FILE
44335,102079,SOURCE_FILE
44339,102079,SOURCE_FILE
44352,102079,SOURCE_FILE
44373,102079,SOURCE_FILE
44446,102079,SOURCE_FILE
44448,102079,SOURCE_FILE
44451,102079,SOURCE_FILE
44453,102079,SOURCE_FILE
44454,102079,SOURCE_FILE
44456,102079,SOURCE_FILE
44458,102079,SOURCE_FILE
44467,102079,SOURCE_FILE
44471,102079,SOURCE_FILE
44476,102079,SOURCE_FILE
44477,102079,SOURCE_FILE
44481,102079,SOURCE_FILE
44488,102079,SOURCE_FILE
44489,102079,SOURCE_FILE
44491,102079,SOURCE_FILE
44493,102079,SOURCE_FILE
44507,102079,SOURCE_FILE
44508,102079,SOURCE_FILE
44510,102079,SOURCE_FILE
44512,102079,SOURCE_FILE
44522,102079,SOURCE_FILE
44527,102079,SOURCE_FILE
44528,102079,SOURCE_FILE
44529,102079,SOURCE_FILE
44530,102079,SOURCE_FILE
44531,102079,SOURCE_FILE
44532,102079,SOURCE_FILE
44537,102079,SOURCE_FILE
44542,102079,SOURCE_FILE
44547,102079,SOURCE_FILE
44554,102079,SOURCE_FILE
44555,102079,SOURCE_FILE
44556,102079,SOURCE_FILE
44557,102079,SOURCE_FILE
44559,102079,SOURCE_FILE
44561,102079,SOURCE_FILE
44566,102079,SOURCE_FILE
44569,102079,SOURCE_FILE
44584,102079,SOURCE_FILE
44595,102079,SOURCE_FILE
44597,102079,SOURCE_FILE
44604,102079,SOURCE_FILE
44614,102079,SOURCE_FILE
44618,102079,SOURCE_FILE
44630,102079,SOURCE_FILE
44631,102079,SOURCE_FILE
44634,102079,SOURCE_FILE
44636,102079,SOURCE_FILE
44639,102079,SOURCE_FILE
44644,102079,SOURCE_FILE
44645,102079,SOURCE_FILE
44646,102079,SOURCE_FILE
44652,102079,SOURCE_FILE
44658,102079,SOURCE_FILE
44671,102079,SOURCE_FILE
44673,102079,SOURCE_FILE
44676,102079,SOURCE_FILE
44694,102079,SOURCE_FILE
44696,102079,SOURCE_FILE
44698,102079,SOURCE_FILE
44701,102079,SOURCE_FILE
44705,102079,SOURCE_FILE
44718,102079,SOURCE_FILE
44723,102079,SOURCE_FILE
44730,102079,SOURCE_FILE
44737,102079,SOURCE_FILE
44744,102079,SOURCE_FILE
44755,102079,SOURCE_FILE
44770,102079,SOURCE_FILE
44772,102079,SOURCE_FILE
44777,102079,SOURCE_FILE
44779,102079,SOURCE_FILE
44781,102079,SOURCE_FILE
44792,102079,SOURCE_FILE
44797,102079,SOURCE_FILE
44803,102079,SOURCE_FILE
44809,102079,SOURCE_FILE
44814,102079,SOURCE_FILE
44827,102079,SOURCE_FILE
44832,102079,SOURCE_FILE
44838,102079,SOURCE_FILE
44844,102079,SOURCE_FILE
44849,102079,SOURCE_FILE
44854,102079,SOURCE_FILE
44859,102079,SOURCE_FILE
44871,102079,SOURCE_FILE
44876,102079,SOURCE_FILE
44878,102079,SOURCE_FILE
44883,102079,SOURCE_FILE
44888,102079,SOURCE_FILE
44893,102079,SOURCE_FILE
44902,102079,SOURCE_FILE
44910,102079,SOURCE_FILE
44919,102079,SOURCE_FILE
44927,102079,SOURCE_FILE
44932,102079,SOURCE_FILE
44937,102079,SOURCE_FILE
44944,102079,SOURCE_FILE
44949,102079,SOURCE_FILE
44954,102079,SOURCE_FILE
44959,102079,SOURCE_FILE
44964,102079,SOURCE_FILE
44969,102079,SOURCE_FILE
44974,102079,SOURCE_FILE
44979,102079,SOURCE_FILE
44984,102079,SOURCE_FILE
44989,102079,SOURCE_FILE
44994,102079,SOURCE_FILE
44999,102079,SOURCE_FILE
45004,102079,SOURCE_FILE
45010,102079,SOURCE_FILE
45015,102079,SOURCE_FILE
45023,102079,SOURCE_FILE
45025,102079,SOURCE_FILE
45031,102079,SOURCE_FILE
45036,102079,SOURCE_FILE
45047,102079,SOURCE_FILE
45057,102079,SOURCE_FILE
45062,102079,SOURCE_FILE
45069,102079,SOURCE_FILE
45076,102079,SOURCE_FILE
45081,102079,SOURCE_FILE
45087,102079,SOURCE_FILE
45092,102079,SOURCE_FILE
45097,102079,SOURCE_FILE
45102,102079,SOURCE_FILE
45108,102079,SOURCE_FILE
45114,102079,SOURCE_FILE
45120,102079,SOURCE_FILE
45127,102079,SOURCE_FILE
45133,102079,SOURCE_FILE
45142,102079,SOURCE_FILE
45150,102079,SOURCE_FILE
45155,102079,SOURCE_FILE
45161,102079,SOURCE_FILE
45172,102080,SOURCE_FILE
45173,102080,SOURCE_FILE
45174,102080,SOURCE_FILE
45176,102080,SOURCE_FILE
45192,102080,SOURCE_FILE
45202,102080,SOURCE_FILE
45230,102080,SOURCE_FILE
45397,102081,SOURCE_FILE
45398,102081,SOURCE_FILE
45399,102081,SOURCE_FILE
45401,102081,SOURCE_FILE
45420,102082,SOURCE_FILE
45421,102082,SOURCE_FILE
45422,102082,SOURCE_FILE
45439,102083,SOURCE_FILE
45440,102083,SOURCE_FILE
45441,102083,SOURCE_FILE
45443,102083,SOURCE_FILE
45449,102083,SOURCE_FILE
45454,102083,SOURCE_FILE
45460,102083,SOURCE_FILE
45466,102083,SOURCE_FILE
45471,102083,SOURCE_FILE
45477,102083,SOURCE_FILE
45482,102083,SOURCE_FILE
45487,102083,SOURCE_FILE
45493,102083,SOURCE_FILE
45498,102083,SOURCE_FILE
45503,102083,SOURCE_FILE
45510,102083,SOURCE_FILE
45563,102083,SOURCE_FILE
45878,102083,SOURCE_FILE
45895,102083,SOURCE_FILE
46077,102083,SOURCE_FILE
46213,102083,SOURCE_FILE
46246,102083,SOURCE_FILE
46297,102083,SOURCE_FILE
46814,102083,SOURCE_FILE
47126,102083,SOURCE_FILE
47173,102083,SOURCE_FILE
47791,102083,SOURCE_FILE
48077,102083,SOURCE_FILE
48128,102083,SOURCE_FILE
48204,102083,SOURCE_FILE
48385,102083,SOURCE_FILE
48779,102083,SOURCE_FILE
48834,102083,SOURCE_FILE
49415,102083,SOURCE_FILE
49890,102083,SOURCE_FILE
50104,102083,SOURCE_FILE
50239,102083,SOURCE_FILE
50447,102084,SOURCE_FILE
50448,102084,SOURCE_FILE
50449,102084,SOURCE_FILE
50451,102084,SOURCE_FILE
50456,102084,SOURCE_FILE
50461,102084,SOURCE_FILE
50472,102085,SOURCE_FILE
50473,102085,SOURCE_FILE
50474,102085,SOURCE_FILE
50476,102085,SOURCE_FILE
50484,102085,SOURCE_FILE
50492,102085,SOURCE_FILE
50498,102085,SOURCE_FILE
50613,102085,SOURCE_FILE
51136,102085,SOURCE_FILE
51413,102085,SOURCE_FILE
51499,102085,SOURCE_FILE
51697,102085,SOURCE_FILE
51702,102085,SOURCE_FILE
51771,102085,SOURCE_FILE
51796,102085,SOURCE_FILE
51950,102085,SOURCE_FILE
52015,102085,SOURCE_FILE
52138,102085,SOURCE_FILE
52149,102085,SOURCE_FILE
52167,102085,SOURCE_FILE
52248,102085,SOURCE_FILE
52327,102085,SOURCE_FILE
52764,102085,SOURCE_FILE
53389,102085,SOURCE_FILE
53714,102085,SOURCE_FILE
53812,102086,SOURCE_FILE
53813,102086,SOURCE_FILE
53814,102086,SOURCE_FILE
53816,102086,SOURCE_FILE
53822,102086,SOURCE_FILE
53828,102086,SOURCE_FILE
53833,102086,SOURCE_FILE
53838,102086,SOURCE_FILE
53843,102086,SOURCE_FILE
53848,102086,SOURCE_FILE
53853,102086,SOURCE_FILE
53858,102086,SOURCE_FILE
53863,102086,SOURCE_FILE
53869,102086,SOURCE_FILE
53874,102086,SOURCE_FILE
53879,102086,SOURCE_FILE
53884,102086,SOURCE_FILE
53889,102086,SOURCE_FILE
53914,102087,SOURCE_FILE
53915,102087,SOURCE_FILE
53916,102087,SOURCE_FILE
53918,102087,SOURCE_FILE
53921,102087,SOURCE_FILE
53922,102087,SOURCE_FILE
54224,102087,SOURCE_FILE
54546,102087,SOURCE_FILE
54696,102087,SOURCE_FILE
55041,102087,SOURCE_FILE
55209,102087,SOURCE_FILE
55248,102087,SOURCE_FILE
55387,102087,SOURCE_FILE
55937,102087,SOURCE_FILE
56004,102087,SOURCE_FILE
56292,102087,SOURCE_FILE
56687,102087,SOURCE_FILE
56708,102087,SOURCE_FILE
57247,102087,SOURCE_FILE
58436,102087,SOURCE_FILE
59125,102087,SOURCE_FILE
59708,102087,SOURCE_FILE
60679,102087,SOURCE_FILE
61102,102087,SOURCE_FILE
61300,102087,SOURCE_FILE
61446,102087,SOURCE_FILE
61647,102087,SOURCE_FILE
61698,102087,SOURCE_FILE
61805,102087,SOURCE_FILE
62089,102087,SOURCE_FILE
62172,102087,SOURCE_FILE
62431,102087,SOURCE_FILE
62559,102087,SOURCE_FILE
62565,102087,SOURCE_FILE
62583,102087,SOURCE_FILE
62649,102087,SOURCE_FILE
62786,102087,SOURCE_FILE
63159,102087,SOURCE_FILE
64236,102088,SOURCE_FILE
64237,102088,SOURCE_FILE
64238,102088,SOURCE_FILE
64240,102088,SOURCE_FILE
64245,102088,SOURCE_FILE
64250,102088,SOURCE_FILE
64255,102088,SOURCE_FILE
64262,102089,SOURCE_FILE
64263,102089,SOURCE_FILE
64264,102089,SOURCE_FILE
64266,102089,SOURCE_FILE
64269,102089,SOURCE_FILE
64280,102089,SOURCE_FILE
64292,102089,SOURCE_FILE
64330,102089,SOURCE_FILE
64379,102089,SOURCE_FILE
64528,102089,SOURCE_FILE
64530,102089,SOURCE_FILE
64538,102089,SOURCE_FILE
64539,102089,SOURCE_FILE
64551,102089,SOURCE_FILE
64558,102089,SOURCE_FILE
64559,102089,SOURCE_FILE
64571,102089,SOURCE_FILE
64578,102089,SOURCE_FILE
64579,102089,SOURCE_FILE
64583,102089,SOURCE_FILE
64591,102089,SOURCE_FILE
64592,102089,SOURCE_FILE
64596,102089,SOURCE_FILE
64604,102089,SOURCE_FILE
64605,102089,SOURCE_FILE
64606,102089,SOURCE_FILE
64607,102089,SOURCE_FILE
64608,102089,SOURCE_FILE
64609,102089,SOURCE_FILE
64611,102089,SOURCE_FILE
64616,102089,SOURCE_FILE
64626,102089,SOURCE_FILE
64627,102089,SOURCE_FILE
64628,102089,SOURCE_FILE
64629,102089,SOURCE_FILE
64630,102089,SOURCE_FILE
64631,102089,SOURCE_FILE
64632,102089,SOURCE_FILE
64634,102089,SOURCE_FILE
64639,102089,SOURCE_FILE
64649,102089,SOURCE_FILE
64650,102089,SOURCE_FILE
64651,102089,SOURCE_FILE
64653,102089,SOURCE_FILE
64659,102089,SOURCE_FILE
64669,102089,SOURCE_FILE
64670,102089,SOURCE_FILE
64671,102089,SOURCE_FILE
64672,102089,SOURCE_FILE
64673,102089,SOURCE_FILE
64674,102089,SOURCE_FILE
64675,102089,SOURCE_FILE
64676,102089,SOURCE_FILE
64677,102089,SOURCE_FILE
64679,102089,SOURCE_FILE
64686,102089,SOURCE_FILE
64696,102089,SOURCE_FILE
64697,102089,SOURCE_FILE
64698,102089,SOURCE_FILE
64700,102089,SOURCE_FILE
64705,102089,SOURCE_FILE
64715,102089,SOURCE_FILE
64716,102089,SOURCE_FILE
64717,102089,SOURCE_FILE
64718,102089,SOURCE_FILE
64719,102089,SOURCE_FILE
64720,102089,SOURCE_FILE
64721,102089,SOURCE_FILE
64722,102089,SOURCE_FILE
64723,102089,SOURCE_FILE
64724,102089,SOURCE_FILE
64725,102089,SOURCE_FILE
64726,102089,SOURCE_FILE
64727,102089,SOURCE_FILE
64729,102089,SOURCE_FILE
64734,102089,SOURCE_FILE
64744,102089,SOURCE_FILE
64745,102089,SOURCE_FILE
64746,102089,SOURCE_FILE
64748,102089,SOURCE_FILE
64753,102089,SOURCE_FILE
64763,102089,SOURCE_FILE
64764,102089,SOURCE_FILE
64765,102089,SOURCE_FILE
64766,102089,SOURCE_FILE
64767,102089,SOURCE_FILE
64768,102089,SOURCE_FILE
64769,102089,SOURCE_FILE
64770,102089,SOURCE_FILE
64771,102089,SOURCE_FILE
64773,102089,SOURCE_FILE
64781,102089,SOURCE_FILE
64791,102089,SOURCE_FILE
64792,102089,SOURCE_FILE
64793,102089,SOURCE_FILE
64794,102089,SOURCE_FILE
64795,102089,SOURCE_FILE
64796,102089,SOURCE_FILE
64797,102089,SOURCE_FILE
64798,102089,SOURCE_FILE
64799,102089,SOURCE_FILE
64800,102089,SOURCE_FILE
64801,102089,SOURCE_FILE
64802,102089,SOURCE_FILE
64803,102089,SOURCE_FILE
64839,102090,SOURCE_FILE
64840,102090,SOURCE_FILE
64841,102090,SOURCE_FILE
64843,102090,SOURCE_FILE
64883,102090,SOURCE_FILE
64890,102090,SOURCE_FILE
64894,102090,SOURCE_FILE
64901,102090,SOURCE_FILE
64908,102090,SOURCE_FILE
64915,102090,SOURCE_FILE
64916,102090,SOURCE_FILE
64917,102090,SOURCE_FILE
64918,102090,SOURCE_FILE
64919,102090,SOURCE_FILE
64921,102090,SOURCE_FILE
64927,102090,SOURCE_FILE
64931,102090,SOURCE_FILE
64941,102090,SOURCE_FILE
64942,102090,SOURCE_FILE
64944,102090,SOURCE_FILE
64946,102090,SOURCE_FILE
64948,102090,SOURCE_FILE
64950,102090,SOURCE_FILE
64952,102090,SOURCE_FILE
64956,102090,SOURCE_FILE
64957,102090,SOURCE_FILE
64959,102090,SOURCE_FILE
64961,102090,SOURCE_FILE
64962,102090,SOURCE_FILE
64978,102090,SOURCE_FILE
64980,102090,SOURCE_FILE
64982,102090,SOURCE_FILE
64986,102090,SOURCE_FILE
64989,102090,SOURCE_FILE
64992,102090,SOURCE_FILE
64994,102090,SOURCE_FILE
65001,102090,SOURCE_FILE
65003,102090,SOURCE_FILE
65011,102090,SOURCE_FILE
65017,102090,SOURCE_FILE
65020,102090,SOURCE_FILE
65026,102090,SOURCE_FILE
65033,102090,SOURCE_FILE
65034,102090,SOURCE_FILE
65035,102090,SOURCE_FILE
65036,102090,SOURCE_FILE
65037,102090,SOURCE_FILE
65038,102090,SOURCE_FILE
65039,102090,SOURCE_FILE
65041,102090,SOURCE_FILE
65055,102090,SOURCE_FILE
65056,102090,SOURCE_FILE
65059,102090,SOURCE_FILE
65067,102090,SOURCE_FILE
65069,102090,SOURCE_FILE
65076,102090,SOURCE_FILE
65081,102090,SOURCE_FILE
65082,102090,SOURCE_FILE
65084,102090,SOURCE_FILE
65086,102090,SOURCE_FILE
65087,102090,SOURCE_FILE
65093,102090,SOURCE_FILE
65094,102090,SOURCE_FILE
65100,102090,SOURCE_FILE
65105,102090,SOURCE_FILE
65112,102090,SOURCE_FILE
65116,102090,SOURCE_FILE
65136,102090,SOURCE_FILE
65137,102090,SOURCE_FILE
65139,102090,SOURCE_FILE
65141,102090,SOURCE_FILE
65142,102090,SOURCE_FILE
65144,102090,SOURCE_FILE
65146,102090,SOURCE_FILE
65148,102090,SOURCE_FILE
65150,102090,SOURCE_FILE
65164,102090,SOURCE_FILE
65166,102090,SOURCE_FILE
65170,102090,SOURCE_FILE
65177,102090,SOURCE_FILE
65184,102090,SOURCE_FILE
65188,102090,SOURCE_FILE
65205,102090,SOURCE_FILE
65210,102090,SOURCE_FILE
65212,102090,SOURCE_FILE
65213,102090,SOURCE_FILE
65220,102090,SOURCE_FILE
65230,102090,SOURCE_FILE
65236,102090,SOURCE_FILE
65240,102090,SOURCE_FILE
65241,102090,SOURCE_FILE
65242,102090,SOURCE_FILE
65243,102090,SOURCE_FILE
65249,102090,SOURCE_FILE
65250,102090,SOURCE_FILE
65260,102090,SOURCE_FILE
65271,102090,SOURCE_FILE
65274,102090,SOURCE_FILE
65279,102090,SOURCE_FILE
65284,102090,SOURCE_FILE
65289,102090,SOURCE_FILE
65296,102090,SOURCE_FILE
65301,102090,SOURCE_FILE
65309,102090,SOURCE_FILE
65314,102090,SOURCE_FILE
65319,102090,SOURCE_FILE
65324,102090,SOURCE_FILE
65329,102090,SOURCE_FILE
65336,102090,SOURCE_FILE
65344,102090,SOURCE_FILE
65349,102090,SOURCE_FILE
65354,102090,SOURCE_FILE
65359,102090,SOURCE_FILE
65364,102090,SOURCE_FILE
65369,102090,SOURCE_FILE
65374,102090,SOURCE_FILE
65379,102090,SOURCE_FILE
65384,102090,SOURCE_FILE
65389,102090,SOURCE_FILE
65394,102090,SOURCE_FILE
65399,102090,SOURCE_FILE
65404,102090,SOURCE_FILE
65412,102090,SOURCE_FILE
65420,102090,SOURCE_FILE
65427,102090,SOURCE_FILE
65433,102090,SOURCE_FILE
65439,102090,SOURCE_FILE
65444,102090,SOURCE_FILE
65449,102090,SOURCE_FILE
65454,102090,SOURCE_FILE
65462,102091,SOURCE_FILE
65463,102091,SOURCE_FILE
65464,102091,SOURCE_FILE
65466,102091,SOURCE_FILE
65473,102091,SOURCE_FILE
65478,102091,SOURCE_FILE
65479,102091,SOURCE_FILE
65651,102091,SOURCE_FILE
65974,102091,SOURCE_FILE
66131,102091,SOURCE_FILE
66466,102092,SOURCE_FILE
66467,102092,SOURCE_FILE
66468,102092,SOURCE_FILE
66470,102092,SOURCE_FILE
66474,102092,SOURCE_FILE
66547,102092,SOURCE_FILE
66589,102092,SOURCE_FILE
66617,102092,SOURCE_FILE
66816,102092,SOURCE_FILE
67134,102092,SOURCE_FILE
67216,102092,SOURCE_FILE
67345,102092,SOURCE_FILE
67395,102092,SOURCE_FILE
67401,102092,SOURCE_FILE
67622,102092,SOURCE_FILE
67663,102092,SOURCE_FILE
67873,102093,SOURCE_FILE
67874,102093,SOURCE_FILE
67875,102093,SOURCE_FILE
67877,102093,SOURCE_FILE
67878,102093,SOURCE_FILE
67882,102093,SOURCE_FILE
67939,102093,SOURCE_FILE
67989,102093,SOURCE_FILE
68012,102094,SOURCE_FILE
68013,102094,SOURCE_FILE
68014,102094,SOURCE_FILE
68016,102094,SOURCE_FILE
68048,102094,SOURCE_FILE
68090,102094,SOURCE_FILE
68128,102094,SOURCE_FILE
68150,102094,SOURCE_FILE
68190,102094,SOURCE_FILE
68216,102094,SOURCE_FILE
68281,102094,SOURCE_FILE
68689,102094,SOURCE_FILE
68748,102094,SOURCE_FILE
68798,102094,SOURCE_FILE
68861,102094,SOURCE_FILE
69009,102094,SOURCE_FILE
69408,102094,SOURCE_FILE
69510,102094,SOURCE_FILE
69589,102094,SOURCE_FILE
69676,102094,SOURCE_FILE
69724,102094,SOURCE_FILE
69777,102094,SOURCE_FILE
69850,102094,SOURCE_FILE
69923,102094,SOURCE_FILE
69996,102094,SOURCE_FILE
70341,102094,SOURCE_FILE
70407,102094,SOURCE_FILE
70581,102094,SOURCE_FILE
70597,102094,SOURCE_FILE
70670,102094,SOURCE_FILE
70927,102094,SOURCE_FILE
71383,102094,SOURCE_FILE
71699,102095,SOURCE_FILE
71700,102095,SOURCE_FILE
71701,102095,SOURCE_FILE
71703,102095,SOURCE_FILE
71710,102095,SOURCE_FILE
71717,102095,SOURCE_FILE
71724,102095,SOURCE_FILE
71729,102095,SOURCE_FILE
71735,102095,SOURCE_FILE
71744,102095,SOURCE_FILE
71749,102095,SOURCE_FILE
72104,102095,SOURCE_FILE
72189,102095,SOURCE_FILE
72309,102095,SOURCE_FILE
72330,102095,SOURCE_FILE
72399,102095,SOURCE_FILE
73215,102095,SOURCE_FILE
73252,102095,SOURCE_FILE
73413,102095,SOURCE_FILE
73667,102095,SOURCE_FILE
73755,102095,SOURCE_FILE
73970,102095,SOURCE_FILE
74193,102095,SOURCE_FILE
74298,102096,SOURCE_FILE
74299,102096,SOURCE_FILE
74300,102096,SOURCE_FILE
74302,102096,SOURCE_FILE
74444,102096,SOURCE_FILE
74490,102096,SOURCE_FILE
74548,102096,SOURCE_FILE
74639,102096,SOURCE_FILE
74783,102096,SOURCE_FILE
74814,102096,SOURCE_FILE
74906,102096,SOURCE_FILE
74933,102096,SOURCE_FILE
74997,102096,SOURCE_FILE
75087,102096,SOURCE_FILE
75106,102096,SOURCE_FILE
75693,102096,SOURCE_FILE
75772,102096,SOURCE_FILE
76040,102096,SOURCE_FILE
76249,102096,SOURCE_FILE
76294,102096,SOURCE_FILE
76384,102096,SOURCE_FILE
76469,102096,SOURCE_FILE
76640,102096,SOURCE_FILE
76661,102096,SOURCE_FILE
76683,102096,SOURCE_FILE
76770,102096,SOURCE_FILE
76995,102096,SOURCE_FILE
77043,102097,SOURCE_FILE
77044,102097,SOURCE_FILE
77045,102097,SOURCE_FILE
77047,102097,SOURCE_FILE
77051,102097,SOURCE_FILE
77052,102097,SOURCE_FILE
77056,102097,SOURCE_FILE
77062,102097,SOURCE_FILE
77069,102097,SOURCE_FILE
77075,102097,SOURCE_FILE
77097,102097,SOURCE_FILE
77132,102097,SOURCE_FILE
77183,102097,SOURCE_FILE
77317,102097,SOURCE_FILE
77386,102097,SOURCE_FILE
77501,102097,SOURCE_FILE
77635,102097,SOURCE_FILE
77753,102097,SOURCE_FILE
78128,102097,SOURCE_FILE
78160,102098,SOURCE_FILE
78161,102098,SOURCE_FILE
78162,102098,SOURCE_FILE
78164,102098,SOURCE_FILE
78376,102098,SOURCE_FILE
78480,102099,SOURCE_FILE
78481,102099,SOURCE_FILE
78482,102099,SOURCE_FILE
78484,102099,SOURCE_FILE
78492,102099,SOURCE_FILE
78504,102100,SOURCE_FILE
78505,102100,SOURCE_FILE
78506,102100,SOURCE_FILE
78527,102101,SOURCE_FILE
78528,102101,SOURCE_FILE
78529,102079,SOURCE_FILE
78531,102101,SOURCE_FILE
78532,102101,SOURCE_FILE
78533,102101,SOURCE_FILE
78535,102101,SOURCE_FILE
78540,102101,SOURCE_FILE
78568,102101,SOURCE_FILE
78648,102101,SOURCE_FILE
78654,102101,SOURCE_FILE
78827,102101,SOURCE_FILE
79026,102101,SOURCE_FILE
79159,102101,SOURCE_FILE
79211,102101,SOURCE_FILE
79218,102101,SOURCE_FILE
79310,102101,SOURCE_FILE
79349,102101,SOURCE_FILE
79757,102102,SOURCE_FILE
79758,102102,SOURCE_FILE
79759,102102,SOURCE_FILE
79761,102102,SOURCE_FILE
79762,102102,SOURCE_FILE
79767,102102,SOURCE_FILE
79774,102102,SOURCE_FILE
79781,102102,SOURCE_FILE
79788,102102,SOURCE_FILE
79796,102102,SOURCE_FILE
79803,102102,SOURCE_FILE
79805,102102,SOURCE_FILE
79812,102102,SOURCE_FILE
79817,102102,SOURCE_FILE
79833,102103,SOURCE_FILE
79834,102103,SOURCE_FILE
79835,102103,SOURCE_FILE
79840,102103,SOURCE_FILE
79845,102103,SOURCE_FILE
79931,102104,SOURCE_FILE
79932,102104,SOURCE_FILE
79933,102104,SOURCE_FILE
79935,102104,SOURCE_FILE
79941,102105,SOURCE_FILE
79942,102105,SOURCE_FILE
79943,102105,SOURCE_FILE
79945,102105,SOURCE_FILE
79957,102105,SOURCE_FILE
80046,102106,SOURCE_FILE
80047,102106,SOURCE_FILE
80048,102106,SOURCE_FILE
80050,102106,SOURCE_FILE
80055,102106,SOURCE_FILE
80056,102106,SOURCE_FILE
80065,102106,SOURCE_FILE
80094,102106,SOURCE_FILE
80172,102106,SOURCE_FILE
80189,102106,SOURCE_FILE
80243,102106,SOURCE_FILE
80694,102107,SOURCE_FILE
80695,102107,SOURCE_FILE
80696,102107,SOURCE_FILE
80698,102107,SOURCE_FILE
80703,102107,SOURCE_FILE
80708,102107,SOURCE_FILE
80715,102107,SOURCE_FILE
80720,102107,SOURCE_FILE
80725,102107,SOURCE_FILE
80732,102107,SOURCE_FILE
80746,102108,SOURCE_FILE
80747,102108,SOURCE_FILE
80748,102108,SOURCE_FILE
80750,102108,SOURCE_FILE
80756,102108,SOURCE_FILE
80757,102108,SOURCE_FILE
80759,102108,SOURCE_FILE
80772,102108,SOURCE_FILE
80801,102108,SOURCE_FILE
80912,102108,SOURCE_FILE
80929,102108,SOURCE_FILE
80990,102108,SOURCE_FILE
81035,102108,SOURCE_FILE
81111,102108,SOURCE_FILE
81140,102108,SOURCE_FILE
81546,102109,SOURCE_FILE
81547,102109,SOURCE_FILE
81548,102109,SOURCE_FILE
81550,102109,SOURCE_FILE
81555,102109,SOURCE_FILE
81560,102109,SOURCE_FILE
81598,102110,SOURCE_FILE
81599,102110,SOURCE_FILE
81600,102110,SOURCE_FILE
81602,102110,SOURCE_FILE
81651,102110,SOURCE_FILE
81656,102110,SOURCE_FILE
81661,102110,SOURCE_FILE
81666,102110,SOURCE_FILE
81673,102110,SOURCE_FILE
81678,102110,SOURCE_FILE
81720,102110,SOURCE_FILE
81731,102110,SOURCE_FILE
81746,102110,SOURCE_FILE
81870,102110,SOURCE_FILE
82166,102110,SOURCE_FILE
82217,102110,SOURCE_FILE
82263,102110,SOURCE_FILE
82329,102110,SOURCE_FILE
82365,102110,SOURCE_FILE
82406,102110,SOURCE_FILE
82523,102110,SOURCE_FILE
82664,102110,SOURCE_FILE
82860,102110,SOURCE_FILE
82964,102110,SOURCE_FILE
83033,102110,SOURCE_FILE
83073,102110,SOURCE_FILE
83619,102110,SOURCE_FILE
83689,102110,SOURCE_FILE
83728,102110,SOURCE_FILE
83750,102110,SOURCE_FILE
83767,102110,SOURCE_FILE
83782,102110,SOURCE_FILE
83808,102110,SOURCE_FILE
83826,102110,SOURCE_FILE
83879,102110,SOURCE_FILE
83887,102110,SOURCE_FILE
83903,102110,SOURCE_FILE
84086,102110,SOURCE_FILE
84178,102110,SOURCE_FILE
84238,102110,SOURCE_FILE
84244,102110,SOURCE_FILE
84251,102110,SOURCE_FILE
85117,102110,SOURCE_FILE
85380,102110,SOURCE_FILE
85484,102110,SOURCE_FILE
85547,102110,SOURCE_FILE
85645,102110,SOURCE_FILE
85671,102110,SOURCE_FILE
85679,102110,SOURCE_FILE
85688,102110,SOURCE_FILE
85724,102110,SOURCE_FILE
85749,102111,SOURCE_FILE
85750,102111,SOURCE_FILE
85751,102111,SOURCE_FILE
85753,102111,SOURCE_FILE
85763,102111,SOURCE_FILE
85768,102111,SOURCE_FILE
85773,102111,SOURCE_FILE
85778,102111,SOURCE_FILE
85785,102111,SOURCE_FILE
85792,102111,SOURCE_FILE
85797,102111,SOURCE_FILE
85803,102111,SOURCE_FILE
85808,102111,SOURCE_FILE
85813,102111,SOURCE_FILE
85819,102111,SOURCE_FILE
85826,102111,SOURCE_FILE
85831,102111,SOURCE_FILE
85836,102111,SOURCE_FILE
85841,102111,SOURCE_FILE
85846,102111,SOURCE_FILE
85852,102111,SOURCE_FILE
85859,102111,SOURCE_FILE
85861,102111,SOURCE_FILE
85866,102111,SOURCE_FILE
85871,102111,SOURCE_FILE
85886,102112,SOURCE_FILE
85887,102112,SOURCE_FILE
85888,102112,SOURCE_FILE
85903,102113,SOURCE_FILE
85904,102113,SOURCE_FILE
85905,102113,SOURCE_FILE
85921,102113,SOURCE_FILE
85934,102113,SOURCE_FILE
85991,102113,SOURCE_FILE
86151,102113,SOURCE_FILE
86182,102113,SOURCE_FILE
86205,102113,SOURCE_FILE
86228,102113,SOURCE_FILE
86373,102114,SOURCE_FILE
86374,102114,SOURCE_FILE
86375,102114,SOURCE_FILE
86377,102114,SOURCE_FILE
86382,102114,SOURCE_FILE
86387,102114,SOURCE_FILE
86394,102114,SOURCE_FILE
86400,102114,SOURCE_FILE
86406,102114,SOURCE_FILE
86411,102114,SOURCE_FILE
86412,102114,SOURCE_FILE
86413,102114,SOURCE_FILE
86421,102114,SOURCE_FILE
86446,102115,SOURCE_FILE
86447,102115,SOURCE_FILE
86448,102115,SOURCE_FILE
86451,102116,SOURCE_FILE
86452,102116,SOURCE_FILE
86453,102116,SOURCE_FILE
86455,102116,SOURCE_FILE
86461,102116,SOURCE_FILE
86467,102116,SOURCE_FILE
86473,102116,SOURCE_FILE
86479,102116,SOURCE_FILE
86486,102116,SOURCE_FILE
86491,102116,SOURCE_FILE
86496,102116,SOURCE_FILE
86501,102116,SOURCE_FILE
86506,102116,SOURCE_FILE
86511,102116,SOURCE_FILE
86516,102116,SOURCE_FILE
86521,102116,SOURCE_FILE
86526,102116,SOURCE_FILE
86531,102116,SOURCE_FILE
86533,102116,SOURCE_FILE
86538,102116,SOURCE_FILE
86544,102116,SOURCE_FILE
86549,102116,SOURCE_FILE
86607,102117,SOURCE_FILE
86608,102117,SOURCE_FILE
86609,102117,SOURCE_FILE
86611,102117,SOURCE_FILE
86615,102117,SOURCE_FILE
86619,102117,SOURCE_FILE
86626,102117,SOURCE_FILE
86634,102117,SOURCE_FILE
86641,102117,SOURCE_FILE
86648,102117,SOURCE_FILE
86666,102117,SOURCE_FILE
86686,102117,SOURCE_FILE
86699,102117,SOURCE_FILE
86725,102117,SOURCE_FILE
86747,102117,SOURCE_FILE
86804,102117,SOURCE_FILE
86880,102117,SOURCE_FILE
86901,102117,SOURCE_FILE
87000,102117,SOURCE_FILE
87087,102117,SOURCE_FILE
87178,102117,SOURCE_FILE
87263,102117,SOURCE_FILE
87320,102117,SOURCE_FILE
87377,102117,SOURCE_FILE
87625,102117,SOURCE_FILE
87684,102117,SOURCE_FILE
87755,102117,SOURCE_FILE
87845,102117,SOURCE_FILE
87923,102117,SOURCE_FILE
88267,102117,SOURCE_FILE
88297,102117,SOURCE_FILE
88361,102117,SOURCE_FILE
88509,102117,SOURCE_FILE
88628,102117,SOURCE_FILE
88689,102117,SOURCE_FILE
88767,102117,SOURCE_FILE
88823,102117,SOURCE_FILE
88917,102117,SOURCE_FILE
89096,102117,SOURCE_FILE
89120,102117,SOURCE_FILE
89140,102117,SOURCE_FILE
89183,102117,SOURCE_FILE
89263,102117,SOURCE_FILE
89338,102117,SOURCE_FILE
89455,102117,SOURCE_FILE
89612,102117,SOURCE_FILE
89781,102117,SOURCE_FILE
89803,102117,SOURCE_FILE
89909,102117,SOURCE_FILE
90037,102117,SOURCE_FILE
90186,102117,SOURCE_FILE
90676,102117,SOURCE_FILE
90721,102117,SOURCE_FILE
90796,102117,SOURCE_FILE
90804,102117,SOURCE_FILE
90812,102117,SOURCE_FILE
90969,102117,SOURCE_FILE
90978,102117,SOURCE_FILE
90987,102117,SOURCE_FILE
91082,102117,SOURCE_FILE
91091,102117,SOURCE_FILE
91100,102117,SOURCE_FILE
91261,102117,SOURCE_FILE
91270,102117,SOURCE_FILE
91279,102117,SOURCE_FILE
91429,102117,SOURCE_FILE
91438,102117,SOURCE_FILE
91447,102117,SOURCE_FILE
91646,102117,SOURCE_FILE
91655,102117,SOURCE_FILE
91664,102117,SOURCE_FILE
91673,102117,SOURCE_FILE
91682,102117,SOURCE_FILE
91858,102117,SOURCE_FILE
91867,102117,SOURCE_FILE
91876,102117,SOURCE_FILE
91885,102117,SOURCE_FILE
91894,102117,SOURCE_FILE
91979,102117,SOURCE_FILE
91988,102117,SOURCE_FILE
91997,102117,SOURCE_FILE
92118,102117,SOURCE_FILE
92127,102117,SOURCE_FILE
92136,102117,SOURCE_FILE
92181,102117,SOURCE_FILE
92459,102117,SOURCE_FILE
92468,102117,SOURCE_FILE
92477,102117,SOURCE_FILE
92776,102117,SOURCE_FILE
92785,102117,SOURCE_FILE
92794,102117,SOURCE_FILE
92803,102117,SOURCE_FILE
92812,102117,SOURCE_FILE
92872,102117,SOURCE_FILE
92929,102117,SOURCE_FILE
92983,102117,SOURCE_FILE
93316,102117,SOURCE_FILE
93405,102117,SOURCE_FILE
93654,102117,SOURCE_FILE
93655,102117,SOURCE_FILE
93656,102117,SOURCE_FILE
93659,102117,SOURCE_FILE
93835,102117,SOURCE_FILE
93840,102117,SOURCE_FILE
93845,102117,SOURCE_FILE
93850,102117,SOURCE_FILE
93855,102117,SOURCE_FILE
94004,102118,SOURCE_FILE
94005,102118,SOURCE_FILE
94006,102118,SOURCE_FILE
94008,102118,SOURCE_FILE
94015,102118,SOURCE_FILE
94016,102118,SOURCE_FILE
94017,102118,SOURCE_FILE
94019,102118,SOURCE_FILE
94023,102118,SOURCE_FILE
94025,102118,SOURCE_FILE
94030,102118,SOURCE_FILE
94033,102118,SOURCE_FILE
94034,102118,SOURCE_FILE
94037,102118,SOURCE_FILE
94038,102118,SOURCE_FILE
94039,102118,SOURCE_FILE
94040,102118,SOURCE_FILE
94041,102118,SOURCE_FILE
94043,102118,SOURCE_FILE
94076,102118,SOURCE_FILE
94082,102118,SOURCE_FILE
94089,102118,SOURCE_FILE
94094,102118,SOURCE_FILE
94100,102118,SOURCE_FILE
94107,102118,SOURCE_FILE
94127,102118,SOURCE_FILE
94160,102118,SOURCE_FILE
94171,102118,SOURCE_FILE
94191,102118,SOURCE_FILE
94206,102118,SOURCE_FILE
94228,102118,SOURCE_FILE
94314,102118,SOURCE_FILE
94509,102118,SOURCE_FILE
94573,102118,SOURCE_FILE
94654,102118,SOURCE_FILE
94709,102118,SOURCE_FILE
94734,102118,SOURCE_FILE
94745,102118,SOURCE_FILE
94772,102118,SOURCE_FILE
94803,102118,SOURCE_FILE
94838,102118,SOURCE_FILE
94851,102118,SOURCE_FILE
95041,102118,SOURCE_FILE
95092,102118,SOURCE_FILE
95288,102118,SOURCE_FILE
95308,102118,SOURCE_FILE
95330,102118,SOURCE_FILE
95364,102118,SOURCE_FILE
95478,102118,SOURCE_FILE
95575,102118,SOURCE_FILE
95588,102118,SOURCE_FILE
95601,102118,SOURCE_FILE
95636,102118,SOURCE_FILE
95662,102118,SOURCE_FILE
95682,102118,SOURCE_FILE
95711,102118,SOURCE_FILE
95741,102118,SOURCE_FILE
95770,102118,SOURCE_FILE
95813,102118,SOURCE_FILE
95850,102118,SOURCE_FILE
95862,102118,SOURCE_FILE
95900,102118,SOURCE_FILE
95936,102118,SOURCE_FILE
95983,102118,SOURCE_FILE
95990,102118,SOURCE_FILE
95997,102118,SOURCE_FILE
96286,102118,SOURCE_FILE
96859,102118,SOURCE_FILE
96977,102118,SOURCE_FILE
97235,102119,SOURCE_FILE
97236,102119,SOURCE_FILE
97237,102119,SOURCE_FILE
97243,102119,SOURCE_FILE
97251,102119,SOURCE_FILE
97400,102119,SOURCE_FILE
97445,102119,SOURCE_FILE
97456,102119,SOURCE_FILE
97506,102120,SOURCE_FILE
97507,102120,SOURCE_FILE
97508,102079,SOURCE_FILE
97511,102121,SOURCE_FILE
97512,102121,SOURCE_FILE
97513,102121,SOURCE_FILE
97515,102121,SOURCE_FILE
97520,102121,SOURCE_FILE
97525,102121,SOURCE_FILE
97532,102121,SOURCE_FILE
97539,102121,SOURCE_FILE
97546,102121,SOURCE_FILE
97551,102121,SOURCE_FILE
97556,102121,SOURCE_FILE
97563,102121,SOURCE_FILE
97569,102121,SOURCE_FILE
97577,102122,SOURCE_FILE
97578,102122,SOURCE_FILE
97579,102122,SOURCE_FILE
97598,102123,SOURCE_FILE
97599,102123,SOURCE_FILE
97600,102123,SOURCE_FILE
97608,102123,SOURCE_FILE
97671,102123,SOURCE_FILE
97749,102123,SOURCE_FILE
97830,102123,SOURCE_FILE
97911,102123,SOURCE_FILE
97976,102123,SOURCE_FILE
98063,102123,SOURCE_FILE
98128,102123,SOURCE_FILE
98192,102123,SOURCE_FILE
98244,102123,SOURCE_FILE
98299,102123,SOURCE_FILE
98339,102123,SOURCE_FILE
98346,102123,SOURCE_FILE
98354,102123,SOURCE_FILE
98365,102124,SOURCE_FILE
98366,102124,SOURCE_FILE
98367,102124,SOURCE_FILE
98369,102124,SOURCE_FILE
98374,102124,SOURCE_FILE
98382,102124,SOURCE_FILE
98388,102124,SOURCE_FILE
98394,102124,SOURCE_FILE
98400,102124,SOURCE_FILE
98406,102124,SOURCE_FILE
98412,102124,SOURCE_FILE
98418,102124,SOURCE_FILE
98425,102124,SOURCE_FILE
98432,102124,SOURCE_FILE
98437,102124,SOURCE_FILE
98442,102124,SOURCE_FILE
98470,102125,SOURCE_FILE
98471,102125,SOURCE_FILE
98472,102125,SOURCE_FILE
98474,102125,SOURCE_FILE
98588,102125,SOURCE_FILE
98676,102125,SOURCE_FILE
98726,102126,SOURCE_FILE
98727,102126,SOURCE_FILE
98728,102126,SOURCE_FILE
98730,102126,SOURCE_FILE
98742,102126,SOURCE_FILE
98743,102126,SOURCE_FILE
98970,102126,SOURCE_FILE
99598,102126,SOURCE_FILE
99613,102126,SOURCE_FILE
99621,102126,SOURCE_FILE
99630,102126,SOURCE_FILE
99694,102126,SOURCE_FILE
99746,102126,SOURCE_FILE
100018,102126,SOURCE_FILE
100109,102126,SOURCE_FILE
100197,102126,SOURCE_FILE
100216,102126,SOURCE_FILE
100249,102127,SOURCE_FILE
100250,102127,SOURCE_FILE
100251,102127,SOURCE_FILE
100253,102127,SOURCE_FILE
100260,102127,SOURCE_FILE
100261,102127,SOURCE_FILE
100264,102127,SOURCE_FILE
100269,102127,SOURCE_FILE
100273,102127,SOURCE_FILE
100278,102127,SOURCE_FILE
100283,102127,SOURCE_FILE
100288,102127,SOURCE_FILE
100296,102127,SOURCE_FILE
100304,102127,SOURCE_FILE
100310,102127,SOURCE_FILE
100318,102127,SOURCE_FILE
100327,102127,SOURCE_FILE
100332,102127,SOURCE_FILE
100382,102128,SOURCE_FILE
100383,102128,SOURCE_FILE
100384,102128,SOURCE_FILE
100386,102128,SOURCE_FILE
100391,102128,SOURCE_FILE
100394,102128,SOURCE_FILE
100402,102128,SOURCE_FILE
100403,102128,SOURCE_FILE
100410,102128,SOURCE_FILE
100411,102128,SOURCE_FILE
100412,102128,SOURCE_FILE
100417,102128,SOURCE_FILE
100422,102128,SOURCE_FILE
100428,102128,SOURCE_FILE
100434,102128,SOURCE_FILE
100441,102128,SOURCE_FILE
100446,102128,SOURCE_FILE
100448,102128,SOURCE_FILE
100455,102128,SOURCE_FILE
100461,102128,SOURCE_FILE
100466,102128,SOURCE_FILE
100467,102128,SOURCE_FILE
100474,102128,SOURCE_FILE
100475,102128,SOURCE_FILE
100476,102128,SOURCE_FILE
100481,102128,SOURCE_FILE
100486,102128,SOURCE_FILE
100492,102128,SOURCE_FILE
100498,102128,SOURCE_FILE
100505,102128,SOURCE_FILE
100510,102128,SOURCE_FILE
100512,102128,SOURCE_FILE
100520,102128,SOURCE_FILE
100526,102128,SOURCE_FILE
100531,102128,SOURCE_FILE
100537,102128,SOURCE_FILE
100544,102128,SOURCE_FILE
100552,102128,SOURCE_FILE
100553,102128,SOURCE_FILE
100554,102128,SOURCE_FILE
100559,102128,SOURCE_FILE
100564,102128,SOURCE_FILE
100570,102128,SOURCE_FILE
100575,102128,SOURCE_FILE
100581,102128,SOURCE_FILE
100588,102128,SOURCE_FILE
100595,102128,SOURCE_FILE
100600,102128,SOURCE_FILE
100604,102128,SOURCE_FILE
100610,102128,SOURCE_FILE
100617,102128,SOURCE_FILE
100625,102128,SOURCE_FILE
100630,102128,SOURCE_FILE
100636,102128,SOURCE_FILE
100643,102128,SOURCE_FILE
100650,102128,SOURCE_FILE
100655,102128,SOURCE_FILE
100661,102128,SOURCE_FILE
100667,102128,SOURCE_FILE
100669,102128,SOURCE_FILE
100677,102128,SOURCE_FILE
100683,102128,SOURCE_FILE
101543,102038,SOURCE_FILE
101544,102038,SOURCE_FILE
101545,102038,SOURCE_FILE
101546,102038,SOURCE_FILE
101547,102038,SOURCE_FILE
101548,102038,SOURCE_FILE
101549,102038,SOURCE_FILE
101550,102038,SOURCE_FILE
101551,102038,SOURCE_FILE
101552,102038,SOURCE_FILE
101553,102038,SOURCE_FILE
101554,102038,SOURCE_FILE
101555,102038,SOURCE_FILE
101556,102038,SOURCE_FILE
101557,102038,SOURCE_FILE
101558,102038,SOURCE_FILE
101559,102038,SOURCE_FILE
101560,102038,SOURCE_FILE
101561,102038,SOURCE_FILE
101562,102038,SOURCE_FILE
101563,102038,SOURCE_FILE
101564,102038,SOURCE_FILE
101565,102038,SOURCE_FILE
101566,102038,SOURCE_FILE
101567,102038,SOURCE_FILE
101568,102038,SOURCE_FILE
101569,102038,SOURCE_FILE
101570,102038,SOURCE_FILE
101571,102038,SOURCE_FILE
101572,102038,SOURCE_FILE
101573,102038,SOURCE_FILE
101574,102038,SOURCE_FILE
101575,102038,SOURCE_FILE
101576,102038,SOURCE_FILE
101577,102038,SOURCE_FILE
101578,102038,SOURCE_FILE
101579,102038,SOURCE_FILE
101580,102038,SOURCE_FILE
101581,102038,SOURCE_FILE
101582,102038,SOURCE_FILE
101583,102038,SOURCE_FILE
101584,102038,SOURCE_FILE
101585,102038,SOURCE_FILE
101586,102038,SOURCE_FILE
101587,102038,SOURCE_FILE
101588,102038,SOURCE_FILE
101589,102038,SOURCE_FILE
101590,102038,SOURCE_FILE
101591,102038,SOURCE_FILE
101592,102038,SOURCE_FILE
101593,102038,SOURCE_FILE
101594,102038,SOURCE_FILE
101595,102038,SOURCE_FILE
101596,102038,SOURCE_FILE
101597,102038,SOURCE_FILE
101598,102038,SOURCE_FILE
101599,102038,SOURCE_FILE
101600,102038,SOURCE_FILE
101601,102038,SOURCE_FILE
101602,102038,SOURCE_FILE
101603,102038,SOURCE_FILE
101604,102038,SOURCE_FILE
101605,102038,SOURCE_FILE
101606,102038,SOURCE_FILE
101607,102038,SOURCE_FILE
101608,102038,SOURCE_FILE
101609,102038,SOURCE_FILE
101610,102038,SOURCE_FILE
101611,102038,SOURCE_FILE
101612,102038,SOURCE_FILE
101613,102038,SOURCE_FILE
101614,102038,SOURCE_FILE
101615,102038,SOURCE_FILE
101616,102038,SOURCE_FILE
101617,102038,SOURCE_FILE
101618,102038,SOURCE_FILE
101619,102038,SOURCE_FILE
101620,102038,SOURCE_FILE
101621,102038,SOURCE_FILE
101622,102038,SOURCE_FILE
101623,102038,SOURCE_FILE
101624,102038,SOURCE_FILE
101625,102038,SOURCE_FILE
101626,102038,SOURCE_FILE
101627,102038,SOURCE_FILE
101628,102038,SOURCE_FILE
101629,102038,SOURCE_FILE
101630,102038,SOURCE_FILE
101631,102038,SOURCE_FILE
101632,102038,SOURCE_FILE
101633,102038,SOURCE_FILE
101634,102038,SOURCE_FILE
101635,102038,SOURCE_FILE
101636,102038,SOURCE_FILE
101637,102038,SOURCE_FILE
101638,102038,SOURCE_FILE
101639,102038,SOURCE_FILE
101640,102038,SOURCE_FILE
101641,102038,SOURCE_FILE
101642,102038,SOURCE_FILE
101643,102038,SOURCE_FILE
101644,102038,SOURCE_FILE
101645,102038,SOURCE_FILE
101646,102038,SOURCE_FILE
101647,102038,SOURCE_FILE
101648,102038,SOURCE_FILE
101649,102038,SOURCE_FILE
101650,102038,SOURCE_FILE
101651,102038,SOURCE_FILE
101652,102038,SOURCE_FILE
101653,102038,SOURCE_FILE
101654,102038,SOURCE_FILE
101655,102038,SOURCE_FILE
101656,102038,SOURCE_FILE
101657,102038,SOURCE_FILE
101658,102038,SOURCE_FILE
101659,102038,SOURCE_FILE
101660,102038,SOURCE_FILE
101661,102038,SOURCE_FILE
101662,102038,SOURCE_FILE
101663,102038,SOURCE_FILE
101664,102038,SOURCE_FILE
101665,102038,SOURCE_FILE
101666,102038,SOURCE_FILE
101667,102038,SOURCE_FILE
101668,102038,SOURCE_FILE
101669,102038,SOURCE_FILE
101670,102038,SOURCE_FILE
101671,102038,SOURCE_FILE
101672,102038,SOURCE_FILE
101673,102038,SOURCE_FILE
101674,102038,SOURCE_FILE
101675,102038,SOURCE_FILE
101676,102038,SOURCE_FILE
101677,102038,SOURCE_FILE
101678,102038,SOURCE_FILE
101679,102038,SOURCE_FILE
101680,102038,SOURCE_FILE
101681,102038,SOURCE_FILE
101682,102038,SOURCE_FILE
101683,102038,SOURCE_FILE
101684,102038,SOURCE_FILE
101685,102038,SOURCE_FILE
101686,102038,SOURCE_FILE
101687,102038,SOURCE_FILE
101688,102038,SOURCE_FILE
101689,102038,SOURCE_FILE
101690,102038,SOURCE_FILE
101691,102038,SOURCE_FILE
101692,102038,SOURCE_FILE
101693,102038,SOURCE_FILE
101694,102038,SOURCE_FILE
101695,102038,SOURCE_FILE
101696,102038,SOURCE_FILE
101697,102038,SOURCE_FILE
101698,102038,SOURCE_FILE
101699,102038,SOURCE_FILE
101700,102038,SOURCE_FILE
101701,102038,SOURCE_FILE
101702,102038,SOURCE_FILE
101703,102038,SOURCE_FILE
101704,102038,SOURCE_FILE
101705,102038,SOURCE_FILE
101706,102038,SOURCE_FILE
101707,102038,SOURCE_FILE
101708,102038,SOURCE_FILE
101709,102038,SOURCE_FILE
101710,102038,SOURCE_FILE
101711,102038,SOURCE_FILE
101712,102038,SOURCE_FILE
101713,102038,SOURCE_FILE
101714,102038,SOURCE_FILE
101715,102038,SOURCE_FILE
101716,102038,SOURCE_FILE
101717,102038,SOURCE_FILE
101718,102038,SOURCE_FILE
101719,102038,SOURCE_FILE
101720,102038,SOURCE_FILE
101721,102038,SOURCE_FILE
101722,102038,SOURCE_FILE
101723,102038,SOURCE_FILE
101724,102038,SOURCE_FILE
101725,102038,SOURCE_FILE
101726,102038,SOURCE_FILE
101727,102038,SOURCE_FILE
101728,102038,SOURCE_FILE
101729,102038,SOURCE_FILE
101730,102038,SOURCE_FILE
101731,102038,SOURCE_FILE
101732,102038,SOURCE_FILE
101733,102038,SOURCE_FILE
101734,102038,SOURCE_FILE
101735,102038,SOURCE_FILE
101736,102038,SOURCE_FILE
101737,102038,SOURCE_FILE
101738,102038,SOURCE_FILE
101739,102038,SOURCE_FILE
101740,102038,SOURCE_FILE
101741,102038,SOURCE_FILE
101742,102038,SOURCE_FILE
101743,102038,SOURCE_FILE
101744,102038,SOURCE_FILE
101745,102038,SOURCE_FILE
101746,102038,SOURCE_FILE
101747,102038,SOURCE_FILE
101748,102038,SOURCE_FILE
101749,102038,SOURCE_FILE
101750,102038,SOURCE_FILE
101751,102038,SOURCE_FILE
101752,102038,SOURCE_FILE
101753,102038,SOURCE_FILE
101754,102038,SOURCE_FILE
101755,102038,SOURCE_FILE
101756,102038,SOURCE_FILE
101757,102038,SOURCE_FILE
101758,102038,SOURCE_FILE
101759,102038,SOURCE_FILE
101760,102038,SOURCE_FILE
101761,102038,SOURCE_FILE
101762,102038,SOURCE_FILE
101763,102038,SOURCE_FILE
101764,102038,SOURCE_FILE
101765,102038,SOURCE_FILE
101766,102038,SOURCE_FILE
101767,102038,SOURCE_FILE
101768,102038,SOURCE_FILE
101769,102038,SOURCE_FILE
101770,102038,SOURCE_FILE
101771,102038,SOURCE_FILE
101772,102038,SOURCE_FILE
101773,102038,SOURCE_FILE
101774,102038,SOURCE_FILE
101775,102038,SOURCE_FILE
101776,102038,SOURCE_FILE
101777,102038,SOURCE_FILE
101778,102038,SOURCE_FILE
101779,102038,SOURCE_FILE
101780,102038,SOURCE_FILE
101781,102038,SOURCE_FILE
101782,102038,SOURCE_FILE
101783,102038,SOURCE_FILE
101784,102038,SOURCE_FILE
101785,102038,SOURCE_FILE
101786,102038,SOURCE_FILE
101787,102038,SOURCE_FILE
101788,102038,SOURCE_FILE
101789,102038,SOURCE_FILE
101790,102038,SOURCE_FILE
101791,102038,SOURCE_FILE
101792,102038,SOURCE_FILE
101793,102038,SOURCE_FILE
101794,102038,SOURCE_FILE
101795,102038,SOURCE_FILE
101796,102038,SOURCE_FILE
101797,102038,SOURCE_FILE
101798,102038,SOURCE_FILE
101799,102038,SOURCE_FILE
101800,102038,SOURCE_FILE
101801,102038,SOURCE_FILE
101802,102038,SOURCE_FILE
101803,102038,SOURCE_FILE
101804,102038,SOURCE_FILE
101805,102038,SOURCE_FILE
101806,102038,SOURCE_FILE
101807,102038,SOURCE_FILE
101808,102038,SOURCE_FILE
101809,102038,SOURCE_FILE
101810,102038,SOURCE_FILE
101811,102038,SOURCE_FILE
101812,102038,SOURCE_FILE
101813,102038,SOURCE_FILE
101814,102038,SOURCE_FILE
101815,102038,SOURCE_FILE
101816,102038,SOURCE_FILE
101817,102038,SOURCE_FILE
101818,102038,SOURCE_FILE
101819,102038,SOURCE_FILE
101820,102038,SOURCE_FILE
101821,102038,SOURCE_FILE
101822,102038,SOURCE_FILE
101823,102038,SOURCE_FILE
101824,102038,SOURCE_FILE
101825,102038,SOURCE_FILE
101826,102038,SOURCE_FILE
101827,102038,SOURCE_FILE
101828,102038,SOURCE_FILE
101829,102038,SOURCE_FILE
101830,102038,SOURCE_FILE
101831,102038,SOURCE_FILE
101832,102038,SOURCE_FILE
101833,102038,SOURCE_FILE
101834,102038,SOURCE_FILE
101835,102038,SOURCE_FILE
101836,102038,SOURCE_FILE
101837,102038,SOURCE_FILE
101838,102038,SOURCE_FILE
101839,102038,SOURCE_FILE
101840,102038,SOURCE_FILE
101841,102038,SOURCE_FILE
101842,102038,SOURCE_FILE
101843,102038,SOURCE_FILE
101844,102038,SOURCE_FILE
101845,102038,SOURCE_FILE
101846,102038,SOURCE_FILE
101847,102038,SOURCE_FILE
101848,102038,SOURCE_FILE
101849,102038,SOURCE_FILE
101850,102038,SOURCE_FILE
101851,102038,SOURCE_FILE
101852,102038,SOURCE_FILE
101853,102038,SOURCE_FILE
101854,102038,SOURCE_FILE
101855,102038,SOURCE_FILE
101856,102038,SOURCE_FILE
101857,102038,SOURCE_FILE
101858,102038,SOURCE_FILE
101859,102038,SOURCE_FILE
101860,102038,SOURCE_FILE
101861,102038,SOURCE_FILE
101862,102038,SOURCE_FILE
101863,102038,SOURCE_FILE
101864,102038,SOURCE_FILE
101865,102038,SOURCE_FILE
101866,102038,SOURCE_FILE
101867,102038,SOURCE_FILE
101868,102038,SOURCE_FILE
101869,102038,SOURCE_FILE
101870,102038,SOURCE_FILE
101871,102038,SOURCE_FILE
101872,102038,SOURCE_FILE
101873,102038,SOURCE_FILE
101874,102038,SOURCE_FILE
101875,102038,SOURCE_FILE
101876,102038,SOURCE_FILE
101877,102038,SOURCE_FILE
101878,102038,SOURCE_FILE
101879,102038,SOURCE_FILE
101880,102038,SOURCE_FILE
101881,102038,SOURCE_FILE
101882,102038,SOURCE_FILE
101883,102038,SOURCE_FILE
101884,102038,SOURCE_FILE
101885,102038,SOURCE_FILE
101886,102038,SOURCE_FILE
101887,102038,SOURCE_FILE
101888,102038,SOURCE_FILE
101889,102038,SOURCE_FILE
101890,102038,SOURCE_FILE
101891,102038,SOURCE_FILE
101892,102038,SOURCE_FILE
101893,102038,SOURCE_FILE
101894,102038,SOURCE_FILE
101895,102038,SOURCE_FILE
101896,102038,SOURCE_FILE
101897,102038,SOURCE_FILE
101898,102038,SOURCE_FILE
101899,102038,SOURCE_FILE
101900,102038,SOURCE_FILE
101901,102038,SOURCE_FILE
101902,102038,SOURCE_FILE
101903,102038,SOURCE_FILE
101904,102038,SOURCE_FILE
101905,102038,SOURCE_FILE
101906,102038,SOURCE_FILE
101907,102038,SOURCE_FILE
101908,102038,SOURCE_FILE
101909,102038,SOURCE_FILE
101910,102038,SOURCE_FILE
101911,102038,SOURCE_FILE
101912,102038,SOURCE_FILE
101913,102038,SOURCE_FILE
101914,102038,SOURCE_FILE
101915,102038,SOURCE_FILE
101916,102038,SOURCE_FILE
101917,102038,SOURCE_FILE
101918,102038,SOURCE_FILE
101919,102038,SOURCE_FILE
101920,102038,SOURCE_FILE
101921,102038,SOURCE_FILE
101922,102038,SOURCE_FILE
101923,102038,SOURCE_FILE
101924,102038,SOURCE_FILE
101925,102038,SOURCE_FILE
101926,102038,SOURCE_FILE
101927,102038,SOURCE_FILE
101928,102038,SOURCE_FILE
101929,102038,SOURCE_FILE
101930,102038,SOURCE_FILE
101931,102038,SOURCE_FILE
101932,102038,SOURCE_FILE
101933,102038,SOURCE_FILE
101934,102038,SOURCE_FILE
101935,102038,SOURCE_FILE
101936,102038,SOURCE_FILE
101937,102038,SOURCE_FILE
101938,102038,SOURCE_FILE
101939,102038,SOURCE_FILE
101940,102038,SOURCE_FILE
101941,102038,SOURCE_FILE
101942,102038,SOURCE_FILE
101943,102038,SOURCE_FILE
101944,102038,SOURCE_FILE
101945,102038,SOURCE_FILE
101946,102038,SOURCE_FILE
101947,102038,SOURCE_FILE
101948,102038,SOURCE_FILE
101949,102038,SOURCE_FILE
101950,102038,SOURCE_FILE
101951,102038,SOURCE_FILE
101952,102038,SOURCE_FILE
101953,102038,SOURCE_FILE
101954,102038,SOURCE_FILE
101955,102038,SOURCE_FILE
101956,102038,SOURCE_FILE
101957,102038,SOURCE_FILE
101958,102038,SOURCE_FILE
101959,102038,SOURCE_FILE
101960,102038,SOURCE_FILE
101961,102038,SOURCE_FILE
101962,102038,SOURCE_FILE
101963,102038,SOURCE_FILE
101964,102038,SOURCE_FILE
101965,102038,SOURCE_FILE
101966,102038,SOURCE_FILE
101967,102038,SOURCE_FILE
101968,102038,SOURCE_FILE
101969,102038,SOURCE_FILE
101970,102038,SOURCE_FILE
101971,102038,SOURCE_FILE
101972,102038,SOURCE_FILE
101973,102038,SOURCE_FILE
101974,102038,SOURCE_FILE
101975,102038,SOURCE_FILE
101976,102038,SOURCE_FILE
101977,102038,SOURCE_FILE
101978,102038,SOURCE_FILE
101979,102038,SOURCE_FILE
101980,102038,SOURCE_FILE
101981,102038,SOURCE_FILE
101982,102038,SOURCE_FILE
101983,102038,SOURCE_FILE
101984,102038,SOURCE_FILE
101985,102038,SOURCE_FILE
101986,102038,SOURCE_FILE
101987,102038,SOURCE_FILE
101988,102038,SOURCE_FILE
101989,102038,SOURCE_FILE
101990,102038,SOURCE_FILE
101991,102038,SOURCE_FILE
101992,102038,SOURCE_FILE
101993,102038,SOURCE_FILE
101994,102038,SOURCE_FILE
101995,102038,SOURCE_FILE
101996,102038,SOURCE_FILE
101997,102038,SOURCE_FILE
101998,102038,SOURCE_FILE
101999,102038,SOURCE_FILE
102000,102038,SOURCE_FILE
102001,102038,SOURCE_FILE
102002,102038,SOURCE_FILE
102003,102038,SOURCE_FILE
102004,102038,SOURCE_FILE
102005,102038,SOURCE_FILE
102006,102038,SOURCE_FILE
102007,102038,SOURCE_FILE
102008,102038,SOURCE_FILE
102009,102038,SOURCE_FILE
102010,102038,SOURCE_FILE
102011,102038,SOURCE_FILE
102012,102038,SOURCE_FILE
102013,102038,SOURCE_FILE
102014,102038,SOURCE_FILE
102015,102038,SOURCE_FILE
102016,102038,SOURCE_FILE
102017,102038,SOURCE_FILE
102018,102038,SOURCE_FILE
102019,102038,SOURCE_FILE
102020,102038,SOURCE_FILE
102021,102038,SOURCE_FILE
102022,102038,SOURCE_FILE
102023,102038,SOURCE_FILE
102024,102038,SOURCE_FILE
102025,102038,SOURCE_FILE
102026,102038,SOURCE_FILE
102027,102038,SOURCE_FILE
102028,102038,SOURCE_FILE
102029,102038,SOURCE_FILE
102030,102038,SOURCE_FILE
102031,102038,SOURCE_FILE
102032,102038,SOURCE_FILE
102033,102038,SOURCE_FILE
102034,102038,SOURCE_FILE
102035,102038,SOURCE_FILE
102036,102038,SOURCE_FILE
102037,102038,SOURCE_FILE
102039,102038,SOURCE_FILE
102040,102038,SOURCE_FILE
