100689,TYPE,,,
100690,TYPE,ADD_STAT,ADD_STAT,ADD_STAT
100691,TYPE,ANY,ANY,ANY
100692,TYPE,CQ,CQ,CQ
100693,TYPE,CQ*,CQ*,CQ*
100694,TYPE,CQ_ITEM,CQ_ITEM,CQ_ITEM
100695,TYPE,CQ_ITEM*,CQ_ITEM*,CQ_ITEM*
100696,TYPE,FILE*,FILE*,FILE*
100697,TYPE,LIBEVENT_THREAD,LIBEVENT_THREAD,LIBEVENT_THREAD
100698,TYPE,LIBEVENT_THREAD*,LIBEVENT_THREAD*,LIBEVENT_THREAD*
100699,TYPE,LIBEVENT_THREAD.conn_queue,conn_queue,LIBEVENT_THREAD.conn_queue
100700,TYPE,LIBEVENT_THREAD.event,event,LIBEVENT_THREAD.event
100701,TYPE,LIBEVENT_THREAD.event_base,event_base,LIBEVENT_THREAD.event_base
100702,TYPE,LIBEVENT_THREAD.thread_stats,thread_stats,LIBEVENT_THREAD.thread_stats
100703,TYPE,PREFIX_STATS,PREFIX_STATS,PREFIX_STATS
100704,TYPE,PREFIX_STATS*,PREFIX_STATS*,PREFIX_STATS*
100705,TYPE,SSL*,SSL*,SSL*
100706,TYPE,SSL_CTX*,SSL_CTX*,SSL_CTX*
100707,TYPE,SSL_SESSION*,SSL_SESSION*,SSL_SESSION*
100708,TYPE,TEST_FUNC,TEST_FUNC,TEST_FUNC
100709,TYPE,XXH128_canonical_t,XXH128_canonical_t,XXH128_canonical_t
100710,TYPE,XXH128_canonical_t*,XXH128_canonical_t*,XXH128_canonical_t*
100711,TYPE,XXH128_hash_t,XXH128_hash_t,XXH128_hash_t
100712,TYPE,XXH32_canonical_t,XXH32_canonical_t,XXH32_canonical_t
100713,TYPE,XXH32_canonical_t*,XXH32_canonical_t*,XXH32_canonical_t*
100714,TYPE,XXH32_hash_t,XXH32_hash_t,XXH32_hash_t
100715,TYPE,XXH32_state_s,XXH32_state_s,XXH32_state_s
100716,TYPE,XXH32_state_t,XXH32_state_t,XXH32_state_t
100717,TYPE,XXH32_state_t*,XXH32_state_t*,XXH32_state_t*
100718,TYPE,XXH3_state_s,XXH3_state_s,XXH3_state_s
100719,TYPE,XXH3_state_t,XXH3_state_t,XXH3_state_t
100720,TYPE,XXH3_state_t*,XXH3_state_t*,XXH3_state_t*
100721,TYPE,XXH64_canonical_t,XXH64_canonical_t,XXH64_canonical_t
100722,TYPE,XXH64_canonical_t*,XXH64_canonical_t*,XXH64_canonical_t*
100723,TYPE,XXH64_hash_t,XXH64_hash_t,XXH64_hash_t
100724,TYPE,XXH64_state_s,XXH64_state_s,XXH64_state_s
100725,TYPE,XXH64_state_t,XXH64_state_t,XXH64_state_t
100726,TYPE,XXH64_state_t*,XXH64_state_t*,XXH64_state_t*
100727,TYPE,XXH_errorcode,XXH_errorcode,XXH_errorcode
100728,TYPE,[],[],[]
100729,TYPE,__kernel_timespec,__kernel_timespec,__kernel_timespec
100730,TYPE,__store_wbuf,__store_wbuf,__store_wbuf
100731,TYPE,__store_wbuf*,__store_wbuf*,__store_wbuf*
100732,TYPE,__store_wbuf.__store_wbuf,__store_wbuf,__store_wbuf.__store_wbuf
100733,TYPE,_crawler_module_t,_crawler_module_t,_crawler_module_t
100734,TYPE,_dumpbuf,_dumpbuf,_dumpbuf
100735,TYPE,_dumpbuf*,_dumpbuf*,_dumpbuf*
100736,TYPE,_entry_details,_entry_details,_entry_details
100737,TYPE,_entry_details[],_entry_details[],_entry_details[]
100738,TYPE,_io_pending_proxy_t,_io_pending_proxy_t,_io_pending_proxy_t
100739,TYPE,_io_pending_proxy_t*,_io_pending_proxy_t*,_io_pending_proxy_t*
100740,TYPE,_io_pending_proxy_t**,_io_pending_proxy_t**,_io_pending_proxy_t**
100741,TYPE,_io_pending_proxy_t._io_pending_proxy_t,_io_pending_proxy_t,_io_pending_proxy_t._io_pending_proxy_t
100742,TYPE,_io_pending_proxy_t.io_next,io_next,_io_pending_proxy_t.io_next
100743,TYPE,_io_pending_proxy_t.io_next._io_pending_proxy_t,_io_pending_proxy_t,_io_pending_proxy_t.io_next._io_pending_proxy_t
100744,TYPE,_io_pending_proxy_t.iovec,iovec,_io_pending_proxy_t.iovec
100745,TYPE,_io_pending_t,_io_pending_t,_io_pending_t
100746,TYPE,_logentry,_logentry,_logentry
100747,TYPE,_logentry.data,data,_logentry.data
100748,TYPE,_logentry.log_entry_type,log_entry_type,_logentry.log_entry_type
100749,TYPE,_logentry.timeval,timeval,_logentry.timeval
100750,TYPE,_logger,_logger,_logger
100751,TYPE,_logger*,_logger*,_logger*
100752,TYPE,_logger._logger,_logger,_logger._logger
100753,TYPE,_lru_bump_buf,_lru_bump_buf,_lru_bump_buf
100754,TYPE,_lru_bump_buf*,_lru_bump_buf*,_lru_bump_buf*
100755,TYPE,_lru_bump_buf._lru_bump_buf,_lru_bump_buf,_lru_bump_buf._lru_bump_buf
100756,TYPE,_mc_meta_data,_mc_meta_data,_mc_meta_data
100757,TYPE,_mc_meta_data*,_mc_meta_data*,_mc_meta_data*
100758,TYPE,_mc_resp,_mc_resp,_mc_resp
100759,TYPE,_mc_resp*,_mc_resp*,_mc_resp*
100760,TYPE,_mc_resp._mc_resp,_mc_resp,_mc_resp._mc_resp
100761,TYPE,_mc_resp.iovec,iovec,_mc_resp.iovec
100762,TYPE,_mc_resp.sockaddr_in6,sockaddr_in6,_mc_resp.sockaddr_in6
100763,TYPE,_mc_resp[],_mc_resp[],_mc_resp[]
100764,TYPE,_mc_resp_bundle,_mc_resp_bundle,_mc_resp_bundle
100765,TYPE,_mc_resp_bundle*,_mc_resp_bundle*,_mc_resp_bundle*
100766,TYPE,_mc_resp_bundle._mc_resp_bundle,_mc_resp_bundle,_mc_resp_bundle._mc_resp_bundle
100767,TYPE,_meta_flags,_meta_flags,_meta_flags
100768,TYPE,_meta_flags*,_meta_flags*,_meta_flags*
100769,TYPE,_obj_io,_obj_io,_obj_io
100770,TYPE,_obj_io*,_obj_io*,_obj_io*
100771,TYPE,_obj_io._obj_io,_obj_io,_obj_io._obj_io
100772,TYPE,_obj_io.iovec,iovec,_obj_io.iovec
100773,TYPE,_obj_io.obj_io_mode,obj_io_mode,_obj_io.obj_io_mode
100774,TYPE,_prefix_stats,_prefix_stats,_prefix_stats
100775,TYPE,_prefix_stats*[256],_prefix_stats*[256],_prefix_stats*[256]
100776,TYPE,_restart_data_cb,_restart_data_cb,_restart_data_cb
100777,TYPE,_restart_data_cb*,_restart_data_cb*,_restart_data_cb*
100778,TYPE,_restart_data_cb._restart_data_cb,_restart_data_cb,_restart_data_cb._restart_data_cb
100779,TYPE,_store_page,_store_page,_store_page
100780,TYPE,_store_page*,_store_page*,_store_page*
100781,TYPE,_store_page._store_page,_store_page,_store_page._store_page
100782,TYPE,_store_wbuf,_store_wbuf,_store_wbuf
100783,TYPE,_store_wbuf*,_store_wbuf*,_store_wbuf*
100784,TYPE,_strchunk,_strchunk,_strchunk
100785,TYPE,_strchunk*,_strchunk*,_strchunk*
100786,TYPE,_strchunk._strchunk,_strchunk,_strchunk._strchunk
100787,TYPE,_strchunk._stritem,_stritem,_strchunk._stritem
100788,TYPE,_stritem,_stritem,_stritem
100789,TYPE,_stritem*,_stritem*,_stritem*
100790,TYPE,_stritem*[256],_stritem*[256],_stritem*[256]
100791,TYPE,_stritem._stritem,_stritem,_stritem._stritem
100792,TYPE,_stritem.data,data,_stritem.data
100793,TYPE,act,act,act
100794,TYPE,active_crawler_type,active_crawler_type,active_crawler_type
100795,TYPE,add_delta,add_delta,add_delta
100796,TYPE,addr,addr,addr
100797,TYPE,addrinfo,addrinfo,addrinfo
100798,TYPE,addrinfo*,addrinfo*,addrinfo*
100799,TYPE,anonymous_type_10,anonymous_type_10,anonymous_type_10
100800,TYPE,anonymous_type_11,anonymous_type_11,anonymous_type_11
100801,TYPE,anonymous_type_12,anonymous_type_12,anonymous_type_12
100802,TYPE,anonymous_type_13,anonymous_type_13,anonymous_type_13
100803,TYPE,anonymous_type_14,anonymous_type_14,anonymous_type_14
100804,TYPE,anonymous_type_15,anonymous_type_15,anonymous_type_15
100805,TYPE,anonymous_type_16,anonymous_type_16,anonymous_type_16
100806,TYPE,anonymous_type_17,anonymous_type_17,anonymous_type_17
100807,TYPE,anonymous_type_18,anonymous_type_18,anonymous_type_18
100808,TYPE,anonymous_type_19,anonymous_type_19,anonymous_type_19
100809,TYPE,anonymous_type_20,anonymous_type_20,anonymous_type_20
100810,TYPE,anonymous_type_21,anonymous_type_21,anonymous_type_21
100811,TYPE,anonymous_type_22,anonymous_type_22,anonymous_type_22
100812,TYPE,anonymous_type_23,anonymous_type_23,anonymous_type_23
100813,TYPE,anonymous_type_24,anonymous_type_24,anonymous_type_24
100814,TYPE,anonymous_type_25,anonymous_type_25,anonymous_type_25
100815,TYPE,anonymous_type_26,anonymous_type_26,anonymous_type_26
100816,TYPE,anonymous_type_27,anonymous_type_27,anonymous_type_27
100817,TYPE,anonymous_type_28,anonymous_type_28,anonymous_type_28
100818,TYPE,anonymous_type_29,anonymous_type_29,anonymous_type_29
100819,TYPE,anonymous_type_30,anonymous_type_30,anonymous_type_30
100820,TYPE,anonymous_type_31,anonymous_type_31,anonymous_type_31
100821,TYPE,anonymous_type_32,anonymous_type_32,anonymous_type_32
100822,TYPE,anonymous_type_33,anonymous_type_33,anonymous_type_33
100823,TYPE,anonymous_type_34,anonymous_type_34,anonymous_type_34
100824,TYPE,anonymous_type_35,anonymous_type_35,anonymous_type_35
100825,TYPE,anonymous_type_36,anonymous_type_36,anonymous_type_36
100826,TYPE,anonymous_type_37,anonymous_type_37,anonymous_type_37
100827,TYPE,anonymous_type_38,anonymous_type_38,anonymous_type_38
100828,TYPE,anonymous_type_39,anonymous_type_39,anonymous_type_39
100829,TYPE,anonymous_type_4,anonymous_type_4,anonymous_type_4
100830,TYPE,anonymous_type_40,anonymous_type_40,anonymous_type_40
100831,TYPE,anonymous_type_41,anonymous_type_41,anonymous_type_41
100832,TYPE,anonymous_type_42,anonymous_type_42,anonymous_type_42
100833,TYPE,anonymous_type_43,anonymous_type_43,anonymous_type_43
100834,TYPE,anonymous_type_44,anonymous_type_44,anonymous_type_44
100835,TYPE,anonymous_type_45,anonymous_type_45,anonymous_type_45
100836,TYPE,anonymous_type_46,anonymous_type_46,anonymous_type_46
100837,TYPE,anonymous_type_47,anonymous_type_47,anonymous_type_47
100838,TYPE,anonymous_type_48,anonymous_type_48,anonymous_type_48
100839,TYPE,anonymous_type_49,anonymous_type_49,anonymous_type_49
100840,TYPE,anonymous_type_5,anonymous_type_5,anonymous_type_5
100841,TYPE,anonymous_type_50,anonymous_type_50,anonymous_type_50
100842,TYPE,anonymous_type_51,anonymous_type_51,anonymous_type_51
100843,TYPE,anonymous_type_52,anonymous_type_52,anonymous_type_52
100844,TYPE,anonymous_type_53,anonymous_type_53,anonymous_type_53
100845,TYPE,anonymous_type_6,anonymous_type_6,anonymous_type_6
100846,TYPE,anonymous_type_7,anonymous_type_7,anonymous_type_7
100847,TYPE,anonymous_type_8,anonymous_type_8,anonymous_type_8
100848,TYPE,anonymous_type_9,anonymous_type_9,anonymous_type_9
100849,TYPE,assoc_iterator,assoc_iterator,assoc_iterator
100850,TYPE,assoc_iterator*,assoc_iterator*,assoc_iterator*
100851,TYPE,auth_entry,auth_entry,auth_entry
100852,TYPE,auth_entry[8],auth_entry[8],auth_entry[8]
100853,TYPE,auth_t,auth_t,auth_t
100854,TYPE,auth_t*,auth_t*,auth_t*
100855,TYPE,authfile_load,authfile_load,authfile_load
100856,TYPE,authfile_ret,authfile_ret,authfile_ret
100857,TYPE,base,base,base
100858,TYPE,be_head_s,be_head_s,be_head_s
100859,TYPE,be_head_s.mcp_backend_s,mcp_backend_s,be_head_s.mcp_backend_s
100860,TYPE,be_head_t,be_head_t,be_head_t
100861,TYPE,be_next,be_next,be_next
100862,TYPE,bin_substates,bin_substates,bin_substates
100863,TYPE,binding_protocol,binding_protocol,binding_protocol
100864,TYPE,bipbuf_t,bipbuf_t,bipbuf_t
100865,TYPE,bipbuf_t*,bipbuf_t*,bipbuf_t*
100866,TYPE,body,body,body
100867,TYPE,bool,bool,bool
100868,TYPE,bool*,bool*,bool*
100869,TYPE,bproto,bproto,bproto
100870,TYPE,c_next,c_next,c_next
100871,TYPE,cache_free_s,cache_free_s,cache_free_s
100872,TYPE,cache_free_s*,cache_free_s*,cache_free_s*
100873,TYPE,cache_free_s**,cache_free_s**,cache_free_s**
100874,TYPE,cache_free_s.c_next,c_next,cache_free_s.c_next
100875,TYPE,cache_free_s.c_next.cache_free_s,cache_free_s,cache_free_s.c_next.cache_free_s
100876,TYPE,cache_head,cache_head,cache_head
100877,TYPE,cache_t,cache_t,cache_t
100878,TYPE,cache_t*,cache_t*,cache_t*
100879,TYPE,cache_t.cache_head,cache_head,cache_t.cache_head
100880,TYPE,cache_t.cache_head.cache_free_s,cache_free_s,cache_t.cache_head.cache_free_s
100881,TYPE,cas_result,cas_result,cas_result
100882,TYPE,char,char,char
100883,TYPE,char*,char*,char*
100884,TYPE,char**,char**,char**
100885,TYPE,char*[24],char*[24],char*[24]
100886,TYPE,char*[256],char*[256],char*[256]
100887,TYPE,char*[5],char*[5],char*[5]
100888,TYPE,char[1024],char[1024],char[1024]
100889,TYPE,char[1025],char[1025],char[1025]
100890,TYPE,char[120],char[120],char[120]
100891,TYPE,char[128],char[128],char[128]
100892,TYPE,char[12],char[12],char[12]
100893,TYPE,char[1],char[1],char[1]
100894,TYPE,char[201],char[201],char[201]
100895,TYPE,char[24],char[24],char[24]
100896,TYPE,char[251],char[251],char[251]
100897,TYPE,char[255],char[255],char[255]
100898,TYPE,char[256],char[256],char[256]
100899,TYPE,char[280],char[280],char[280]
100900,TYPE,char[2],char[2],char[2]
100901,TYPE,char[32],char[32],char[32]
100902,TYPE,char[4096],char[4096],char[4096]
100903,TYPE,char[40],char[40],char[40]
100904,TYPE,char[500],char[500],char[500]
100905,TYPE,char[512],char[512],char[512]
100906,TYPE,char[64],char[64],char[64]
100907,TYPE,char[6],char[6],char[6]
100908,TYPE,char[751],char[751],char[751]
100909,TYPE,char[768],char[768],char[768]
100910,TYPE,char[7],char[7],char[7]
100911,TYPE,char[80],char[80],char[80]
100912,TYPE,char[],char[],char[]
100913,TYPE,char[]*,char[]*,char[]*
100914,TYPE,clock_event,clock_event,clock_event
100915,TYPE,clockevent,clockevent,clockevent
100916,TYPE,close_reason,close_reason,close_reason
100917,TYPE,close_reasons,close_reasons,close_reasons
100918,TYPE,con,con,con
100919,TYPE,conn,conn,conn
100920,TYPE,conn*,conn*,conn*
100921,TYPE,conn**,conn**,conn**
100922,TYPE,conn*[2],conn*[2],conn*[2]
100923,TYPE,conn.bin_substates,bin_substates,conn.bin_substates
100924,TYPE,conn.close_reasons,close_reasons,conn.close_reasons
100925,TYPE,conn.conn_states,conn_states,conn.conn_states
100926,TYPE,conn.event,event,conn.event
100927,TYPE,conn.network_transport,network_transport,conn.network_transport
100928,TYPE,conn.protocol,protocol,conn.protocol
100929,TYPE,conn.sockaddr_in6,sockaddr_in6,conn.sockaddr_in6
100930,TYPE,conn.stats,stats,conn.stats
100931,TYPE,conn_ev_head,conn_ev_head,conn_ev_head
100932,TYPE,conn_queue,conn_queue,conn_queue
100933,TYPE,conn_queue*,conn_queue*,conn_queue*
100934,TYPE,conn_queue.conn_ev_head,conn_ev_head,conn_queue.conn_ev_head
100935,TYPE,conn_queue.conn_ev_head.conn_queue_item,conn_queue_item,conn_queue.conn_ev_head.conn_queue_item
100936,TYPE,conn_queue_item,conn_queue_item,conn_queue_item
100937,TYPE,conn_queue_item*,conn_queue_item*,conn_queue_item*
100938,TYPE,conn_queue_item**,conn_queue_item**,conn_queue_item**
100939,TYPE,conn_queue_item.conn_queue_item_modes,conn_queue_item_modes,conn_queue_item.conn_queue_item_modes
100940,TYPE,conn_queue_item.conn_states,conn_states,conn_queue_item.conn_states
100941,TYPE,conn_queue_item.i_next,i_next,conn_queue_item.i_next
100942,TYPE,conn_queue_item.i_next.conn_queue_item,conn_queue_item,conn_queue_item.i_next.conn_queue_item
100943,TYPE,conn_queue_item.network_transport,network_transport,conn_queue_item.network_transport
100944,TYPE,conn_queue_item.protocol,protocol,conn_queue_item.protocol
100945,TYPE,conn_queue_item_modes,conn_queue_item_modes,conn_queue_item_modes
100946,TYPE,conn_states,conn_states,conn_states
100947,TYPE,connect,connect,connect
100948,TYPE,connect_ur,connect_ur,connect_ur
100949,TYPE,const char*,const char*,const char*
100950,TYPE,cpoint,cpoint,cpoint
100951,TYPE,cpoint*,cpoint*,cpoint*
100952,TYPE,cpoint[],cpoint[],cpoint[]
100953,TYPE,crawler,crawler,crawler
100954,TYPE,crawler._stritem,_stritem,crawler._stritem
100955,TYPE,crawler[256],crawler[256],crawler[256]
100956,TYPE,crawler_client_t,crawler_client_t,crawler_client_t
100957,TYPE,crawler_client_t*,crawler_client_t*,crawler_client_t*
100958,TYPE,crawler_doneclass_func,crawler_doneclass_func,crawler_doneclass_func
100959,TYPE,crawler_eval_func,crawler_eval_func,crawler_eval_func
100960,TYPE,crawler_expired_data,crawler_expired_data,crawler_expired_data
100961,TYPE,crawler_expired_data*,crawler_expired_data*,crawler_expired_data*
100962,TYPE,crawler_finalize_func,crawler_finalize_func,crawler_finalize_func
100963,TYPE,crawler_init_func,crawler_init_func,crawler_init_func
100964,TYPE,crawler_module_reg_t,crawler_module_reg_t,crawler_module_reg_t
100965,TYPE,crawler_module_reg_t *[3],crawler_module_reg_t *[3],crawler_module_reg_t *[3]
100966,TYPE,crawler_module_reg_t*,crawler_module_reg_t*,crawler_module_reg_t*
100967,TYPE,crawler_module_reg_t*[3],crawler_module_reg_t*[3],crawler_module_reg_t*[3]
100968,TYPE,crawler_module_t,crawler_module_t,crawler_module_t
100969,TYPE,crawler_module_t*,crawler_module_t*,crawler_module_t*
100970,TYPE,crawler_result_type,crawler_result_type,crawler_result_type
100971,TYPE,crawler_run_type,crawler_run_type,crawler_run_type
100972,TYPE,crawlerstats_t,crawlerstats_t,crawlerstats_t
100973,TYPE,crawlerstats_t*,crawlerstats_t*,crawlerstats_t*
100974,TYPE,crawlerstats_t[],crawlerstats_t[],crawlerstats_t[]
100975,TYPE,crc_func,crc_func,crc_func
100976,TYPE,data,data,data
100977,TYPE,delta_result_type,delta_result_type,delta_result_type
100978,TYPE,do_add_delta,do_add_delta,do_add_delta
100979,TYPE,do_store_item,do_store_item,do_store_item
100980,TYPE,double,double,double
100981,TYPE,double*,double*,double*
100982,TYPE,entry_details,entry_details,entry_details
100983,TYPE,entry_details*,entry_details*,entry_details*
100984,TYPE,entry_log_cb,entry_log_cb,entry_log_cb
100985,TYPE,entry_parse_cb,entry_parse_cb,entry_parse_cb
100986,TYPE,enum,enum,enum
100987,TYPE,enum authfile_ret,enum authfile_ret,enum authfile_ret
100988,TYPE,enum crawler_result_type,enum crawler_result_type,enum crawler_result_type
100989,TYPE,enum delta_result_type,enum delta_result_type,enum delta_result_type
100990,TYPE,enum logger_add_watcher_ret,enum logger_add_watcher_ret,enum logger_add_watcher_ret
100991,TYPE,enum logger_parse_entry_ret,enum logger_parse_entry_ret,enum logger_parse_entry_ret
100992,TYPE,enum logger_ret_type,enum logger_ret_type,enum logger_ret_type
100993,TYPE,enum reassign_result_type,enum reassign_result_type,enum reassign_result_type
100994,TYPE,enum restart_get_kv_ret,enum restart_get_kv_ret,enum restart_get_kv_ret
100995,TYPE,enum store_item_type,enum store_item_type,enum store_item_type
100996,TYPE,enum test_return,enum test_return,enum test_return
100997,TYPE,enum transmit_result,enum transmit_result,enum transmit_result
100998,TYPE,enum try_read_result,enum try_read_result,enum try_read_result
100999,TYPE,ev_queue,ev_queue,ev_queue
101000,TYPE,event,event,event
101001,TYPE,event_base,event_base,event_base
101002,TYPE,event_base*,event_base*,event_base*
101003,TYPE,event_callback_fn,event_callback_fn,event_callback_fn
101004,TYPE,event_config*,event_config*,event_config*
101005,TYPE,eventfd_t,eventfd_t,eventfd_t
101006,TYPE,evutil_socket_t,evutil_socket_t,evutil_socket_t
101007,TYPE,extern pthread_mutex_t[],extern pthread_mutex_t[],extern pthread_mutex_t[]
101008,TYPE,extstore_conf,extstore_conf,extstore_conf
101009,TYPE,extstore_conf*,extstore_conf*,extstore_conf*
101010,TYPE,extstore_conf_file,extstore_conf_file,extstore_conf_file
101011,TYPE,extstore_conf_file*,extstore_conf_file*,extstore_conf_file*
101012,TYPE,extstore_conf_file.extstore_conf_file,extstore_conf_file,extstore_conf_file.extstore_conf_file
101013,TYPE,extstore_page_data,extstore_page_data,extstore_page_data
101014,TYPE,extstore_page_data*,extstore_page_data*,extstore_page_data*
101015,TYPE,extstore_res,extstore_res,extstore_res
101016,TYPE,extstore_res*,extstore_res*,extstore_res*
101017,TYPE,extstore_stats,extstore_stats,extstore_stats
101018,TYPE,extstore_stats*,extstore_stats*,extstore_stats*
101019,TYPE,extstore_stats.extstore_page_data,extstore_page_data,extstore_stats.extstore_page_data
101020,TYPE,float,float,float
101021,TYPE,flock,flock,flock
101022,TYPE,global_stats,global_stats,global_stats
101023,TYPE,h_next,h_next,h_next
101024,TYPE,hash_func,hash_func,hash_func
101025,TYPE,hash_selector_func,hash_selector_func,hash_selector_func
101026,TYPE,hashfunc_type,hashfunc_type,hashfunc_type
101027,TYPE,head,head,head
101028,TYPE,i_next,i_next,i_next
101029,TYPE,in_port_t,in_port_t,in_port_t
101030,TYPE,in_port_t*,in_port_t*,in_port_t*
101031,TYPE,init_state,init_state,init_state
101032,TYPE,int,int,int
101033,TYPE,int*,int*,int*
101034,TYPE,int32_t,int32_t,int32_t
101035,TYPE,int32_t*,int32_t*,int32_t*
101036,TYPE,int64_t,int64_t,int64_t
101037,TYPE,int64_t*,int64_t*,int64_t*
101038,TYPE,int8_t,int8_t,int8_t
101039,TYPE,int[2],int[2],int[2]
101040,TYPE,io_head_s,io_head_s,io_head_s
101041,TYPE,io_head_s._io_pending_proxy_t,_io_pending_proxy_t,io_head_s._io_pending_proxy_t
101042,TYPE,io_head_t,io_head_t,io_head_t
101043,TYPE,io_next,io_next,io_next
101044,TYPE,io_pending_proxy_t,io_pending_proxy_t,io_pending_proxy_t
101045,TYPE,io_pending_proxy_t*,io_pending_proxy_t*,io_pending_proxy_t*
101046,TYPE,io_pending_t,io_pending_t,io_pending_t
101047,TYPE,io_pending_t*,io_pending_t*,io_pending_t*
101048,TYPE,io_queue_cb,io_queue_cb,io_queue_cb
101049,TYPE,io_queue_cb_s,io_queue_cb_s,io_queue_cb_s
101050,TYPE,io_queue_cb_s[3],io_queue_cb_s[3],io_queue_cb_s[3]
101051,TYPE,io_queue_cb_t,io_queue_cb_t,io_queue_cb_t
101052,TYPE,io_queue_cb_t*,io_queue_cb_t*,io_queue_cb_t*
101053,TYPE,io_queue_s,io_queue_s,io_queue_s
101054,TYPE,io_queue_s[3],io_queue_s[3],io_queue_s[3]
101055,TYPE,io_queue_stack_cb,io_queue_stack_cb,io_queue_stack_cb
101056,TYPE,io_queue_t,io_queue_t,io_queue_t
101057,TYPE,io_queue_t*,io_queue_t*,io_queue_t*
101058,TYPE,io_uring,io_uring,io_uring
101059,TYPE,iov,iov,iov
101060,TYPE,iovec,iovec,iovec
101061,TYPE,iovec*,iovec*,iovec*
101062,TYPE,iovec[2],iovec[2],iovec[2]
101063,TYPE,iovec[4],iovec[4],iovec[4]
101064,TYPE,iovec[],iovec[],iovec[]
101065,TYPE,item,item,item
101066,TYPE,item*,item*,item*
101067,TYPE,item**,item**,item**
101068,TYPE,item_chunk,item_chunk,item_chunk
101069,TYPE,item_chunk*,item_chunk*,item_chunk*
101070,TYPE,item_stats_automove,item_stats_automove,item_stats_automove
101071,TYPE,item_stats_automove*,item_stats_automove*,item_stats_automove*
101072,TYPE,item_stats_automove[64],item_stats_automove[64],item_stats_automove[64]
101073,TYPE,itemstats_t,itemstats_t,itemstats_t
101074,TYPE,itemstats_t[256],itemstats_t[256],itemstats_t[256]
101075,TYPE,ketama_key_hash,ketama_key_hash,ketama_key_hash
101076,TYPE,ketama_t,ketama_t,ketama_t
101077,TYPE,ketama_t*,ketama_t*,ketama_t*
101078,TYPE,ketama_t.proxy_hash_caller,proxy_hash_caller,ketama_t.proxy_hash_caller
101079,TYPE,key_hash_filter_func,key_hash_filter_func,key_hash_filter_func
101080,TYPE,key_hash_func,key_hash_func,key_hash_func
101081,TYPE,linger,linger,linger
101082,TYPE,log_entry_type,log_entry_type,log_entry_type
101083,TYPE,logentry,logentry,logentry
101084,TYPE,logentry*,logentry*,logentry*
101085,TYPE,logentry_conn_event,logentry_conn_event,logentry_conn_event
101086,TYPE,logentry_conn_event*,logentry_conn_event*,logentry_conn_event*
101087,TYPE,logentry_conn_event.sockaddr_in6,sockaddr_in6,logentry_conn_event.sockaddr_in6
101088,TYPE,logentry_eviction,logentry_eviction,logentry_eviction
101089,TYPE,logentry_eviction*,logentry_eviction*,logentry_eviction*
101090,TYPE,logentry_item_get,logentry_item_get,logentry_item_get
101091,TYPE,logentry_item_get*,logentry_item_get*,logentry_item_get*
101092,TYPE,logentry_item_store,logentry_item_store,logentry_item_store
101093,TYPE,logentry_item_store*,logentry_item_store*,logentry_item_store*
101094,TYPE,logger,logger,logger
101095,TYPE,logger*,logger*,logger*
101096,TYPE,logger_add_watcher,logger_add_watcher,logger_add_watcher
101097,TYPE,logger_add_watcher_ret,logger_add_watcher_ret,logger_add_watcher_ret
101098,TYPE,logger_log,logger_log,logger_log
101099,TYPE,logger_parse_entry_ret,logger_parse_entry_ret,logger_parse_entry_ret
101100,TYPE,logger_ret_type,logger_ret_type,logger_ret_type
101101,TYPE,logger_stats,logger_stats,logger_stats
101102,TYPE,logger_stats*,logger_stats*,logger_stats*
101103,TYPE,logger_watcher,logger_watcher,logger_watcher
101104,TYPE,logger_watcher *[20],logger_watcher *[20],logger_watcher *[20]
101105,TYPE,logger_watcher*,logger_watcher*,logger_watcher*
101106,TYPE,logger_watcher*[20],logger_watcher*[20],logger_watcher*[20]
101107,TYPE,logger_watcher.logger_watcher_type,logger_watcher_type,logger_watcher.logger_watcher_type
101108,TYPE,logger_watcher_type,logger_watcher_type,logger_watcher_type
101109,TYPE,long,long,long
101110,TYPE,long int,long int,long int
101111,TYPE,long long,long long,long long
101112,TYPE,long long int,long long int,long long int
101113,TYPE,long long unsigned,long long unsigned,long long unsigned
101114,TYPE,long unsigned,long unsigned,long unsigned
101115,TYPE,long unsigned int,long unsigned int,long unsigned int
101116,TYPE,lru_bump_buf,lru_bump_buf,lru_bump_buf
101117,TYPE,lru_bump_buf*,lru_bump_buf*,lru_bump_buf*
101118,TYPE,lru_bump_entry,lru_bump_entry,lru_bump_entry
101119,TYPE,lru_bump_entry*,lru_bump_entry*,lru_bump_entry*
101120,TYPE,lru_crawler_crawl,lru_crawler_crawl,lru_crawler_crawl
101121,TYPE,lru_pull_tail_return,lru_pull_tail_return,lru_pull_tail_return
101122,TYPE,lru_pull_tail_return*,lru_pull_tail_return*,lru_pull_tail_return*
101123,TYPE,luaL_Reg[],luaL_Reg[],luaL_Reg[]
101124,TYPE,lua_Integer,lua_Integer,lua_Integer
101125,TYPE,lua_Number,lua_Number,lua_Number
101126,TYPE,lua_State*,lua_State*,lua_State*
101127,TYPE,lua_Unsigned,lua_Unsigned,lua_Unsigned
101128,TYPE,main_base,main_base,main_base
101129,TYPE,maxconns_entered,maxconns_entered,maxconns_entered
101130,TYPE,maxconnsevent,maxconnsevent,maxconnsevent
101131,TYPE,mc_ptr_t,mc_ptr_t,mc_ptr_t
101132,TYPE,mc_resp,mc_resp,mc_resp
101133,TYPE,mc_resp*,mc_resp*,mc_resp*
101134,TYPE,mc_resp_bundle,mc_resp_bundle,mc_resp_bundle
101135,TYPE,mc_resp_bundle*,mc_resp_bundle*,mc_resp_bundle*
101136,TYPE,mc_resp_bundle**,mc_resp_bundle**,mc_resp_bundle**
101137,TYPE,mcmc_ctx,mcmc_ctx,mcmc_ctx
101138,TYPE,mcmc_ctx_t,mcmc_ctx_t,mcmc_ctx_t
101139,TYPE,mcmc_ctx_t*,mcmc_ctx_t*,mcmc_ctx_t*
101140,TYPE,mcmc_resp_t,mcmc_resp_t,mcmc_resp_t
101141,TYPE,mcmc_resp_t*,mcmc_resp_t*,mcmc_resp_t*
101142,TYPE,mcmc_resp_t.anonymous_composite_type_0,anonymous_composite_type_0,mcmc_resp_t.anonymous_composite_type_0
101143,TYPE,mcmc_resp_t.anonymous_composite_type_2.anonymous_composite_type_1,anonymous_composite_type_1,mcmc_resp_t.anonymous_composite_type_2.anonymous_composite_type_1
101144,TYPE,mcmc_resp_t.anonymous_composite_type_4.anonymous_composite_type_3,anonymous_composite_type_3,mcmc_resp_t.anonymous_composite_type_4.anonymous_composite_type_3
101145,TYPE,mcmc_resp_t.anonymous_composite_type_6.anonymous_composite_type_5,anonymous_composite_type_5,mcmc_resp_t.anonymous_composite_type_6.anonymous_composite_type_5
101146,TYPE,mcp_await_e,mcp_await_e,mcp_await_e
101147,TYPE,mcp_await_s,mcp_await_s,mcp_await_s
101148,TYPE,mcp_await_s.mcp_await_e,mcp_await_e,mcp_await_s.mcp_await_e
101149,TYPE,mcp_await_t,mcp_await_t,mcp_await_t
101150,TYPE,mcp_await_t*,mcp_await_t*,mcp_await_t*
101151,TYPE,mcp_backend_s,mcp_backend_s,mcp_backend_s
101152,TYPE,mcp_backend_s*,mcp_backend_s*,mcp_backend_s*
101153,TYPE,mcp_backend_s**,mcp_backend_s**,mcp_backend_s**
101154,TYPE,mcp_backend_s.be_next,be_next,mcp_backend_s.be_next
101155,TYPE,mcp_backend_s.be_next.mcp_backend_s,mcp_backend_s,mcp_backend_s.be_next.mcp_backend_s
101156,TYPE,mcp_backend_s.event,event,mcp_backend_s.event
101157,TYPE,mcp_backend_s.iovec,iovec,mcp_backend_s.iovec
101158,TYPE,mcp_backend_s.mcp_backend_states,mcp_backend_states,mcp_backend_s.mcp_backend_states
101159,TYPE,mcp_backend_states,mcp_backend_states,mcp_backend_states
101160,TYPE,mcp_backend_t,mcp_backend_t,mcp_backend_t
101161,TYPE,mcp_backend_t*,mcp_backend_t*,mcp_backend_t*
101162,TYPE,mcp_parser_meta_s,mcp_parser_meta_s,mcp_parser_meta_s
101163,TYPE,mcp_parser_s,mcp_parser_s,mcp_parser_s
101164,TYPE,mcp_parser_s.t,t,mcp_parser_s.t
101165,TYPE,mcp_parser_s.t.mcp_parser_meta_s,mcp_parser_meta_s,mcp_parser_s.t.mcp_parser_meta_s
101166,TYPE,mcp_parser_t,mcp_parser_t,mcp_parser_t
101167,TYPE,mcp_parser_t*,mcp_parser_t*,mcp_parser_t*
101168,TYPE,mcp_pool_be_t,mcp_pool_be_t,mcp_pool_be_t
101169,TYPE,mcp_pool_be_t*,mcp_pool_be_t*,mcp_pool_be_t*
101170,TYPE,mcp_pool_be_t[],mcp_pool_be_t[],mcp_pool_be_t[]
101171,TYPE,mcp_pool_proxy_t,mcp_pool_proxy_t,mcp_pool_proxy_t
101172,TYPE,mcp_pool_proxy_t*,mcp_pool_proxy_t*,mcp_pool_proxy_t*
101173,TYPE,mcp_pool_s,mcp_pool_s,mcp_pool_s
101174,TYPE,mcp_pool_s*,mcp_pool_s*,mcp_pool_s*
101175,TYPE,mcp_pool_s**,mcp_pool_s**,mcp_pool_s**
101176,TYPE,mcp_pool_s.next,next,mcp_pool_s.next
101177,TYPE,mcp_pool_s.next.mcp_pool_s,mcp_pool_s,mcp_pool_s.next.mcp_pool_s
101178,TYPE,mcp_pool_s.proxy_hash_caller,proxy_hash_caller,mcp_pool_s.proxy_hash_caller
101179,TYPE,mcp_pool_t,mcp_pool_t,mcp_pool_t
101180,TYPE,mcp_pool_t*,mcp_pool_t*,mcp_pool_t*
101181,TYPE,mcp_request_s,mcp_request_s,mcp_request_s
101182,TYPE,mcp_request_s.timeval,timeval,mcp_request_s.timeval
101183,TYPE,mcp_request_t,mcp_request_t,mcp_request_t
101184,TYPE,mcp_request_t*,mcp_request_t*,mcp_request_t*
101185,TYPE,mcp_resp_mode,mcp_resp_mode,mcp_resp_mode
101186,TYPE,mcp_resp_t,mcp_resp_t,mcp_resp_t
101187,TYPE,mcp_resp_t*,mcp_resp_t*,mcp_resp_t*
101188,TYPE,mcp_resp_t.mcp_resp_mode,mcp_resp_mode,mcp_resp_t.mcp_resp_mode
101189,TYPE,mcplib_hash_xxhash,mcplib_hash_xxhash,mcplib_hash_xxhash
101190,TYPE,mcplib_jump_hash_t,mcplib_jump_hash_t,mcplib_jump_hash_t
101191,TYPE,mcplib_jump_hash_t*,mcplib_jump_hash_t*,mcplib_jump_hash_t*
101192,TYPE,mcplib_jump_hash_t.proxy_hash_caller,proxy_hash_caller,mcplib_jump_hash_t.proxy_hash_caller
101193,TYPE,md5_byte_t,md5_byte_t,md5_byte_t
101194,TYPE,md5_byte_t*,md5_byte_t*,md5_byte_t*
101195,TYPE,md5_byte_t[16],md5_byte_t[16],md5_byte_t[16]
101196,TYPE,md5_state_s,md5_state_s,md5_state_s
101197,TYPE,md5_state_t,md5_state_t,md5_state_t
101198,TYPE,md5_state_t*,md5_state_t*,md5_state_t*
101199,TYPE,md5_word_t,md5_word_t,md5_word_t
101200,TYPE,md5_word_t*,md5_word_t*,md5_word_t*
101201,TYPE,message,message,message
101202,TYPE,meta,meta,meta
101203,TYPE,mode,mode,mode
101204,TYPE,mode_t,mode_t,mode_t
101205,TYPE,move_status,move_status,move_status
101206,TYPE,msghdr,msghdr,msghdr
101207,TYPE,msghdr*,msghdr*,msghdr*
101208,TYPE,network_transport,network_transport,network_transport
101209,TYPE,next,next,next
101210,TYPE,notify_event,notify_event,notify_event
101211,TYPE,obj_io,obj_io,obj_io
101212,TYPE,obj_io*,obj_io*,obj_io*
101213,TYPE,obj_io_cb,obj_io_cb,obj_io_cb
101214,TYPE,obj_io_mode,obj_io_mode,obj_io_mode
101215,TYPE,off_t,off_t,off_t
101216,TYPE,page_data,page_data,page_data
101217,TYPE,passwd*,passwd*,passwd*
101218,TYPE,pause_thread_types,pause_thread_types,pause_thread_types
101219,TYPE,phc,phc,phc
101220,TYPE,pid_t,pid_t,pid_t
101221,TYPE,pollfd,pollfd,pollfd
101222,TYPE,pollfd[1],pollfd[1],pollfd[1]
101223,TYPE,pollfd[20],pollfd[20],pollfd[20]
101224,TYPE,pool_head_s,pool_head_s,pool_head_s
101225,TYPE,pool_head_s.mcp_pool_s,mcp_pool_s,pool_head_s.mcp_pool_s
101226,TYPE,pool_head_t,pool_head_t,pool_head_t
101227,TYPE,prev,prev,prev
101228,TYPE,protocol,protocol,protocol
101229,TYPE,protocol_binary_command,protocol_binary_command,protocol_binary_command
101230,TYPE,protocol_binary_datatypes,protocol_binary_datatypes,protocol_binary_datatypes
101231,TYPE,protocol_binary_magic,protocol_binary_magic,protocol_binary_magic
101232,TYPE,protocol_binary_request_add,protocol_binary_request_add,protocol_binary_request_add
101233,TYPE,protocol_binary_request_append,protocol_binary_request_append,protocol_binary_request_append
101234,TYPE,protocol_binary_request_decr,protocol_binary_request_decr,protocol_binary_request_decr
101235,TYPE,protocol_binary_request_delete,protocol_binary_request_delete,protocol_binary_request_delete
101236,TYPE,protocol_binary_request_flush,protocol_binary_request_flush,protocol_binary_request_flush
101237,TYPE,protocol_binary_request_flush*,protocol_binary_request_flush*,protocol_binary_request_flush*
101238,TYPE,protocol_binary_request_flush.message,message,protocol_binary_request_flush.message
101239,TYPE,protocol_binary_request_flush.message.body,body,protocol_binary_request_flush.message.body
101240,TYPE,protocol_binary_request_gat,protocol_binary_request_gat,protocol_binary_request_gat
101241,TYPE,protocol_binary_request_gat.message,message,protocol_binary_request_gat.message
101242,TYPE,protocol_binary_request_gat.message.body,body,protocol_binary_request_gat.message.body
101243,TYPE,protocol_binary_request_gatk,protocol_binary_request_gatk,protocol_binary_request_gatk
101244,TYPE,protocol_binary_request_gatkq,protocol_binary_request_gatkq,protocol_binary_request_gatkq
101245,TYPE,protocol_binary_request_gatq,protocol_binary_request_gatq,protocol_binary_request_gatq
101246,TYPE,protocol_binary_request_get,protocol_binary_request_get,protocol_binary_request_get
101247,TYPE,protocol_binary_request_getk,protocol_binary_request_getk,protocol_binary_request_getk
101248,TYPE,protocol_binary_request_getkq,protocol_binary_request_getkq,protocol_binary_request_getkq
101249,TYPE,protocol_binary_request_getq,protocol_binary_request_getq,protocol_binary_request_getq
101250,TYPE,protocol_binary_request_header,protocol_binary_request_header,protocol_binary_request_header
101251,TYPE,protocol_binary_request_header*,protocol_binary_request_header*,protocol_binary_request_header*
101252,TYPE,protocol_binary_request_header.request,request,protocol_binary_request_header.request
101253,TYPE,protocol_binary_request_incr,protocol_binary_request_incr,protocol_binary_request_incr
101254,TYPE,protocol_binary_request_incr*,protocol_binary_request_incr*,protocol_binary_request_incr*
101255,TYPE,protocol_binary_request_incr.message,message,protocol_binary_request_incr.message
101256,TYPE,protocol_binary_request_incr.message.body,body,protocol_binary_request_incr.message.body
101257,TYPE,protocol_binary_request_no_extras,protocol_binary_request_no_extras,protocol_binary_request_no_extras
101258,TYPE,protocol_binary_request_no_extras*,protocol_binary_request_no_extras*,protocol_binary_request_no_extras*
101259,TYPE,protocol_binary_request_no_extras.message,message,protocol_binary_request_no_extras.message
101260,TYPE,protocol_binary_request_noop,protocol_binary_request_noop,protocol_binary_request_noop
101261,TYPE,protocol_binary_request_prepend,protocol_binary_request_prepend,protocol_binary_request_prepend
101262,TYPE,protocol_binary_request_quit,protocol_binary_request_quit,protocol_binary_request_quit
101263,TYPE,protocol_binary_request_rangeop,protocol_binary_request_rangeop,protocol_binary_request_rangeop
101264,TYPE,protocol_binary_request_rangeop.message,message,protocol_binary_request_rangeop.message
101265,TYPE,protocol_binary_request_rangeop.message.body,body,protocol_binary_request_rangeop.message.body
101266,TYPE,protocol_binary_request_rappend,protocol_binary_request_rappend,protocol_binary_request_rappend
101267,TYPE,protocol_binary_request_rappendq,protocol_binary_request_rappendq,protocol_binary_request_rappendq
101268,TYPE,protocol_binary_request_rdecr,protocol_binary_request_rdecr,protocol_binary_request_rdecr
101269,TYPE,protocol_binary_request_rdecrq,protocol_binary_request_rdecrq,protocol_binary_request_rdecrq
101270,TYPE,protocol_binary_request_rdelete,protocol_binary_request_rdelete,protocol_binary_request_rdelete
101271,TYPE,protocol_binary_request_rdeleteq,protocol_binary_request_rdeleteq,protocol_binary_request_rdeleteq
101272,TYPE,protocol_binary_request_replace,protocol_binary_request_replace,protocol_binary_request_replace
101273,TYPE,protocol_binary_request_rget,protocol_binary_request_rget,protocol_binary_request_rget
101274,TYPE,protocol_binary_request_rincr,protocol_binary_request_rincr,protocol_binary_request_rincr
101275,TYPE,protocol_binary_request_rincrq,protocol_binary_request_rincrq,protocol_binary_request_rincrq
101276,TYPE,protocol_binary_request_rprepend,protocol_binary_request_rprepend,protocol_binary_request_rprepend
101277,TYPE,protocol_binary_request_rprependq,protocol_binary_request_rprependq,protocol_binary_request_rprependq
101278,TYPE,protocol_binary_request_rset,protocol_binary_request_rset,protocol_binary_request_rset
101279,TYPE,protocol_binary_request_rsetq,protocol_binary_request_rsetq,protocol_binary_request_rsetq
101280,TYPE,protocol_binary_request_set,protocol_binary_request_set,protocol_binary_request_set
101281,TYPE,protocol_binary_request_set*,protocol_binary_request_set*,protocol_binary_request_set*
101282,TYPE,protocol_binary_request_set.message,message,protocol_binary_request_set.message
101283,TYPE,protocol_binary_request_set.message.body,body,protocol_binary_request_set.message.body
101284,TYPE,protocol_binary_request_stats,protocol_binary_request_stats,protocol_binary_request_stats
101285,TYPE,protocol_binary_request_touch,protocol_binary_request_touch,protocol_binary_request_touch
101286,TYPE,protocol_binary_request_touch*,protocol_binary_request_touch*,protocol_binary_request_touch*
101287,TYPE,protocol_binary_request_touch.message,message,protocol_binary_request_touch.message
101288,TYPE,protocol_binary_request_touch.message.body,body,protocol_binary_request_touch.message.body
101289,TYPE,protocol_binary_request_version,protocol_binary_request_version,protocol_binary_request_version
101290,TYPE,protocol_binary_response_add,protocol_binary_response_add,protocol_binary_response_add
101291,TYPE,protocol_binary_response_append,protocol_binary_response_append,protocol_binary_response_append
101292,TYPE,protocol_binary_response_decr,protocol_binary_response_decr,protocol_binary_response_decr
101293,TYPE,protocol_binary_response_delete,protocol_binary_response_delete,protocol_binary_response_delete
101294,TYPE,protocol_binary_response_flush,protocol_binary_response_flush,protocol_binary_response_flush
101295,TYPE,protocol_binary_response_gat,protocol_binary_response_gat,protocol_binary_response_gat
101296,TYPE,protocol_binary_response_gatk,protocol_binary_response_gatk,protocol_binary_response_gatk
101297,TYPE,protocol_binary_response_gatkq,protocol_binary_response_gatkq,protocol_binary_response_gatkq
101298,TYPE,protocol_binary_response_gatq,protocol_binary_response_gatq,protocol_binary_response_gatq
101299,TYPE,protocol_binary_response_get,protocol_binary_response_get,protocol_binary_response_get
101300,TYPE,protocol_binary_response_get*,protocol_binary_response_get*,protocol_binary_response_get*
101301,TYPE,protocol_binary_response_get.message,message,protocol_binary_response_get.message
101302,TYPE,protocol_binary_response_get.message.body,body,protocol_binary_response_get.message.body
101303,TYPE,protocol_binary_response_getk,protocol_binary_response_getk,protocol_binary_response_getk
101304,TYPE,protocol_binary_response_getkq,protocol_binary_response_getkq,protocol_binary_response_getkq
101305,TYPE,protocol_binary_response_getq,protocol_binary_response_getq,protocol_binary_response_getq
101306,TYPE,protocol_binary_response_header,protocol_binary_response_header,protocol_binary_response_header
101307,TYPE,protocol_binary_response_header*,protocol_binary_response_header*,protocol_binary_response_header*
101308,TYPE,protocol_binary_response_header.response,response,protocol_binary_response_header.response
101309,TYPE,protocol_binary_response_incr,protocol_binary_response_incr,protocol_binary_response_incr
101310,TYPE,protocol_binary_response_incr*,protocol_binary_response_incr*,protocol_binary_response_incr*
101311,TYPE,protocol_binary_response_incr.message,message,protocol_binary_response_incr.message
101312,TYPE,protocol_binary_response_incr.message.body,body,protocol_binary_response_incr.message.body
101313,TYPE,protocol_binary_response_no_extras,protocol_binary_response_no_extras,protocol_binary_response_no_extras
101314,TYPE,protocol_binary_response_no_extras*,protocol_binary_response_no_extras*,protocol_binary_response_no_extras*
101315,TYPE,protocol_binary_response_no_extras.message,message,protocol_binary_response_no_extras.message
101316,TYPE,protocol_binary_response_noop,protocol_binary_response_noop,protocol_binary_response_noop
101317,TYPE,protocol_binary_response_prepend,protocol_binary_response_prepend,protocol_binary_response_prepend
101318,TYPE,protocol_binary_response_quit,protocol_binary_response_quit,protocol_binary_response_quit
101319,TYPE,protocol_binary_response_replace,protocol_binary_response_replace,protocol_binary_response_replace
101320,TYPE,protocol_binary_response_set,protocol_binary_response_set,protocol_binary_response_set
101321,TYPE,protocol_binary_response_stats,protocol_binary_response_stats,protocol_binary_response_stats
101322,TYPE,protocol_binary_response_status,protocol_binary_response_status,protocol_binary_response_status
101323,TYPE,protocol_binary_response_touch,protocol_binary_response_touch,protocol_binary_response_touch
101324,TYPE,protocol_binary_response_version,protocol_binary_response_version,protocol_binary_response_version
101325,TYPE,proxy_be_failures,proxy_be_failures,proxy_be_failures
101326,TYPE,proxy_cmd_types,proxy_cmd_types,proxy_cmd_types
101327,TYPE,proxy_ctx_t,proxy_ctx_t,proxy_ctx_t
101328,TYPE,proxy_ctx_t*,proxy_ctx_t*,proxy_ctx_t*
101329,TYPE,proxy_ctx_t.proxy_global_stats,proxy_global_stats,proxy_ctx_t.proxy_global_stats
101330,TYPE,proxy_ctx_t.proxy_tunables,proxy_tunables,proxy_ctx_t.proxy_tunables
101331,TYPE,proxy_ctx_t.proxy_user_stats,proxy_user_stats,proxy_ctx_t.proxy_user_stats
101332,TYPE,proxy_defines,proxy_defines,proxy_defines
101333,TYPE,proxy_event_t,proxy_event_t,proxy_event_t
101334,TYPE,proxy_event_thread_s,proxy_event_thread_s,proxy_event_thread_s
101335,TYPE,proxy_event_thread_s.event,event,proxy_event_thread_s.event
101336,TYPE,proxy_event_thread_s.event_base,event_base,proxy_event_thread_s.event_base
101337,TYPE,proxy_event_thread_s.io_uring,io_uring,proxy_event_thread_s.io_uring
101338,TYPE,proxy_event_thread_s.proxy_tunables,proxy_tunables,proxy_event_thread_s.proxy_tunables
101339,TYPE,proxy_event_thread_t,proxy_event_thread_t,proxy_event_thread_t
101340,TYPE,proxy_event_thread_t*,proxy_event_thread_t*,proxy_event_thread_t*
101341,TYPE,proxy_global_stats,proxy_global_stats,proxy_global_stats
101342,TYPE,proxy_hash_caller,proxy_hash_caller,proxy_hash_caller
101343,TYPE,proxy_hash_caller*,proxy_hash_caller*,proxy_hash_caller*
101344,TYPE,proxy_hash_func,proxy_hash_func,proxy_hash_func
101345,TYPE,proxy_hash_func*,proxy_hash_func*,proxy_hash_func*
101346,TYPE,proxy_hook,proxy_hook,proxy_hook
101347,TYPE,proxy_hook*,proxy_hook*,proxy_hook*
101348,TYPE,proxy_hook.proxy_hook_tagged,proxy_hook_tagged,proxy_hook.proxy_hook_tagged
101349,TYPE,proxy_hook_tagged,proxy_hook_tagged,proxy_hook_tagged
101350,TYPE,proxy_hook_tagged*,proxy_hook_tagged*,proxy_hook_tagged*
101351,TYPE,proxy_int_stats,proxy_int_stats,proxy_int_stats
101352,TYPE,proxy_int_stats*,proxy_int_stats*,proxy_int_stats*
101353,TYPE,proxy_tunables,proxy_tunables,proxy_tunables
101354,TYPE,proxy_tunables.__kernel_timespec,__kernel_timespec,proxy_tunables.__kernel_timespec
101355,TYPE,proxy_tunables.timeval,timeval,proxy_tunables.timeval
101356,TYPE,proxy_user_stats,proxy_user_stats,proxy_user_stats
101357,TYPE,proxy_user_stats*,proxy_user_stats*,proxy_user_stats*
101358,TYPE,pthread_attr_t,pthread_attr_t,pthread_attr_t
101359,TYPE,pthread_cond_t,pthread_cond_t,pthread_cond_t
101360,TYPE,pthread_key_t,pthread_key_t,pthread_key_t
101361,TYPE,pthread_mutex_t,pthread_mutex_t,pthread_mutex_t
101362,TYPE,pthread_mutex_t*,pthread_mutex_t*,pthread_mutex_t*
101363,TYPE,pthread_mutex_t[256],pthread_mutex_t[256],pthread_mutex_t[256]
101364,TYPE,pthread_once_t,pthread_once_t,pthread_once_t
101365,TYPE,pthread_t,pthread_t,pthread_t
101366,TYPE,read,read,read
101367,TYPE,read_ur,read_ur,read_ur
101368,TYPE,reassign_result_type,reassign_result_type,reassign_result_type
101369,TYPE,rel_time_t,rel_time_t,rel_time_t
101370,TYPE,request,request,request
101371,TYPE,request_addr,request_addr,request_addr
101372,TYPE,response,response,response
101373,TYPE,restart_cb_ctx,restart_cb_ctx,restart_cb_ctx
101374,TYPE,restart_cb_ctx*,restart_cb_ctx*,restart_cb_ctx*
101375,TYPE,restart_check_cb,restart_check_cb,restart_check_cb
101376,TYPE,restart_data_cb,restart_data_cb,restart_data_cb
101377,TYPE,restart_data_cb*,restart_data_cb*,restart_data_cb*
101378,TYPE,restart_get_kv,restart_get_kv,restart_get_kv
101379,TYPE,restart_get_kv_ret,restart_get_kv_ret,restart_get_kv_ret
101380,TYPE,restart_save_cb,restart_save_cb,restart_save_cb
101381,TYPE,retry,retry,retry
101382,TYPE,retry_ur,retry_ur,retry_ur
101383,TYPE,ring,ring,ring
101384,TYPE,rlimit,rlimit,rlimit
101385,TYPE,rusage,rusage,rusage
101386,TYPE,sasl_callback_t[],sasl_callback_t[],sasl_callback_t[]
101387,TYPE,sasl_conn_t,sasl_conn_t,sasl_conn_t
101388,TYPE,sasl_conn_t*,sasl_conn_t*,sasl_conn_t*
101389,TYPE,settings,settings,settings
101390,TYPE,settings*,settings*,settings*
101391,TYPE,settings.protocol,protocol,settings.protocol
101392,TYPE,short,short,short
101393,TYPE,short unsigned,short unsigned,short unsigned
101394,TYPE,shortunsigned*,shortunsigned*,shortunsigned*
101395,TYPE,sig_atomic_t,sig_atomic_t,sig_atomic_t
101396,TYPE,sigaction,sigaction,sigaction
101397,TYPE,siginfo_t*,siginfo_t*,siginfo_t*
101398,TYPE,size_t,size_t,size_t
101399,TYPE,size_t*,size_t*,size_t*
101400,TYPE,size_t[2],size_t[2],size_t[2]
101401,TYPE,slab_automove,slab_automove,slab_automove
101402,TYPE,slab_automove*,slab_automove*,slab_automove*
101403,TYPE,slab_automove.settings,settings,slab_automove.settings
101404,TYPE,slab_automove.window_data,window_data,slab_automove.window_data
101405,TYPE,slab_automove_free_func,slab_automove_free_func,slab_automove_free_func
101406,TYPE,slab_automove_init_func,slab_automove_init_func,slab_automove_init_func
101407,TYPE,slab_automove_reg_t,slab_automove_reg_t,slab_automove_reg_t
101408,TYPE,slab_automove_reg_t*,slab_automove_reg_t*,slab_automove_reg_t*
101409,TYPE,slab_automove_run_func,slab_automove_run_func,slab_automove_run_func
101410,TYPE,slab_rebal,slab_rebal,slab_rebal
101411,TYPE,slab_rebalance,slab_rebalance,slab_rebalance
101412,TYPE,slab_stats,slab_stats,slab_stats
101413,TYPE,slab_stats*,slab_stats*,slab_stats*
101414,TYPE,slab_stats[64],slab_stats[64],slab_stats[64]
101415,TYPE,slab_stats_automove,slab_stats_automove,slab_stats_automove
101416,TYPE,slab_stats_automove*,slab_stats_automove*,slab_stats_automove*
101417,TYPE,slab_stats_automove[64],slab_stats_automove[64],slab_stats_automove[64]
101418,TYPE,slabclass_t,slabclass_t,slabclass_t
101419,TYPE,slabclass_t*,slabclass_t*,slabclass_t*
101420,TYPE,slabclass_t[64],slabclass_t[64],slabclass_t[64]
101421,TYPE,slabs_reassign,slabs_reassign,slabs_reassign
101422,TYPE,sockaddr*,sockaddr*,sockaddr*
101423,TYPE,sockaddr_in6,sockaddr_in6,sockaddr_in6
101424,TYPE,sockaddr_in6*,sockaddr_in6*,sockaddr_in6*
101425,TYPE,sockaddr_storage,sockaddr_storage,sockaddr_storage
101426,TYPE,sockaddr_un,sockaddr_un,sockaddr_un
101427,TYPE,socklen_t,socklen_t,socklen_t
101428,TYPE,ssize_t,ssize_t,ssize_t
101429,TYPE,ssize_t*,ssize_t*,ssize_t*
101430,TYPE,start,start,start
101431,TYPE,stat,stat,stat
101432,TYPE,state,state,state
101433,TYPE,static crawler[256],static crawler[256],static crawler[256]
101434,TYPE,static itemstats_t[256],static itemstats_t[256],static itemstats_t[256]
101435,TYPE,static sasl_callback_t[],static sasl_callback_t[],static sasl_callback_t[]
101436,TYPE,static slabclass_t[64],static slabclass_t[64],static slabclass_t[64]
101437,TYPE,static uint32_t[256],static uint32_t[256],static uint32_t[256]
101438,TYPE,static uint32_t[8][256],static uint32_t[8][256],static uint32_t[8][256]
101439,TYPE,static uint64_t[256],static uint64_t[256],static uint64_t[256]
101440,TYPE,static uint64_t[8][256],static uint64_t[8][256],static uint64_t[8][256]
101441,TYPE,stats,stats,stats
101442,TYPE,stats.timeval,timeval,stats.timeval
101443,TYPE,stats_state,stats_state,stats_state
101444,TYPE,stop_reasons,stop_reasons,stop_reasons
101445,TYPE,storage_conf_parse,storage_conf_parse,storage_conf_parse
101446,TYPE,store_engine,store_engine,store_engine
101447,TYPE,store_engine*,store_engine*,store_engine*
101448,TYPE,store_engine.extstore_stats,extstore_stats,store_engine.extstore_stats
101449,TYPE,store_io_thread,store_io_thread,store_io_thread
101450,TYPE,store_io_thread*,store_io_thread*,store_io_thread*
101451,TYPE,store_item,store_item,store_item
101452,TYPE,store_item_type,store_item_type,store_item_type
101453,TYPE,store_maint_thread,store_maint_thread,store_maint_thread
101454,TYPE,store_maint_thread*,store_maint_thread*,store_maint_thread*
101455,TYPE,store_page,store_page,store_page
101456,TYPE,store_page*,store_page*,store_page*
101457,TYPE,store_page**,store_page**,store_page**
101458,TYPE,stqe_next,stqe_next,stqe_next
101459,TYPE,stqh_first,stqh_first,stqh_first
101460,TYPE,stqh_last,stqh_last,stqh_last
101461,TYPE,struct,struct,struct
101462,TYPE,struct addrinfo,struct addrinfo,struct addrinfo
101463,TYPE,struct conn,struct conn,struct conn
101464,TYPE,struct window_data,struct window_data,struct window_data
101465,TYPE,substate,substate,substate
101466,TYPE,t,t,t
101467,TYPE,tagged,tagged,tagged
101468,TYPE,test_return,test_return,test_return
101469,TYPE,test_return ()(),test_return ()(),test_return ()()
101470,TYPE,testcase,testcase,testcase
101471,TYPE,testcase[],testcase[],testcase[]
101472,TYPE,testcases,testcases,testcases
101473,TYPE,thread_stats,thread_stats,thread_stats
101474,TYPE,thread_stats*,thread_stats*,thread_stats*
101475,TYPE,thread_stats.slab_stats,slab_stats,thread_stats.slab_stats
101476,TYPE,time_t,time_t,time_t
101477,TYPE,timespec,timespec,timespec
101478,TYPE,timeval,timeval,timeval
101479,TYPE,token_s,token_s,token_s
101480,TYPE,token_s[24],token_s[24],token_s[24]
101481,TYPE,token_t,token_t,token_t
101482,TYPE,token_t*,token_t*,token_t*
101483,TYPE,transmit,transmit,transmit
101484,TYPE,transmit_result,transmit_result,transmit_result
101485,TYPE,transport,transport,transport
101486,TYPE,try_read_network,try_read_network,try_read_network
101487,TYPE,try_read_result,try_read_result,try_read_result
101488,TYPE,try_read_udp,try_read_udp,try_read_udp
101489,TYPE,tunables,tunables,tunables
101490,TYPE,tv,tv,tv
101491,TYPE,type,type,type
101492,TYPE,uint16_t,uint16_t,uint16_t
101493,TYPE,uint16_t[24],uint16_t[24],uint16_t[24]
101494,TYPE,uint32_t,uint32_t,uint32_t
101495,TYPE,uint32_t*,uint32_t*,uint32_t*
101496,TYPE,uint32_t[256],uint32_t[256],uint32_t[256]
101497,TYPE,uint32_t[4],uint32_t[4],uint32_t[4]
101498,TYPE,uint32_t[64],uint32_t[64],uint32_t[64]
101499,TYPE,uint32_t[8][256],uint32_t[8][256],uint32_t[8][256]
101500,TYPE,uint64_t,uint64_t,uint64_t
101501,TYPE,uint64_t*,uint64_t*,uint64_t*
101502,TYPE,uint64_t[256],uint64_t[256],uint64_t[256]
101503,TYPE,uint64_t[38],uint64_t[38],uint64_t[38]
101504,TYPE,uint64_t[61],uint64_t[61],uint64_t[61]
101505,TYPE,uint64_t[8][256],uint64_t[8][256],uint64_t[8][256]
101506,TYPE,uint64_t[],uint64_t[],uint64_t[]
101507,TYPE,uint8_t,uint8_t,uint8_t
101508,TYPE,uint8_t*,uint8_t*,uint8_t*
101509,TYPE,uint8_t[127],uint8_t[127],uint8_t[127]
101510,TYPE,uint8_t[24],uint8_t[24],uint8_t[24]
101511,TYPE,uint8_t[256],uint8_t[256],uint8_t[256]
101512,TYPE,uint8_t[],uint8_t[],uint8_t[]
101513,TYPE,union,union,union
101514,TYPE,unsigned,unsigned,unsigned
101515,TYPE,unsigned char,unsigned char,unsigned char
101516,TYPE,unsigned char*,unsigned char*,unsigned char*
101517,TYPE,unsigned char[16],unsigned char[16],unsigned char[16]
101518,TYPE,unsigned char[256],unsigned char[256],unsigned char[256]
101519,TYPE,unsigned char[4],unsigned char[4],unsigned char[4]
101520,TYPE,unsigned char[64],unsigned char[64],unsigned char[64]
101521,TYPE,unsigned char[65],unsigned char[65],unsigned char[65]
101522,TYPE,unsigned char[8],unsigned char[8],unsigned char[8]
101523,TYPE,unsigned char[],unsigned char[],unsigned char[]
101524,TYPE,unsigned int,unsigned int,unsigned int
101525,TYPE,unsigned int*,unsigned int*,unsigned int*
101526,TYPE,unsigned int[16],unsigned int[16],unsigned int[16]
101527,TYPE,unsigned int[256],unsigned int[256],unsigned int[256]
101528,TYPE,unsigned int[2],unsigned int[2],unsigned int[2]
101529,TYPE,unsigned int[4],unsigned int[4],unsigned int[4]
101530,TYPE,unsigned longlongint,unsigned longlongint,unsigned longlongint
101531,TYPE,useconds_t,useconds_t,useconds_t
101532,TYPE,useconds_t[64],useconds_t[64],useconds_t[64]
101533,TYPE,user_stats,user_stats,user_stats
101534,TYPE,va_list,va_list,va_list
101535,TYPE,void,void,void
101536,TYPE,void*,void*,void*
101537,TYPE,void**,void**,void**
101538,TYPE,void*[1024],void*[1024],void*[1024]
101539,TYPE,watchers_pollfds,watchers_pollfds,watchers_pollfds
101540,TYPE,window_data,window_data,window_data
101541,TYPE,window_data*,window_data*,window_data*
101542,TYPE,write_iovs,write_iovs,write_iovs
