2,NAMESPACE_BLOCK,<empty>,,<unknown>,<global>,,<global>,1
9,NAMESPACE_BLOCK,<empty>,,core\nginx.c,core\nginx.c:<global>,,<global>,1
3113,NAMESPACE_BLOCK,<empty>,,core\nginx.h,core\nginx.h:<global>,,<global>,1
3122,NAMESPACE_BLOCK,<empty>,,core\ngx_array.c,core\ngx_array.c:<global>,,<global>,1
3519,NAMESPACE_BLOCK,<empty>,,core\ngx_array.h,core\ngx_array.h:<global>,,<global>,1
3608,NAMESPACE_BLOCK,<empty>,,core\ngx_buf.c,core\ngx_buf.c:<global>,,<global>,1
4363,NAMESPACE_BLOCK,<empty>,,core\ngx_buf.h,core\ngx_buf.h:<global>,,<global>,1
4514,NAMESPACE_BLOCK,<empty>,,core\ngx_conf_file.c,core\ngx_conf_file.c:<global>,,<global>,1
8310,NAMESPACE_BLOCK,<empty>,,core\ngx_conf_file.h,core\ngx_conf_file.h:<global>,,<global>,1
8540,NAMESPACE_BLOCK,<empty>,,core\ngx_config.h,core\ngx_config.h:<global>,,<global>,1
8554,NAMESPACE_BLOCK,<empty>,,core\ngx_connection.c,core\ngx_connection.c:<global>,,<global>,1
10856,NAMESPACE_BLOCK,<empty>,,core\ngx_connection.h,core\ngx_connection.h:<global>,,<global>,1
11161,NAMESPACE_BLOCK,<empty>,,core\ngx_core.h,core\ngx_core.h:<global>,,<global>,1
11219,NAMESPACE_BLOCK,<empty>,,core\ngx_cpuinfo.c,core\ngx_cpuinfo.c:<global>,,<global>,1
11233,NAMESPACE_BLOCK,<empty>,,core\ngx_crc.h,core\ngx_crc.h:<global>,,<global>,1
11276,NAMESPACE_BLOCK,<empty>,,core\ngx_crc32.c,core\ngx_crc32.c:<global>,,<global>,1
11629,NAMESPACE_BLOCK,<empty>,,core\ngx_crc32.h,core\ngx_crc32.h:<global>,,<global>,1
11744,NAMESPACE_BLOCK,<empty>,,core\ngx_crypt.c,core\ngx_crypt.c:<global>,,<global>,1
11753,NAMESPACE_BLOCK,<empty>,,core\ngx_crypt.h,core\ngx_crypt.h:<global>,,<global>,1
11772,NAMESPACE_BLOCK,<empty>,,core\ngx_cycle.c,core\ngx_cycle.c:<global>,,<global>,1
15800,NAMESPACE_BLOCK,<empty>,,core\ngx_cycle.h,core\ngx_cycle.h:<global>,,<global>,1
15947,NAMESPACE_BLOCK,<empty>,,core\ngx_file.c,core\ngx_file.c:<global>,,<global>,1
18700,NAMESPACE_BLOCK,<empty>,,core\ngx_file.h,core\ngx_file.h:<global>,,<global>,1
18931,NAMESPACE_BLOCK,<empty>,,core\ngx_hash.c,core\ngx_hash.c:<global>,,<global>,1
21737,NAMESPACE_BLOCK,<empty>,,core\ngx_hash.h,core\ngx_hash.h:<global>,,<global>,1
21884,NAMESPACE_BLOCK,<empty>,,core\ngx_inet.c,core\ngx_inet.c:<global>,,<global>,1
23855,NAMESPACE_BLOCK,<empty>,,core\ngx_inet.h,core\ngx_inet.h:<global>,,<global>,1
23999,NAMESPACE_BLOCK,<empty>,,core\ngx_list.c,core\ngx_list.c:<global>,,<global>,1
24145,NAMESPACE_BLOCK,<empty>,,core\ngx_list.h,core\ngx_list.h:<global>,,<global>,1
24250,NAMESPACE_BLOCK,<empty>,,core\ngx_log.c,core\ngx_log.c:<global>,,<global>,1
25620,NAMESPACE_BLOCK,<empty>,,core\ngx_log.h,core\ngx_log.h:<global>,,<global>,1
25708,NAMESPACE_BLOCK,<empty>,,core\ngx_md5.c,core\ngx_md5.c:<global>,,<global>,1
29369,NAMESPACE_BLOCK,<empty>,,core\ngx_md5.h,core\ngx_md5.h:<global>,,<global>,1
29410,NAMESPACE_BLOCK,<empty>,,core\ngx_module.c,core\ngx_module.c:<global>,,<global>,1
30251,NAMESPACE_BLOCK,<empty>,,core\ngx_module.h,core\ngx_module.h:<global>,,<global>,1
30362,NAMESPACE_BLOCK,<empty>,,core\ngx_murmurhash.c,core\ngx_murmurhash.c:<global>,,<global>,1
30484,NAMESPACE_BLOCK,<empty>,,core\ngx_murmurhash.h,core\ngx_murmurhash.h:<global>,,<global>,1
30501,NAMESPACE_BLOCK,<empty>,,core\ngx_open_file_cache.c,core\ngx_open_file_cache.c:<global>,,<global>,1
32834,NAMESPACE_BLOCK,<empty>,,core\ngx_open_file_cache.h,core\ngx_open_file_cache.h:<global>,,<global>,1
32932,NAMESPACE_BLOCK,<empty>,,core\ngx_output_chain.c,core\ngx_output_chain.c:<global>,,<global>,1
34758,NAMESPACE_BLOCK,<empty>,,core\ngx_palloc.c,core\ngx_palloc.c:<global>,,<global>,1
35661,NAMESPACE_BLOCK,<empty>,,core\ngx_palloc.h,core\ngx_palloc.h:<global>,,<global>,1
35774,NAMESPACE_BLOCK,<empty>,,core\ngx_parse.c,core\ngx_parse.c:<global>,,<global>,1
36441,NAMESPACE_BLOCK,<empty>,,core\ngx_parse.h,core\ngx_parse.h:<global>,,<global>,1
36466,NAMESPACE_BLOCK,<empty>,,core\ngx_parse_time.c,core\ngx_parse_time.c:<global>,,<global>,1
37384,NAMESPACE_BLOCK,<empty>,,core\ngx_parse_time.h,core\ngx_parse_time.h:<global>,,<global>,1
37399,NAMESPACE_BLOCK,<empty>,,core\ngx_proxy_protocol.c,core\ngx_proxy_protocol.c:<global>,,<global>,1
38450,NAMESPACE_BLOCK,<empty>,,core\ngx_proxy_protocol.h,core\ngx_proxy_protocol.h:<global>,,<global>,1
38478,NAMESPACE_BLOCK,<empty>,,core\ngx_queue.c,core\ngx_queue.c:<global>,,<global>,1
38606,NAMESPACE_BLOCK,<empty>,,core\ngx_queue.h,core\ngx_queue.h:<global>,,<global>,1
38631,NAMESPACE_BLOCK,<empty>,,core\ngx_radix_tree.c,core\ngx_radix_tree.c:<global>,,<global>,1
39236,NAMESPACE_BLOCK,<empty>,,core\ngx_radix_tree.h,core\ngx_radix_tree.h:<global>,,<global>,1
39286,NAMESPACE_BLOCK,<empty>,,core\ngx_rbtree.c,core\ngx_rbtree.c:<global>,,<global>,1
40201,NAMESPACE_BLOCK,<empty>,,core\ngx_rbtree.h,core\ngx_rbtree.h:<global>,,<global>,1
40267,NAMESPACE_BLOCK,<empty>,,core\ngx_regex.c,core\ngx_regex.c:<global>,,<global>,1
41141,NAMESPACE_BLOCK,<empty>,,core\ngx_regex.h,core\ngx_regex.h:<global>,,<global>,1
41196,NAMESPACE_BLOCK,<empty>,,core\ngx_resolver.c,core\ngx_resolver.c:<global>,,<global>,1
52543,NAMESPACE_BLOCK,<empty>,,core\ngx_resolver.h,core\ngx_resolver.h:<global>,,<global>,1
52724,NAMESPACE_BLOCK,<empty>,,core\ngx_rwlock.c,core\ngx_rwlock.c:<global>,,<global>,1
52733,NAMESPACE_BLOCK,<empty>,,core\ngx_rwlock.h,core\ngx_rwlock.h:<global>,,<global>,1
52764,NAMESPACE_BLOCK,<empty>,,core\ngx_sha1.c,core\ngx_sha1.c:<global>,,<global>,1
58432,NAMESPACE_BLOCK,<empty>,,core\ngx_sha1.h,core\ngx_sha1.h:<global>,,<global>,1
58475,NAMESPACE_BLOCK,<empty>,,core\ngx_shmtx.c,core\ngx_shmtx.c:<global>,,<global>,1
58636,NAMESPACE_BLOCK,<empty>,,core\ngx_shmtx.h,core\ngx_shmtx.h:<global>,,<global>,1
58691,NAMESPACE_BLOCK,<empty>,,core\ngx_slab.c,core\ngx_slab.c:<global>,,<global>,1
61365,NAMESPACE_BLOCK,<empty>,,core\ngx_slab.h,core\ngx_slab.h:<global>,,<global>,1
61450,NAMESPACE_BLOCK,<empty>,,core\ngx_spinlock.c,core\ngx_spinlock.c:<global>,,<global>,1
61466,NAMESPACE_BLOCK,<empty>,,core\ngx_string.c,core\ngx_string.c:<global>,,<global>,1
66581,NAMESPACE_BLOCK,<empty>,,core\ngx_string.h,core\ngx_string.h:<global>,,<global>,1
66873,NAMESPACE_BLOCK,<empty>,,core\ngx_syslog.c,core\ngx_syslog.c:<global>,,<global>,1
67895,NAMESPACE_BLOCK,<empty>,,core\ngx_syslog.h,core\ngx_syslog.h:<global>,,<global>,1
67942,NAMESPACE_BLOCK,<empty>,,core\ngx_thread_pool.c,core\ngx_thread_pool.c:<global>,,<global>,1
69532,NAMESPACE_BLOCK,<empty>,,core\ngx_thread_pool.h,core\ngx_thread_pool.h:<global>,,<global>,1
69578,NAMESPACE_BLOCK,<empty>,,core\ngx_times.c,core\ngx_times.c:<global>,,<global>,1
70668,NAMESPACE_BLOCK,<empty>,,core\ngx_times.h,core\ngx_times.h:<global>,,<global>,1
70729,NAMESPACE_BLOCK,<empty>,,event\modules\ngx_devpoll_module.c,event\modules\ngx_devpoll_module.c:<global>,,<global>,1
71926,NAMESPACE_BLOCK,<empty>,,event\modules\ngx_epoll_module.c,event\modules\ngx_epoll_module.c:<global>,,<global>,1
73049,NAMESPACE_BLOCK,<empty>,,event\modules\ngx_eventport_module.c,event\modules\ngx_eventport_module.c:<global>,,<global>,1
74271,NAMESPACE_BLOCK,<empty>,,event\modules\ngx_iocp_module.c,event\modules\ngx_iocp_module.c:<global>,,<global>,1
74945,NAMESPACE_BLOCK,<empty>,,event\modules\ngx_iocp_module.h,event\modules\ngx_iocp_module.h:<global>,,<global>,1
74962,NAMESPACE_BLOCK,<empty>,,event\modules\ngx_kqueue_module.c,event\modules\ngx_kqueue_module.c:<global>,,<global>,1
76157,NAMESPACE_BLOCK,<empty>,,event\modules\ngx_poll_module.c,event\modules\ngx_poll_module.c:<global>,,<global>,1
77089,NAMESPACE_BLOCK,<empty>,,event\modules\ngx_select_module.c,event\modules\ngx_select_module.c:<global>,,<global>,1
78037,NAMESPACE_BLOCK,<empty>,,event\modules\ngx_win32_poll_module.c,event\modules\ngx_win32_poll_module.c:<global>,,<global>,1
78994,NAMESPACE_BLOCK,<empty>,,event\modules\ngx_win32_select_module.c,event\modules\ngx_win32_select_module.c:<global>,,<global>,1
79902,NAMESPACE_BLOCK,<empty>,,event\ngx_event.c,event\ngx_event.c:<global>,,<global>,1
82363,NAMESPACE_BLOCK,<empty>,,event\ngx_event.h,event\ngx_event.h:<global>,,<global>,1
82578,NAMESPACE_BLOCK,<empty>,,event\ngx_event_accept.c,event\ngx_event_accept.c:<global>,,<global>,1
83448,NAMESPACE_BLOCK,<empty>,,event\ngx_event_acceptex.c,event\ngx_event_acceptex.c:<global>,,<global>,1
84096,NAMESPACE_BLOCK,<empty>,,event\ngx_event_connect.c,event\ngx_event_connect.c:<global>,,<global>,1
84659,NAMESPACE_BLOCK,<empty>,,event\ngx_event_connect.h,event\ngx_event_connect.h:<global>,,<global>,1
84739,NAMESPACE_BLOCK,<empty>,,event\ngx_event_connectex.c,event\ngx_event_connectex.c:<global>,,<global>,1
85204,NAMESPACE_BLOCK,<empty>,,event\ngx_event_openssl.c,event\ngx_event_openssl.c:<global>,,<global>,1
94337,NAMESPACE_BLOCK,<empty>,,event\ngx_event_openssl.h,event\ngx_event_openssl.h:<global>,,<global>,1
94855,NAMESPACE_BLOCK,<empty>,,event\ngx_event_openssl_stapling.c,event\ngx_event_openssl_stapling.c:<global>,,<global>,1
94952,NAMESPACE_BLOCK,<empty>,,event\ngx_event_pipe.c,event\ngx_event_pipe.c:<global>,,<global>,1
97792,NAMESPACE_BLOCK,<empty>,,event\ngx_event_pipe.h,event\ngx_event_pipe.h:<global>,,<global>,1
97889,NAMESPACE_BLOCK,<empty>,,event\ngx_event_posted.c,event\ngx_event_posted.c:<global>,,<global>,1
97998,NAMESPACE_BLOCK,<empty>,,event\ngx_event_posted.h,event\ngx_event_posted.h:<global>,,<global>,1
98023,NAMESPACE_BLOCK,<empty>,,event\ngx_event_timer.c,event\ngx_event_timer.c:<global>,,<global>,1
98244,NAMESPACE_BLOCK,<empty>,,event\ngx_event_timer.h,event\ngx_event_timer.h:<global>,,<global>,1
98278,NAMESPACE_BLOCK,<empty>,,event\ngx_event_udp.c,event\ngx_event_udp.c:<global>,,<global>,1
99544,NAMESPACE_BLOCK,<empty>,,http\modules\ngx_http_access_module.c,http\modules\ngx_http_access_module.c:<global>,,<global>,1
100106,NAMESPACE_BLOCK,<empty>,,http\modules\ngx_http_addition_filter_module.c,http\modules\ngx_http_addition_filter_module.c:<global>,,<global>,1
100618,NAMESPACE_BLOCK,<empty>,,http\modules\ngx_http_auth_basic_module.c,http\modules\ngx_http_auth_basic_module.c:<global>,,<global>,1
101685,NAMESPACE_BLOCK,<empty>,,http\modules\ngx_http_auth_request_module.c,http\modules\ngx_http_auth_request_module.c:<global>,,<global>,1
102655,NAMESPACE_BLOCK,<empty>,,http\modules\ngx_http_autoindex_module.c,http\modules\ngx_http_autoindex_module.c:<global>,,<global>,1
105912,NAMESPACE_BLOCK,<empty>,,http\modules\ngx_http_browser_module.c,http\modules\ngx_http_browser_module.c:<global>,,<global>,1
107582,NAMESPACE_BLOCK,<empty>,,http\modules\ngx_http_charset_filter_module.c,http\modules\ngx_http_charset_filter_module.c:<global>,,<global>,1
112249,NAMESPACE_BLOCK,<empty>,,http\modules\ngx_http_chunked_filter_module.c,http\modules\ngx_http_chunked_filter_module.c:<global>,,<global>,1
113208,NAMESPACE_BLOCK,<empty>,,http\modules\ngx_http_dav_module.c,http\modules\ngx_http_dav_module.c:<global>,,<global>,1
116379,NAMESPACE_BLOCK,<empty>,,http\modules\ngx_http_degradation_module.c,http\modules\ngx_http_degradation_module.c:<global>,,<global>,1
116810,NAMESPACE_BLOCK,<empty>,,http\modules\ngx_http_empty_gif_module.c,http\modules\ngx_http_empty_gif_module.c:<global>,,<global>,1
116997,NAMESPACE_BLOCK,<empty>,,http\modules\ngx_http_fastcgi_module.c,http\modules\ngx_http_fastcgi_module.c:<global>,,<global>,1
127024,NAMESPACE_BLOCK,<empty>,,http\modules\ngx_http_flv_module.c,http\modules\ngx_http_flv_module.c:<global>,,<global>,1
127683,NAMESPACE_BLOCK,<empty>,,http\modules\ngx_http_geo_module.c,http\modules\ngx_http_geo_module.c:<global>,,<global>,1
131995,NAMESPACE_BLOCK,<empty>,,http\modules\ngx_http_geoip_module.c,http\modules\ngx_http_geoip_module.c:<global>,,<global>,1
133742,NAMESPACE_BLOCK,<empty>,,http\modules\ngx_http_grpc_module.c,http\modules\ngx_http_grpc_module.c:<global>,,<global>,1
146396,NAMESPACE_BLOCK,<empty>,,http\modules\ngx_http_gunzip_filter_module.c,http\modules\ngx_http_gunzip_filter_module.c:<global>,,<global>,1
148096,NAMESPACE_BLOCK,<empty>,,http\modules\ngx_http_gzip_filter_module.c,http\modules\ngx_http_gzip_filter_module.c:<global>,,<global>,1
150970,NAMESPACE_BLOCK,<empty>,,http\modules\ngx_http_gzip_static_module.c,http\modules\ngx_http_gzip_static_module.c:<global>,,<global>,1
151751,NAMESPACE_BLOCK,<empty>,,http\modules\ngx_http_headers_filter_module.c,http\modules\ngx_http_headers_filter_module.c:<global>,,<global>,1
153959,NAMESPACE_BLOCK,<empty>,,http\modules\ngx_http_image_filter_module.c,http\modules\ngx_http_image_filter_module.c:<global>,,<global>,1
158387,NAMESPACE_BLOCK,<empty>,,http\modules\ngx_http_index_module.c,http\modules\ngx_http_index_module.c:<global>,,<global>,1
159838,NAMESPACE_BLOCK,<empty>,,http\modules\ngx_http_limit_conn_module.c,http\modules\ngx_http_limit_conn_module.c:<global>,,<global>,1
161777,NAMESPACE_BLOCK,<empty>,,http\modules\ngx_http_limit_req_module.c,http\modules\ngx_http_limit_req_module.c:<global>,,<global>,1
164695,NAMESPACE_BLOCK,<empty>,,http\modules\ngx_http_log_module.c,http\modules\ngx_http_log_module.c:<global>,,<global>,1
169257,NAMESPACE_BLOCK,<empty>,,http\modules\ngx_http_map_module.c,http\modules\ngx_http_map_module.c:<global>,,<global>,1
170745,NAMESPACE_BLOCK,<empty>,,http\modules\ngx_http_memcached_module.c,http\modules\ngx_http_memcached_module.c:<global>,,<global>,1
172879,NAMESPACE_BLOCK,<empty>,,http\modules\ngx_http_mirror_module.c,http\modules\ngx_http_mirror_module.c:<global>,,<global>,1
173413,NAMESPACE_BLOCK,<empty>,,http\modules\ngx_http_mp4_module.c,http\modules\ngx_http_mp4_module.c:<global>,,<global>,1
192268,NAMESPACE_BLOCK,<empty>,,http\modules\ngx_http_not_modified_filter_module.c,http\modules\ngx_http_not_modified_filter_module.c:<global>,,<global>,1
192931,NAMESPACE_BLOCK,<empty>,,http\modules\ngx_http_proxy_module.c,http\modules\ngx_http_proxy_module.c:<global>,,<global>,1
205475,NAMESPACE_BLOCK,<empty>,,http\modules\ngx_http_random_index_module.c,http\modules\ngx_http_random_index_module.c:<global>,,<global>,1
206221,NAMESPACE_BLOCK,<empty>,,http\modules\ngx_http_range_filter_module.c,http\modules\ngx_http_range_filter_module.c:<global>,,<global>,1
208734,NAMESPACE_BLOCK,<empty>,,http\modules\ngx_http_realip_module.c,http\modules\ngx_http_realip_module.c:<global>,,<global>,1
210199,NAMESPACE_BLOCK,<empty>,,http\modules\ngx_http_referer_module.c,http\modules\ngx_http_referer_module.c:<global>,,<global>,1
211533,NAMESPACE_BLOCK,<empty>,,http\modules\ngx_http_rewrite_module.c,http\modules\ngx_http_rewrite_module.c:<global>,,<global>,1
214515,NAMESPACE_BLOCK,<empty>,,http\modules\ngx_http_scgi_module.c,http\modules\ngx_http_scgi_module.c:<global>,,<global>,1
219685,NAMESPACE_BLOCK,<empty>,,http\modules\ngx_http_secure_link_module.c,http\modules\ngx_http_secure_link_module.c:<global>,,<global>,1
220519,NAMESPACE_BLOCK,<empty>,,http\modules\ngx_http_slice_filter_module.c,http\modules\ngx_http_slice_filter_module.c:<global>,,<global>,1
222076,NAMESPACE_BLOCK,<empty>,,http\modules\ngx_http_split_clients_module.c,http\modules\ngx_http_split_clients_module.c:<global>,,<global>,1
222713,NAMESPACE_BLOCK,<empty>,,http\modules\ngx_http_ssi_filter_module.c,http\modules\ngx_http_ssi_filter_module.c:<global>,,<global>,1
230763,NAMESPACE_BLOCK,<empty>,,http\modules\ngx_http_ssi_filter_module.h,http\modules\ngx_http_ssi_filter_module.h:<global>,,<global>,1
230843,NAMESPACE_BLOCK,<empty>,,http\modules\ngx_http_ssl_module.c,http\modules\ngx_http_ssl_module.c:<global>,,<global>,1
234132,NAMESPACE_BLOCK,<empty>,,http\modules\ngx_http_ssl_module.h,http\modules\ngx_http_ssl_module.h:<global>,,<global>,1
234181,NAMESPACE_BLOCK,<empty>,,http\modules\ngx_http_static_module.c,http\modules\ngx_http_static_module.c:<global>,,<global>,1
235001,NAMESPACE_BLOCK,<empty>,,http\modules\ngx_http_stub_status_module.c,http\modules\ngx_http_stub_status_module.c:<global>,,<global>,1
235534,NAMESPACE_BLOCK,<empty>,,http\modules\ngx_http_sub_filter_module.c,http\modules\ngx_http_sub_filter_module.c:<global>,,<global>,1
238596,NAMESPACE_BLOCK,<empty>,,http\modules\ngx_http_try_files_module.c,http\modules\ngx_http_try_files_module.c:<global>,,<global>,1
239778,NAMESPACE_BLOCK,<empty>,,http\modules\ngx_http_upstream_hash_module.c,http\modules\ngx_http_upstream_hash_module.c:<global>,,<global>,1
241701,NAMESPACE_BLOCK,<empty>,,http\modules\ngx_http_upstream_ip_hash_module.c,http\modules\ngx_http_upstream_ip_hash_module.c:<global>,,<global>,1
242353,NAMESPACE_BLOCK,<empty>,,http\modules\ngx_http_upstream_keepalive_module.c,http\modules\ngx_http_upstream_keepalive_module.c:<global>,,<global>,1
243538,NAMESPACE_BLOCK,<empty>,,http\modules\ngx_http_upstream_least_conn_module.c,http\modules\ngx_http_upstream_least_conn_module.c:<global>,,<global>,1
244285,NAMESPACE_BLOCK,<empty>,,http\modules\ngx_http_upstream_random_module.c,http\modules\ngx_http_upstream_random_module.c:<global>,,<global>,1
245415,NAMESPACE_BLOCK,<empty>,,http\modules\ngx_http_upstream_zone_module.c,http\modules\ngx_http_upstream_zone_module.c:<global>,,<global>,1
246255,NAMESPACE_BLOCK,<empty>,,http\modules\ngx_http_userid_filter_module.c,http\modules\ngx_http_userid_filter_module.c:<global>,,<global>,1
248785,NAMESPACE_BLOCK,<empty>,,http\modules\ngx_http_uwsgi_module.c,http\modules\ngx_http_uwsgi_module.c:<global>,,<global>,1
254351,NAMESPACE_BLOCK,<empty>,,http\modules\ngx_http_xslt_filter_module.c,http\modules\ngx_http_xslt_filter_module.c:<global>,,<global>,1
257119,NAMESPACE_BLOCK,<empty>,,http\modules\perl\ngx_http_perl_module.c,http\modules\perl\ngx_http_perl_module.c:<global>,,<global>,1
258698,NAMESPACE_BLOCK,<empty>,,http\modules\perl\ngx_http_perl_module.h,http\modules\perl\ngx_http_perl_module.h:<global>,,<global>,1
258740,NAMESPACE_BLOCK,<empty>,,http\ngx_http.c,http\ngx_http.c:<global>,,<global>,1
263801,NAMESPACE_BLOCK,<empty>,,http\ngx_http.h,http\ngx_http.h:<global>,,<global>,1
264108,NAMESPACE_BLOCK,<empty>,,http\ngx_http_cache.h,http\ngx_http_cache.h:<global>,,<global>,1
264347,NAMESPACE_BLOCK,<empty>,,http\ngx_http_config.h,http\ngx_http_config.h:<global>,,<global>,1
264410,NAMESPACE_BLOCK,<empty>,,http\ngx_http_copy_filter_module.c,http\ngx_http_copy_filter_module.c:<global>,,<global>,1
264756,NAMESPACE_BLOCK,<empty>,,http\ngx_http_core_module.c,http\ngx_http_core_module.c:<global>,,<global>,1
276552,NAMESPACE_BLOCK,<empty>,,http\ngx_http_core_module.h,http\ngx_http_core_module.h:<global>,,<global>,1
277018,NAMESPACE_BLOCK,<empty>,,http\ngx_http_file_cache.c,http\ngx_http_file_cache.c:<global>,,<global>,1
285177,NAMESPACE_BLOCK,<empty>,,http\ngx_http_header_filter_module.c,http\ngx_http_header_filter_module.c:<global>,,<global>,1
287073,NAMESPACE_BLOCK,<empty>,,http\ngx_http_huff_decode.c,http\ngx_http_huff_decode.c:<global>,,<global>,1
307990,NAMESPACE_BLOCK,<empty>,,http\ngx_http_huff_encode.c,http\ngx_http_huff_encode.c:<global>,,<global>,1
309736,NAMESPACE_BLOCK,<empty>,,http\ngx_http_parse.c,http\ngx_http_parse.c:<global>,,<global>,1
315446,NAMESPACE_BLOCK,<empty>,,http\ngx_http_postpone_filter_module.c,http\ngx_http_postpone_filter_module.c:<global>,,<global>,1
316039,NAMESPACE_BLOCK,<empty>,,http\ngx_http_request.c,http\ngx_http_request.c:<global>,,<global>,1
324093,NAMESPACE_BLOCK,<empty>,,http\ngx_http_request.h,http\ngx_http_request.h:<global>,,<global>,1
324443,NAMESPACE_BLOCK,<empty>,,http\ngx_http_request_body.c,http\ngx_http_request_body.c:<global>,,<global>,1
328127,NAMESPACE_BLOCK,<empty>,,http\ngx_http_script.c,http\ngx_http_script.c:<global>,,<global>,1
332405,NAMESPACE_BLOCK,<empty>,,http\ngx_http_script.h,http\ngx_http_script.h:<global>,,<global>,1
332746,NAMESPACE_BLOCK,<empty>,,http\ngx_http_special_response.c,http\ngx_http_special_response.c:<global>,,<global>,1
334314,NAMESPACE_BLOCK,<empty>,,http\ngx_http_upstream.c,http\ngx_http_upstream.c:<global>,,<global>,1
347945,NAMESPACE_BLOCK,<empty>,,http\ngx_http_upstream.h,http\ngx_http_upstream.h:<global>,,<global>,1
348304,NAMESPACE_BLOCK,<empty>,,http\ngx_http_upstream_round_robin.c,http\ngx_http_upstream_round_robin.c:<global>,,<global>,1
350682,NAMESPACE_BLOCK,<empty>,,http\ngx_http_upstream_round_robin.h,http\ngx_http_upstream_round_robin.h:<global>,,<global>,1
350773,NAMESPACE_BLOCK,<empty>,,http\ngx_http_variables.c,http\ngx_http_variables.c:<global>,,<global>,1
357919,NAMESPACE_BLOCK,<empty>,,http\ngx_http_variables.h,http\ngx_http_variables.h:<global>,,<global>,1
358018,NAMESPACE_BLOCK,<empty>,,http\ngx_http_write_filter_module.c,http\ngx_http_write_filter_module.c:<global>,,<global>,1
359098,NAMESPACE_BLOCK,<empty>,,http\v2\ngx_http_v2.c,http\v2\ngx_http_v2.c:<global>,,<global>,1
373194,NAMESPACE_BLOCK,<empty>,,http\v2\ngx_http_v2.h,http\v2\ngx_http_v2.h:<global>,,<global>,1
373418,NAMESPACE_BLOCK,<empty>,,http\v2\ngx_http_v2_encode.c,http\v2\ngx_http_v2_encode.c:<global>,,<global>,1
373558,NAMESPACE_BLOCK,<empty>,,http\v2\ngx_http_v2_filter_module.c,http\v2\ngx_http_v2_filter_module.c:<global>,,<global>,1
379870,NAMESPACE_BLOCK,<empty>,,http\v2\ngx_http_v2_module.c,http\v2\ngx_http_v2_module.c:<global>,,<global>,1
380984,NAMESPACE_BLOCK,<empty>,,http\v2\ngx_http_v2_module.h,http\v2\ngx_http_v2_module.h:<global>,,<global>,1
381013,NAMESPACE_BLOCK,<empty>,,http\v2\ngx_http_v2_table.c,http\v2\ngx_http_v2_table.c:<global>,,<global>,1
382580,NAMESPACE_BLOCK,<empty>,,mail\ngx_mail.c,mail\ngx_mail.c:<global>,,<global>,1
383746,NAMESPACE_BLOCK,<empty>,,mail\ngx_mail.h,mail\ngx_mail.h:<global>,,<global>,1
384121,NAMESPACE_BLOCK,<empty>,,mail\ngx_mail_auth_http_module.c,mail\ngx_mail_auth_http_module.c:<global>,,<global>,1
388550,NAMESPACE_BLOCK,<empty>,,mail\ngx_mail_core_module.c,mail\ngx_mail_core_module.c:<global>,,<global>,1
390213,NAMESPACE_BLOCK,<empty>,,mail\ngx_mail_handler.c,mail\ngx_mail_handler.c:<global>,,<global>,1
392211,NAMESPACE_BLOCK,<empty>,,mail\ngx_mail_imap_handler.c,mail\ngx_mail_imap_handler.c:<global>,,<global>,1
393358,NAMESPACE_BLOCK,<empty>,,mail\ngx_mail_imap_module.c,mail\ngx_mail_imap_module.c:<global>,,<global>,1
393997,NAMESPACE_BLOCK,<empty>,,mail\ngx_mail_imap_module.h,mail\ngx_mail_imap_module.h:<global>,,<global>,1
394046,NAMESPACE_BLOCK,<empty>,,mail\ngx_mail_parse.c,mail\ngx_mail_parse.c:<global>,,<global>,1
396830,NAMESPACE_BLOCK,<empty>,,mail\ngx_mail_pop3_handler.c,mail\ngx_mail_pop3_handler.c:<global>,,<global>,1
398079,NAMESPACE_BLOCK,<empty>,,mail\ngx_mail_pop3_module.c,mail\ngx_mail_pop3_module.c:<global>,,<global>,1
398922,NAMESPACE_BLOCK,<empty>,,mail\ngx_mail_pop3_module.h,mail\ngx_mail_pop3_module.h:<global>,,<global>,1
398967,NAMESPACE_BLOCK,<empty>,,mail\ngx_mail_proxy_module.c,mail\ngx_mail_proxy_module.c:<global>,,<global>,1
403091,NAMESPACE_BLOCK,<empty>,,mail\ngx_mail_realip_module.c,mail\ngx_mail_realip_module.c:<global>,,<global>,1
403642,NAMESPACE_BLOCK,<empty>,,mail\ngx_mail_smtp_handler.c,mail\ngx_mail_smtp_handler.c:<global>,,<global>,1
405888,NAMESPACE_BLOCK,<empty>,,mail\ngx_mail_smtp_module.c,mail\ngx_mail_smtp_module.c:<global>,,<global>,1
406803,NAMESPACE_BLOCK,<empty>,,mail\ngx_mail_smtp_module.h,mail\ngx_mail_smtp_module.h:<global>,,<global>,1
406847,NAMESPACE_BLOCK,<empty>,,mail\ngx_mail_ssl_module.c,mail\ngx_mail_ssl_module.c:<global>,,<global>,1
408569,NAMESPACE_BLOCK,<empty>,,mail\ngx_mail_ssl_module.h,mail\ngx_mail_ssl_module.h:<global>,,<global>,1
408624,NAMESPACE_BLOCK,<empty>,,misc\ngx_cpp_test_module.cpp,misc\ngx_cpp_test_module.cpp:<global>,,<global>,1
408644,NAMESPACE_BLOCK,<empty>,,misc\ngx_google_perftools_module.c,misc\ngx_google_perftools_module.c:<global>,,<global>,1
408829,NAMESPACE_BLOCK,<empty>,,os\unix\ngx_alloc.c,os\unix\ngx_alloc.c:<global>,,<global>,1
408892,NAMESPACE_BLOCK,<empty>,,os\unix\ngx_alloc.h,os\unix\ngx_alloc.h:<global>,,<global>,1
408930,NAMESPACE_BLOCK,<empty>,,os\unix\ngx_atomic.h,os\unix\ngx_atomic.h:<global>,,<global>,1
408993,NAMESPACE_BLOCK,<empty>,,os\unix\ngx_channel.c,os\unix\ngx_channel.c:<global>,,<global>,1
409417,NAMESPACE_BLOCK,<empty>,,os\unix\ngx_channel.h,os\unix\ngx_channel.h:<global>,,<global>,1
409462,NAMESPACE_BLOCK,<empty>,,os\unix\ngx_daemon.c,os\unix\ngx_daemon.c:<global>,,<global>,1
409582,NAMESPACE_BLOCK,<empty>,,os\unix\ngx_darwin.h,os\unix\ngx_darwin.h:<global>,,<global>,1
409681,NAMESPACE_BLOCK,<empty>,,os\unix\ngx_darwin_config.h,os\unix\ngx_darwin_config.h:<global>,,<global>,1
409691,NAMESPACE_BLOCK,<empty>,,os\unix\ngx_darwin_init.c,os\unix\ngx_darwin_init.c:<global>,,<global>,1
410039,NAMESPACE_BLOCK,<empty>,,os\unix\ngx_darwin_sendfile_chain.c,os\unix\ngx_darwin_sendfile_chain.c:<global>,,<global>,1
410458,NAMESPACE_BLOCK,<empty>,,os\unix\ngx_dlopen.c,os\unix\ngx_dlopen.c:<global>,,<global>,1
410467,NAMESPACE_BLOCK,<empty>,,os\unix\ngx_dlopen.h,os\unix\ngx_dlopen.h:<global>,,<global>,1
410476,NAMESPACE_BLOCK,<empty>,,os\unix\ngx_errno.c,os\unix\ngx_errno.c:<global>,,<global>,1
410686,NAMESPACE_BLOCK,<empty>,,os\unix\ngx_errno.h,os\unix\ngx_errno.h:<global>,,<global>,1
410710,NAMESPACE_BLOCK,<empty>,,os\unix\ngx_file_aio_read.c,os\unix\ngx_file_aio_read.c:<global>,,<global>,1
411243,NAMESPACE_BLOCK,<empty>,,os\unix\ngx_files.c,os\unix\ngx_files.c:<global>,,<global>,1
412402,NAMESPACE_BLOCK,<empty>,,os\unix\ngx_files.h,os\unix\ngx_files.h:<global>,,<global>,1
412570,NAMESPACE_BLOCK,<empty>,,os\unix\ngx_freebsd.h,os\unix\ngx_freebsd.h:<global>,,<global>,1
412675,NAMESPACE_BLOCK,<empty>,,os\unix\ngx_freebsd_config.h,os\unix\ngx_freebsd_config.h:<global>,,<global>,1
412686,NAMESPACE_BLOCK,<empty>,,os\unix\ngx_freebsd_init.c,os\unix\ngx_freebsd_init.c:<global>,,<global>,1
413097,NAMESPACE_BLOCK,<empty>,,os\unix\ngx_freebsd_sendfile_chain.c,os\unix\ngx_freebsd_sendfile_chain.c:<global>,,<global>,1
413578,NAMESPACE_BLOCK,<empty>,,os\unix\ngx_gcc_atomic_amd64.h,os\unix\ngx_gcc_atomic_amd64.h:<global>,,<global>,1
413607,NAMESPACE_BLOCK,<empty>,,os\unix\ngx_gcc_atomic_ppc.h,os\unix\ngx_gcc_atomic_ppc.h:<global>,,<global>,1
413639,NAMESPACE_BLOCK,<empty>,,os\unix\ngx_gcc_atomic_sparc64.h,os\unix\ngx_gcc_atomic_sparc64.h:<global>,,<global>,1
413691,NAMESPACE_BLOCK,<empty>,,os\unix\ngx_gcc_atomic_x86.h,os\unix\ngx_gcc_atomic_x86.h:<global>,,<global>,1
413720,NAMESPACE_BLOCK,<empty>,,os\unix\ngx_linux.h,os\unix\ngx_linux.h:<global>,,<global>,1
413738,NAMESPACE_BLOCK,<empty>,,os\unix\ngx_linux_aio_read.c,os\unix\ngx_linux_aio_read.c:<global>,,<global>,1
414232,NAMESPACE_BLOCK,<empty>,,os\unix\ngx_linux_config.h,os\unix\ngx_linux_config.h:<global>,,<global>,1
414250,NAMESPACE_BLOCK,<empty>,,os\unix\ngx_linux_init.c,os\unix\ngx_linux_init.c:<global>,,<global>,1
414341,NAMESPACE_BLOCK,<empty>,,os\unix\ngx_linux_sendfile_chain.c,os\unix\ngx_linux_sendfile_chain.c:<global>,,<global>,1
414858,NAMESPACE_BLOCK,<empty>,,os\unix\ngx_os.h,os\unix\ngx_os.h:<global>,,<global>,1
415100,NAMESPACE_BLOCK,<empty>,,os\unix\ngx_posix_config.h,os\unix\ngx_posix_config.h:<global>,,<global>,1
415112,NAMESPACE_BLOCK,<empty>,,os\unix\ngx_posix_init.c,os\unix\ngx_posix_init.c:<global>,,<global>,1
415250,NAMESPACE_BLOCK,<empty>,,os\unix\ngx_process.c,os\unix\ngx_process.c:<global>,,<global>,1
416655,NAMESPACE_BLOCK,<empty>,,os\unix\ngx_process.h,os\unix\ngx_process.h:<global>,,<global>,1
416738,NAMESPACE_BLOCK,<empty>,,os\unix\ngx_process_cycle.c,os\unix\ngx_process_cycle.c:<global>,,<global>,1
419778,NAMESPACE_BLOCK,<empty>,,os\unix\ngx_process_cycle.h,os\unix\ngx_process_cycle.h:<global>,,<global>,1
419821,NAMESPACE_BLOCK,<empty>,,os\unix\ngx_readv_chain.c,os\unix\ngx_readv_chain.c:<global>,,<global>,1
420117,NAMESPACE_BLOCK,<empty>,,os\unix\ngx_recv.c,os\unix\ngx_recv.c:<global>,,<global>,1
420258,NAMESPACE_BLOCK,<empty>,,os\unix\ngx_send.c,os\unix\ngx_send.c:<global>,,<global>,1
420395,NAMESPACE_BLOCK,<empty>,,os\unix\ngx_setaffinity.c,os\unix\ngx_setaffinity.c:<global>,,<global>,1
420402,NAMESPACE_BLOCK,<empty>,,os\unix\ngx_setaffinity.h,os\unix\ngx_setaffinity.h:<global>,,<global>,1
420412,NAMESPACE_BLOCK,<empty>,,os\unix\ngx_setproctitle.c,os\unix\ngx_setproctitle.c:<global>,,<global>,1
420417,NAMESPACE_BLOCK,<empty>,,os\unix\ngx_setproctitle.h,os\unix\ngx_setproctitle.h:<global>,,<global>,1
420430,NAMESPACE_BLOCK,<empty>,,os\unix\ngx_shmem.c,os\unix\ngx_shmem.c:<global>,,<global>,1
420439,NAMESPACE_BLOCK,<empty>,,os\unix\ngx_shmem.h,os\unix\ngx_shmem.h:<global>,,<global>,1
420465,NAMESPACE_BLOCK,<empty>,,os\unix\ngx_socket.c,os\unix\ngx_socket.c:<global>,,<global>,1
420486,NAMESPACE_BLOCK,<empty>,,os\unix\ngx_socket.h,os\unix\ngx_socket.h:<global>,,<global>,1
420502,NAMESPACE_BLOCK,<empty>,,os\unix\ngx_solaris.h,os\unix\ngx_solaris.h:<global>,,<global>,1
420600,NAMESPACE_BLOCK,<empty>,,os\unix\ngx_solaris_config.h,os\unix\ngx_solaris_config.h:<global>,,<global>,1
420610,NAMESPACE_BLOCK,<empty>,,os\unix\ngx_solaris_init.c,os\unix\ngx_solaris_init.c:<global>,,<global>,1
420721,NAMESPACE_BLOCK,<empty>,,os\unix\ngx_solaris_sendfilev_chain.c,os\unix\ngx_solaris_sendfilev_chain.c:<global>,,<global>,1
421269,NAMESPACE_BLOCK,<empty>,,os\unix\ngx_sunpro_atomic_sparc64.h,os\unix\ngx_sunpro_atomic_sparc64.h:<global>,,<global>,1
421355,NAMESPACE_BLOCK,<empty>,,os\unix\ngx_thread.h,os\unix\ngx_thread.h:<global>,,<global>,1
421364,NAMESPACE_BLOCK,<empty>,,os\unix\ngx_thread_cond.c,os\unix\ngx_thread_cond.c:<global>,,<global>,1
421480,NAMESPACE_BLOCK,<empty>,,os\unix\ngx_thread_id.c,os\unix\ngx_thread_id.c:<global>,,<global>,1
421500,NAMESPACE_BLOCK,<empty>,,os\unix\ngx_thread_mutex.c,os\unix\ngx_thread_mutex.c:<global>,,<global>,1
421662,NAMESPACE_BLOCK,<empty>,,os\unix\ngx_time.c,os\unix\ngx_time.c:<global>,,<global>,1
421736,NAMESPACE_BLOCK,<empty>,,os\unix\ngx_time.h,os\unix\ngx_time.h:<global>,,<global>,1
421774,NAMESPACE_BLOCK,<empty>,,os\unix\ngx_udp_recv.c,os\unix\ngx_udp_recv.c:<global>,,<global>,1
421881,NAMESPACE_BLOCK,<empty>,,os\unix\ngx_udp_send.c,os\unix\ngx_udp_send.c:<global>,,<global>,1
422013,NAMESPACE_BLOCK,<empty>,,os\unix\ngx_udp_sendmsg_chain.c,os\unix\ngx_udp_sendmsg_chain.c:<global>,,<global>,1
422606,NAMESPACE_BLOCK,<empty>,,os\unix\ngx_user.c,os\unix\ngx_user.c:<global>,,<global>,1
422615,NAMESPACE_BLOCK,<empty>,,os\unix\ngx_user.h,os\unix\ngx_user.h:<global>,,<global>,1
422636,NAMESPACE_BLOCK,<empty>,,os\unix\ngx_writev_chain.c,os\unix\ngx_writev_chain.c:<global>,,<global>,1
423145,NAMESPACE_BLOCK,<empty>,,os\win32\ngx_alloc.c,os\win32\ngx_alloc.c:<global>,,<global>,1
423208,NAMESPACE_BLOCK,<empty>,,os\win32\ngx_alloc.h,os\win32\ngx_alloc.h:<global>,,<global>,1
423232,NAMESPACE_BLOCK,<empty>,,os\win32\ngx_atomic.h,os\win32\ngx_atomic.h:<global>,,<global>,1
423251,NAMESPACE_BLOCK,<empty>,,os\win32\ngx_dlopen.c,os\win32\ngx_dlopen.c:<global>,,<global>,1
423281,NAMESPACE_BLOCK,<empty>,,os\win32\ngx_dlopen.h,os\win32\ngx_dlopen.h:<global>,,<global>,1
423295,NAMESPACE_BLOCK,<empty>,,os\win32\ngx_errno.c,os\win32\ngx_errno.c:<global>,,<global>,1
423410,NAMESPACE_BLOCK,<empty>,,os\win32\ngx_errno.h,os\win32\ngx_errno.h:<global>,,<global>,1
423432,NAMESPACE_BLOCK,<empty>,,os\win32\ngx_event_log.c,os\win32\ngx_event_log.c:<global>,,<global>,1
423648,NAMESPACE_BLOCK,<empty>,,os\win32\ngx_files.c,os\win32\ngx_files.c:<global>,,<global>,1
425769,NAMESPACE_BLOCK,<empty>,,os\win32\ngx_files.h,os\win32\ngx_files.h:<global>,,<global>,1
425966,NAMESPACE_BLOCK,<empty>,,os\win32\ngx_os.h,os\win32\ngx_os.h:<global>,,<global>,1
426103,NAMESPACE_BLOCK,<empty>,,os\win32\ngx_process.c,os\win32\ngx_process.c:<global>,,<global>,1
426726,NAMESPACE_BLOCK,<empty>,,os\win32\ngx_process.h,os\win32\ngx_process.h:<global>,,<global>,1
426813,NAMESPACE_BLOCK,<empty>,,os\win32\ngx_process_cycle.c,os\win32\ngx_process_cycle.c:<global>,,<global>,1
429272,NAMESPACE_BLOCK,<empty>,,os\win32\ngx_process_cycle.h,os\win32\ngx_process_cycle.h:<global>,,<global>,1
429304,NAMESPACE_BLOCK,<empty>,,os\win32\ngx_service.c,os\win32\ngx_service.c:<global>,,<global>,1
429518,NAMESPACE_BLOCK,<empty>,,os\win32\ngx_shmem.c,os\win32\ngx_shmem.c:<global>,,<global>,1
429848,NAMESPACE_BLOCK,<empty>,,os\win32\ngx_shmem.h,os\win32\ngx_shmem.h:<global>,,<global>,1
429882,NAMESPACE_BLOCK,<empty>,,os\win32\ngx_socket.c,os\win32\ngx_socket.c:<global>,,<global>,1
429954,NAMESPACE_BLOCK,<empty>,,os\win32\ngx_socket.h,os\win32\ngx_socket.h:<global>,,<global>,1
430000,NAMESPACE_BLOCK,<empty>,,os\win32\ngx_stat.c,os\win32\ngx_stat.c:<global>,,<global>,1
430033,NAMESPACE_BLOCK,<empty>,,os\win32\ngx_thread.c,os\win32\ngx_thread.c:<global>,,<global>,1
430082,NAMESPACE_BLOCK,<empty>,,os\win32\ngx_thread.h,os\win32\ngx_thread.h:<global>,,<global>,1
430101,NAMESPACE_BLOCK,<empty>,,os\win32\ngx_time.c,os\win32\ngx_time.c:<global>,,<global>,1
430237,NAMESPACE_BLOCK,<empty>,,os\win32\ngx_time.h,os\win32\ngx_time.h:<global>,,<global>,1
430274,NAMESPACE_BLOCK,<empty>,,os\win32\ngx_udp_wsarecv.c,os\win32\ngx_udp_wsarecv.c:<global>,,<global>,1
430645,NAMESPACE_BLOCK,<empty>,,os\win32\ngx_user.c,os\win32\ngx_user.c:<global>,,<global>,1
430654,NAMESPACE_BLOCK,<empty>,,os\win32\ngx_user.h,os\win32\ngx_user.h:<global>,,<global>,1
430695,NAMESPACE_BLOCK,<empty>,,os\win32\ngx_win32_config.h,os\win32\ngx_win32_config.h:<global>,,<global>,1
430716,NAMESPACE_BLOCK,<empty>,,os\win32\ngx_win32_init.c,os\win32\ngx_win32_init.c:<global>,,<global>,1
431265,NAMESPACE_BLOCK,<empty>,,os\win32\ngx_wsarecv.c,os\win32\ngx_wsarecv.c:<global>,,<global>,1
431696,NAMESPACE_BLOCK,<empty>,,os\win32\ngx_wsarecv_chain.c,os\win32\ngx_wsarecv_chain.c:<global>,,<global>,1
431979,NAMESPACE_BLOCK,<empty>,,os\win32\ngx_wsasend.c,os\win32\ngx_wsasend.c:<global>,,<global>,1
432372,NAMESPACE_BLOCK,<empty>,,os\win32\ngx_wsasend_chain.c,os\win32\ngx_wsasend_chain.c:<global>,,<global>,1
433156,NAMESPACE_BLOCK,<empty>,,stream\ngx_stream.c,stream\ngx_stream.c:<global>,,<global>,1
434817,NAMESPACE_BLOCK,<empty>,,stream\ngx_stream.h,stream\ngx_stream.h:<global>,,<global>,1
435065,NAMESPACE_BLOCK,<empty>,,stream\ngx_stream_access_module.c,stream\ngx_stream_access_module.c:<global>,,<global>,1
435604,NAMESPACE_BLOCK,<empty>,,stream\ngx_stream_core_module.c,stream\ngx_stream_core_module.c:<global>,,<global>,1
437661,NAMESPACE_BLOCK,<empty>,,stream\ngx_stream_geo_module.c,stream\ngx_stream_geo_module.c:<global>,,<global>,1
441775,NAMESPACE_BLOCK,<empty>,,stream\ngx_stream_geoip_module.c,stream\ngx_stream_geoip_module.c:<global>,,<global>,1
443276,NAMESPACE_BLOCK,<empty>,,stream\ngx_stream_handler.c,stream\ngx_stream_handler.c:<global>,,<global>,1
444107,NAMESPACE_BLOCK,<empty>,,stream\ngx_stream_limit_conn_module.c,stream\ngx_stream_limit_conn_module.c:<global>,,<global>,1
445979,NAMESPACE_BLOCK,<empty>,,stream\ngx_stream_log_module.c,stream\ngx_stream_log_module.c:<global>,,<global>,1
449700,NAMESPACE_BLOCK,<empty>,,stream\ngx_stream_map_module.c,stream\ngx_stream_map_module.c:<global>,,<global>,1
451186,NAMESPACE_BLOCK,<empty>,,stream\ngx_stream_proxy_module.c,stream\ngx_stream_proxy_module.c:<global>,,<global>,1
455907,NAMESPACE_BLOCK,<empty>,,stream\ngx_stream_realip_module.c,stream\ngx_stream_realip_module.c:<global>,,<global>,1
456800,NAMESPACE_BLOCK,<empty>,,stream\ngx_stream_return_module.c,stream\ngx_stream_return_module.c:<global>,,<global>,1
457240,NAMESPACE_BLOCK,<empty>,,stream\ngx_stream_script.c,stream\ngx_stream_script.c:<global>,,<global>,1
459862,NAMESPACE_BLOCK,<empty>,,stream\ngx_stream_script.h,stream\ngx_stream_script.h:<global>,,<global>,1
460050,NAMESPACE_BLOCK,<empty>,,stream\ngx_stream_set_module.c,stream\ngx_stream_set_module.c:<global>,,<global>,1
460577,NAMESPACE_BLOCK,<empty>,,stream\ngx_stream_split_clients_module.c,stream\ngx_stream_split_clients_module.c:<global>,,<global>,1
461212,NAMESPACE_BLOCK,<empty>,,stream\ngx_stream_ssl_module.c,stream\ngx_stream_ssl_module.c:<global>,,<global>,1
463744,NAMESPACE_BLOCK,<empty>,,stream\ngx_stream_ssl_module.h,stream\ngx_stream_ssl_module.h:<global>,,<global>,1
463785,NAMESPACE_BLOCK,<empty>,,stream\ngx_stream_ssl_preread_module.c,stream\ngx_stream_ssl_preread_module.c:<global>,,<global>,1
465400,NAMESPACE_BLOCK,<empty>,,stream\ngx_stream_upstream.c,stream\ngx_stream_upstream.c:<global>,,<global>,1
467359,NAMESPACE_BLOCK,<empty>,,stream\ngx_stream_upstream.h,stream\ngx_stream_upstream.h:<global>,,<global>,1
467468,NAMESPACE_BLOCK,<empty>,,stream\ngx_stream_upstream_hash_module.c,stream\ngx_stream_upstream_hash_module.c:<global>,,<global>,1
469380,NAMESPACE_BLOCK,<empty>,,stream\ngx_stream_upstream_least_conn_module.c,stream\ngx_stream_upstream_least_conn_module.c:<global>,,<global>,1
470120,NAMESPACE_BLOCK,<empty>,,stream\ngx_stream_upstream_random_module.c,stream\ngx_stream_upstream_random_module.c:<global>,,<global>,1
471250,NAMESPACE_BLOCK,<empty>,,stream\ngx_stream_upstream_round_robin.c,stream\ngx_stream_upstream_round_robin.c:<global>,,<global>,1
473708,NAMESPACE_BLOCK,<empty>,,stream\ngx_stream_upstream_round_robin.h,stream\ngx_stream_upstream_round_robin.h:<global>,,<global>,1
473797,NAMESPACE_BLOCK,<empty>,,stream\ngx_stream_upstream_zone_module.c,stream\ngx_stream_upstream_zone_module.c:<global>,,<global>,1
474637,NAMESPACE_BLOCK,<empty>,,stream\ngx_stream_variables.c,stream\ngx_stream_variables.c:<global>,,<global>,1
477905,NAMESPACE_BLOCK,<empty>,,stream\ngx_stream_variables.h,stream\ngx_stream_variables.h:<global>,,<global>,1
477996,NAMESPACE_BLOCK,<empty>,,stream\ngx_stream_write_filter_module.c,stream\ngx_stream_write_filter_module.c:<global>,,<global>,1
481439,NAMESPACE_BLOCK,<empty>,,<includes>,<includes>:<global>,,<global>,1
