481438,FILE,<empty>,,<empty>,,,<includes>,1
481444,FILE,<empty>,,<empty>,,,<unknown>,0
481445,FILE,<empty>,,<empty>,,,core\nginx.c,0
481446,FILE,<empty>,,<empty>,,,core\nginx.h,0
481447,FILE,<empty>,,<empty>,,,core\ngx_array.c,0
481448,FILE,<empty>,,<empty>,,,core\ngx_array.h,0
481449,FILE,<empty>,,<empty>,,,core\ngx_buf.c,0
481450,FILE,<empty>,,<empty>,,,core\ngx_buf.h,0
481451,FILE,<empty>,,<empty>,,,core\ngx_conf_file.c,0
481452,FILE,<empty>,,<empty>,,,core\ngx_conf_file.h,0
481453,FILE,<empty>,,<empty>,,,core\ngx_config.h,0
481454,FILE,<empty>,,<empty>,,,core\ngx_connection.c,0
481455,FILE,<empty>,,<empty>,,,core\ngx_connection.h,0
481456,FILE,<empty>,,<empty>,,,core\ngx_core.h,0
481457,FILE,<empty>,,<empty>,,,core\ngx_cpuinfo.c,0
481458,FILE,<empty>,,<empty>,,,core\ngx_crc.h,0
481459,FILE,<empty>,,<empty>,,,core\ngx_crc32.c,0
481460,FILE,<empty>,,<empty>,,,core\ngx_crc32.h,0
481461,FILE,<empty>,,<empty>,,,core\ngx_crypt.c,0
481462,FILE,<empty>,,<empty>,,,core\ngx_crypt.h,0
481463,FILE,<empty>,,<empty>,,,core\ngx_cycle.c,0
481464,FILE,<empty>,,<empty>,,,core\ngx_cycle.h,0
481465,FILE,<empty>,,<empty>,,,core\ngx_file.c,0
481466,FILE,<empty>,,<empty>,,,core\ngx_file.h,0
481467,FILE,<empty>,,<empty>,,,core\ngx_hash.c,0
481468,FILE,<empty>,,<empty>,,,core\ngx_hash.h,0
481469,FILE,<empty>,,<empty>,,,core\ngx_inet.c,0
481470,FILE,<empty>,,<empty>,,,core\ngx_inet.h,0
481471,FILE,<empty>,,<empty>,,,core\ngx_list.c,0
481472,FILE,<empty>,,<empty>,,,core\ngx_list.h,0
481473,FILE,<empty>,,<empty>,,,core\ngx_log.c,0
481474,FILE,<empty>,,<empty>,,,core\ngx_log.h,0
481475,FILE,<empty>,,<empty>,,,core\ngx_md5.c,0
481476,FILE,<empty>,,<empty>,,,core\ngx_md5.h,0
481477,FILE,<empty>,,<empty>,,,core\ngx_module.c,0
481478,FILE,<empty>,,<empty>,,,core\ngx_module.h,0
481479,FILE,<empty>,,<empty>,,,core\ngx_murmurhash.c,0
481480,FILE,<empty>,,<empty>,,,core\ngx_murmurhash.h,0
481481,FILE,<empty>,,<empty>,,,core\ngx_open_file_cache.c,0
481482,FILE,<empty>,,<empty>,,,core\ngx_open_file_cache.h,0
481483,FILE,<empty>,,<empty>,,,core\ngx_output_chain.c,0
481484,FILE,<empty>,,<empty>,,,core\ngx_palloc.c,0
481485,FILE,<empty>,,<empty>,,,core\ngx_palloc.h,0
481486,FILE,<empty>,,<empty>,,,core\ngx_parse.c,0
481487,FILE,<empty>,,<empty>,,,core\ngx_parse.h,0
481488,FILE,<empty>,,<empty>,,,core\ngx_parse_time.c,0
481489,FILE,<empty>,,<empty>,,,core\ngx_parse_time.h,0
481490,FILE,<empty>,,<empty>,,,core\ngx_proxy_protocol.c,0
481491,FILE,<empty>,,<empty>,,,core\ngx_proxy_protocol.h,0
481492,FILE,<empty>,,<empty>,,,core\ngx_queue.c,0
481493,FILE,<empty>,,<empty>,,,core\ngx_queue.h,0
481494,FILE,<empty>,,<empty>,,,core\ngx_radix_tree.c,0
481495,FILE,<empty>,,<empty>,,,core\ngx_radix_tree.h,0
481496,FILE,<empty>,,<empty>,,,core\ngx_rbtree.c,0
481497,FILE,<empty>,,<empty>,,,core\ngx_rbtree.h,0
481498,FILE,<empty>,,<empty>,,,core\ngx_regex.c,0
481499,FILE,<empty>,,<empty>,,,core\ngx_regex.h,0
481500,FILE,<empty>,,<empty>,,,core\ngx_resolver.c,0
481501,FILE,<empty>,,<empty>,,,core\ngx_resolver.h,0
481502,FILE,<empty>,,<empty>,,,core\ngx_rwlock.c,0
481503,FILE,<empty>,,<empty>,,,core\ngx_rwlock.h,0
481504,FILE,<empty>,,<empty>,,,core\ngx_sha1.c,0
481505,FILE,<empty>,,<empty>,,,core\ngx_sha1.h,0
481506,FILE,<empty>,,<empty>,,,core\ngx_shmtx.c,0
481507,FILE,<empty>,,<empty>,,,core\ngx_shmtx.h,0
481508,FILE,<empty>,,<empty>,,,core\ngx_slab.c,0
481509,FILE,<empty>,,<empty>,,,core\ngx_slab.h,0
481510,FILE,<empty>,,<empty>,,,core\ngx_spinlock.c,0
481511,FILE,<empty>,,<empty>,,,core\ngx_string.c,0
481512,FILE,<empty>,,<empty>,,,core\ngx_string.h,0
481513,FILE,<empty>,,<empty>,,,core\ngx_syslog.c,0
481514,FILE,<empty>,,<empty>,,,core\ngx_syslog.h,0
481515,FILE,<empty>,,<empty>,,,core\ngx_thread_pool.c,0
481516,FILE,<empty>,,<empty>,,,core\ngx_thread_pool.h,0
481517,FILE,<empty>,,<empty>,,,core\ngx_times.c,0
481518,FILE,<empty>,,<empty>,,,core\ngx_times.h,0
481519,FILE,<empty>,,<empty>,,,event\modules\ngx_devpoll_module.c,0
481520,FILE,<empty>,,<empty>,,,event\modules\ngx_epoll_module.c,0
481521,FILE,<empty>,,<empty>,,,event\modules\ngx_eventport_module.c,0
481522,FILE,<empty>,,<empty>,,,event\modules\ngx_iocp_module.c,0
481523,FILE,<empty>,,<empty>,,,event\modules\ngx_iocp_module.h,0
481524,FILE,<empty>,,<empty>,,,event\modules\ngx_kqueue_module.c,0
481525,FILE,<empty>,,<empty>,,,event\modules\ngx_poll_module.c,0
481526,FILE,<empty>,,<empty>,,,event\modules\ngx_select_module.c,0
481527,FILE,<empty>,,<empty>,,,event\modules\ngx_win32_poll_module.c,0
481528,FILE,<empty>,,<empty>,,,event\modules\ngx_win32_select_module.c,0
481529,FILE,<empty>,,<empty>,,,event\ngx_event.c,0
481530,FILE,<empty>,,<empty>,,,event\ngx_event.h,0
481531,FILE,<empty>,,<empty>,,,event\ngx_event_accept.c,0
481532,FILE,<empty>,,<empty>,,,event\ngx_event_acceptex.c,0
481533,FILE,<empty>,,<empty>,,,event\ngx_event_connect.c,0
481534,FILE,<empty>,,<empty>,,,event\ngx_event_connect.h,0
481535,FILE,<empty>,,<empty>,,,event\ngx_event_connectex.c,0
481536,FILE,<empty>,,<empty>,,,event\ngx_event_openssl.c,0
481537,FILE,<empty>,,<empty>,,,event\ngx_event_openssl.h,0
481538,FILE,<empty>,,<empty>,,,event\ngx_event_openssl_stapling.c,0
481539,FILE,<empty>,,<empty>,,,event\ngx_event_pipe.c,0
481540,FILE,<empty>,,<empty>,,,event\ngx_event_pipe.h,0
481541,FILE,<empty>,,<empty>,,,event\ngx_event_posted.c,0
481542,FILE,<empty>,,<empty>,,,event\ngx_event_posted.h,0
481543,FILE,<empty>,,<empty>,,,event\ngx_event_timer.c,0
481544,FILE,<empty>,,<empty>,,,event\ngx_event_timer.h,0
481545,FILE,<empty>,,<empty>,,,event\ngx_event_udp.c,0
481546,FILE,<empty>,,<empty>,,,http\modules\ngx_http_access_module.c,0
481547,FILE,<empty>,,<empty>,,,http\modules\ngx_http_addition_filter_module.c,0
481548,FILE,<empty>,,<empty>,,,http\modules\ngx_http_auth_basic_module.c,0
481549,FILE,<empty>,,<empty>,,,http\modules\ngx_http_auth_request_module.c,0
481550,FILE,<empty>,,<empty>,,,http\modules\ngx_http_autoindex_module.c,0
481551,FILE,<empty>,,<empty>,,,http\modules\ngx_http_browser_module.c,0
481552,FILE,<empty>,,<empty>,,,http\modules\ngx_http_charset_filter_module.c,0
481553,FILE,<empty>,,<empty>,,,http\modules\ngx_http_chunked_filter_module.c,0
481554,FILE,<empty>,,<empty>,,,http\modules\ngx_http_dav_module.c,0
481555,FILE,<empty>,,<empty>,,,http\modules\ngx_http_degradation_module.c,0
481556,FILE,<empty>,,<empty>,,,http\modules\ngx_http_empty_gif_module.c,0
481557,FILE,<empty>,,<empty>,,,http\modules\ngx_http_fastcgi_module.c,0
481558,FILE,<empty>,,<empty>,,,http\modules\ngx_http_flv_module.c,0
481559,FILE,<empty>,,<empty>,,,http\modules\ngx_http_geo_module.c,0
481560,FILE,<empty>,,<empty>,,,http\modules\ngx_http_geoip_module.c,0
481561,FILE,<empty>,,<empty>,,,http\modules\ngx_http_grpc_module.c,0
481562,FILE,<empty>,,<empty>,,,http\modules\ngx_http_gunzip_filter_module.c,0
481563,FILE,<empty>,,<empty>,,,http\modules\ngx_http_gzip_filter_module.c,0
481564,FILE,<empty>,,<empty>,,,http\modules\ngx_http_gzip_static_module.c,0
481565,FILE,<empty>,,<empty>,,,http\modules\ngx_http_headers_filter_module.c,0
481566,FILE,<empty>,,<empty>,,,http\modules\ngx_http_image_filter_module.c,0
481567,FILE,<empty>,,<empty>,,,http\modules\ngx_http_index_module.c,0
481568,FILE,<empty>,,<empty>,,,http\modules\ngx_http_limit_conn_module.c,0
481569,FILE,<empty>,,<empty>,,,http\modules\ngx_http_limit_req_module.c,0
481570,FILE,<empty>,,<empty>,,,http\modules\ngx_http_log_module.c,0
481571,FILE,<empty>,,<empty>,,,http\modules\ngx_http_map_module.c,0
481572,FILE,<empty>,,<empty>,,,http\modules\ngx_http_memcached_module.c,0
481573,FILE,<empty>,,<empty>,,,http\modules\ngx_http_mirror_module.c,0
481574,FILE,<empty>,,<empty>,,,http\modules\ngx_http_mp4_module.c,0
481575,FILE,<empty>,,<empty>,,,http\modules\ngx_http_not_modified_filter_module.c,0
481576,FILE,<empty>,,<empty>,,,http\modules\ngx_http_proxy_module.c,0
481577,FILE,<empty>,,<empty>,,,http\modules\ngx_http_random_index_module.c,0
481578,FILE,<empty>,,<empty>,,,http\modules\ngx_http_range_filter_module.c,0
481579,FILE,<empty>,,<empty>,,,http\modules\ngx_http_realip_module.c,0
481580,FILE,<empty>,,<empty>,,,http\modules\ngx_http_referer_module.c,0
481581,FILE,<empty>,,<empty>,,,http\modules\ngx_http_rewrite_module.c,0
481582,FILE,<empty>,,<empty>,,,http\modules\ngx_http_scgi_module.c,0
481583,FILE,<empty>,,<empty>,,,http\modules\ngx_http_secure_link_module.c,0
481584,FILE,<empty>,,<empty>,,,http\modules\ngx_http_slice_filter_module.c,0
481585,FILE,<empty>,,<empty>,,,http\modules\ngx_http_split_clients_module.c,0
481586,FILE,<empty>,,<empty>,,,http\modules\ngx_http_ssi_filter_module.c,0
481587,FILE,<empty>,,<empty>,,,http\modules\ngx_http_ssi_filter_module.h,0
481588,FILE,<empty>,,<empty>,,,http\modules\ngx_http_ssl_module.c,0
481589,FILE,<empty>,,<empty>,,,http\modules\ngx_http_ssl_module.h,0
481590,FILE,<empty>,,<empty>,,,http\modules\ngx_http_static_module.c,0
481591,FILE,<empty>,,<empty>,,,http\modules\ngx_http_stub_status_module.c,0
481592,FILE,<empty>,,<empty>,,,http\modules\ngx_http_sub_filter_module.c,0
481593,FILE,<empty>,,<empty>,,,http\modules\ngx_http_try_files_module.c,0
481594,FILE,<empty>,,<empty>,,,http\modules\ngx_http_upstream_hash_module.c,0
481595,FILE,<empty>,,<empty>,,,http\modules\ngx_http_upstream_ip_hash_module.c,0
481596,FILE,<empty>,,<empty>,,,http\modules\ngx_http_upstream_keepalive_module.c,0
481597,FILE,<empty>,,<empty>,,,http\modules\ngx_http_upstream_least_conn_module.c,0
481598,FILE,<empty>,,<empty>,,,http\modules\ngx_http_upstream_random_module.c,0
481599,FILE,<empty>,,<empty>,,,http\modules\ngx_http_upstream_zone_module.c,0
481600,FILE,<empty>,,<empty>,,,http\modules\ngx_http_userid_filter_module.c,0
481601,FILE,<empty>,,<empty>,,,http\modules\ngx_http_uwsgi_module.c,0
481602,FILE,<empty>,,<empty>,,,http\modules\ngx_http_xslt_filter_module.c,0
481603,FILE,<empty>,,<empty>,,,http\modules\perl\ngx_http_perl_module.c,0
481604,FILE,<empty>,,<empty>,,,http\modules\perl\ngx_http_perl_module.h,0
481605,FILE,<empty>,,<empty>,,,http\ngx_http.c,0
481606,FILE,<empty>,,<empty>,,,http\ngx_http.h,0
481607,FILE,<empty>,,<empty>,,,http\ngx_http_cache.h,0
481608,FILE,<empty>,,<empty>,,,http\ngx_http_config.h,0
481609,FILE,<empty>,,<empty>,,,http\ngx_http_copy_filter_module.c,0
481610,FILE,<empty>,,<empty>,,,http\ngx_http_core_module.c,0
481611,FILE,<empty>,,<empty>,,,http\ngx_http_core_module.h,0
481612,FILE,<empty>,,<empty>,,,http\ngx_http_file_cache.c,0
481613,FILE,<empty>,,<empty>,,,http\ngx_http_header_filter_module.c,0
481614,FILE,<empty>,,<empty>,,,http\ngx_http_huff_decode.c,0
481615,FILE,<empty>,,<empty>,,,http\ngx_http_huff_encode.c,0
481616,FILE,<empty>,,<empty>,,,http\ngx_http_parse.c,0
481617,FILE,<empty>,,<empty>,,,http\ngx_http_postpone_filter_module.c,0
481618,FILE,<empty>,,<empty>,,,http\ngx_http_request.c,0
481619,FILE,<empty>,,<empty>,,,http\ngx_http_request.h,0
481620,FILE,<empty>,,<empty>,,,http\ngx_http_request_body.c,0
481621,FILE,<empty>,,<empty>,,,http\ngx_http_script.c,0
481622,FILE,<empty>,,<empty>,,,http\ngx_http_script.h,0
481623,FILE,<empty>,,<empty>,,,http\ngx_http_special_response.c,0
481624,FILE,<empty>,,<empty>,,,http\ngx_http_upstream.c,0
481625,FILE,<empty>,,<empty>,,,http\ngx_http_upstream.h,0
481626,FILE,<empty>,,<empty>,,,http\ngx_http_upstream_round_robin.c,0
481627,FILE,<empty>,,<empty>,,,http\ngx_http_upstream_round_robin.h,0
481628,FILE,<empty>,,<empty>,,,http\ngx_http_variables.c,0
481629,FILE,<empty>,,<empty>,,,http\ngx_http_variables.h,0
481630,FILE,<empty>,,<empty>,,,http\ngx_http_write_filter_module.c,0
481631,FILE,<empty>,,<empty>,,,http\v2\ngx_http_v2.c,0
481632,FILE,<empty>,,<empty>,,,http\v2\ngx_http_v2.h,0
481633,FILE,<empty>,,<empty>,,,http\v2\ngx_http_v2_encode.c,0
481634,FILE,<empty>,,<empty>,,,http\v2\ngx_http_v2_filter_module.c,0
481635,FILE,<empty>,,<empty>,,,http\v2\ngx_http_v2_module.c,0
481636,FILE,<empty>,,<empty>,,,http\v2\ngx_http_v2_module.h,0
481637,FILE,<empty>,,<empty>,,,http\v2\ngx_http_v2_table.c,0
481638,FILE,<empty>,,<empty>,,,mail\ngx_mail.c,0
481639,FILE,<empty>,,<empty>,,,mail\ngx_mail.h,0
481640,FILE,<empty>,,<empty>,,,mail\ngx_mail_auth_http_module.c,0
481641,FILE,<empty>,,<empty>,,,mail\ngx_mail_core_module.c,0
481642,FILE,<empty>,,<empty>,,,mail\ngx_mail_handler.c,0
481643,FILE,<empty>,,<empty>,,,mail\ngx_mail_imap_handler.c,0
481644,FILE,<empty>,,<empty>,,,mail\ngx_mail_imap_module.c,0
481645,FILE,<empty>,,<empty>,,,mail\ngx_mail_imap_module.h,0
481646,FILE,<empty>,,<empty>,,,mail\ngx_mail_parse.c,0
481647,FILE,<empty>,,<empty>,,,mail\ngx_mail_pop3_handler.c,0
481648,FILE,<empty>,,<empty>,,,mail\ngx_mail_pop3_module.c,0
481649,FILE,<empty>,,<empty>,,,mail\ngx_mail_pop3_module.h,0
481650,FILE,<empty>,,<empty>,,,mail\ngx_mail_proxy_module.c,0
481651,FILE,<empty>,,<empty>,,,mail\ngx_mail_realip_module.c,0
481652,FILE,<empty>,,<empty>,,,mail\ngx_mail_smtp_handler.c,0
481653,FILE,<empty>,,<empty>,,,mail\ngx_mail_smtp_module.c,0
481654,FILE,<empty>,,<empty>,,,mail\ngx_mail_smtp_module.h,0
481655,FILE,<empty>,,<empty>,,,mail\ngx_mail_ssl_module.c,0
481656,FILE,<empty>,,<empty>,,,mail\ngx_mail_ssl_module.h,0
481657,FILE,<empty>,,<empty>,,,misc\ngx_cpp_test_module.cpp,0
481658,FILE,<empty>,,<empty>,,,misc\ngx_google_perftools_module.c,0
481659,FILE,<empty>,,<empty>,,,os\unix\ngx_alloc.c,0
481660,FILE,<empty>,,<empty>,,,os\unix\ngx_alloc.h,0
481661,FILE,<empty>,,<empty>,,,os\unix\ngx_atomic.h,0
481662,FILE,<empty>,,<empty>,,,os\unix\ngx_channel.c,0
481663,FILE,<empty>,,<empty>,,,os\unix\ngx_channel.h,0
481664,FILE,<empty>,,<empty>,,,os\unix\ngx_daemon.c,0
481665,FILE,<empty>,,<empty>,,,os\unix\ngx_darwin.h,0
481666,FILE,<empty>,,<empty>,,,os\unix\ngx_darwin_config.h,0
481667,FILE,<empty>,,<empty>,,,os\unix\ngx_darwin_init.c,0
481668,FILE,<empty>,,<empty>,,,os\unix\ngx_darwin_sendfile_chain.c,0
481669,FILE,<empty>,,<empty>,,,os\unix\ngx_dlopen.c,0
481670,FILE,<empty>,,<empty>,,,os\unix\ngx_dlopen.h,0
481671,FILE,<empty>,,<empty>,,,os\unix\ngx_errno.c,0
481672,FILE,<empty>,,<empty>,,,os\unix\ngx_errno.h,0
481673,FILE,<empty>,,<empty>,,,os\unix\ngx_file_aio_read.c,0
481674,FILE,<empty>,,<empty>,,,os\unix\ngx_files.c,0
481675,FILE,<empty>,,<empty>,,,os\unix\ngx_files.h,0
481676,FILE,<empty>,,<empty>,,,os\unix\ngx_freebsd.h,0
481677,FILE,<empty>,,<empty>,,,os\unix\ngx_freebsd_config.h,0
481678,FILE,<empty>,,<empty>,,,os\unix\ngx_freebsd_init.c,0
481679,FILE,<empty>,,<empty>,,,os\unix\ngx_freebsd_sendfile_chain.c,0
481680,FILE,<empty>,,<empty>,,,os\unix\ngx_gcc_atomic_amd64.h,0
481681,FILE,<empty>,,<empty>,,,os\unix\ngx_gcc_atomic_ppc.h,0
481682,FILE,<empty>,,<empty>,,,os\unix\ngx_gcc_atomic_sparc64.h,0
481683,FILE,<empty>,,<empty>,,,os\unix\ngx_gcc_atomic_x86.h,0
481684,FILE,<empty>,,<empty>,,,os\unix\ngx_linux.h,0
481685,FILE,<empty>,,<empty>,,,os\unix\ngx_linux_aio_read.c,0
481686,FILE,<empty>,,<empty>,,,os\unix\ngx_linux_config.h,0
481687,FILE,<empty>,,<empty>,,,os\unix\ngx_linux_init.c,0
481688,FILE,<empty>,,<empty>,,,os\unix\ngx_linux_sendfile_chain.c,0
481689,FILE,<empty>,,<empty>,,,os\unix\ngx_os.h,0
481690,FILE,<empty>,,<empty>,,,os\unix\ngx_posix_config.h,0
481691,FILE,<empty>,,<empty>,,,os\unix\ngx_posix_init.c,0
481692,FILE,<empty>,,<empty>,,,os\unix\ngx_process.c,0
481693,FILE,<empty>,,<empty>,,,os\unix\ngx_process.h,0
481694,FILE,<empty>,,<empty>,,,os\unix\ngx_process_cycle.c,0
481695,FILE,<empty>,,<empty>,,,os\unix\ngx_process_cycle.h,0
481696,FILE,<empty>,,<empty>,,,os\unix\ngx_readv_chain.c,0
481697,FILE,<empty>,,<empty>,,,os\unix\ngx_recv.c,0
481698,FILE,<empty>,,<empty>,,,os\unix\ngx_send.c,0
481699,FILE,<empty>,,<empty>,,,os\unix\ngx_setaffinity.c,0
481700,FILE,<empty>,,<empty>,,,os\unix\ngx_setaffinity.h,0
481701,FILE,<empty>,,<empty>,,,os\unix\ngx_setproctitle.c,0
481702,FILE,<empty>,,<empty>,,,os\unix\ngx_setproctitle.h,0
481703,FILE,<empty>,,<empty>,,,os\unix\ngx_shmem.c,0
481704,FILE,<empty>,,<empty>,,,os\unix\ngx_shmem.h,0
481705,FILE,<empty>,,<empty>,,,os\unix\ngx_socket.c,0
481706,FILE,<empty>,,<empty>,,,os\unix\ngx_socket.h,0
481707,FILE,<empty>,,<empty>,,,os\unix\ngx_solaris.h,0
481708,FILE,<empty>,,<empty>,,,os\unix\ngx_solaris_config.h,0
481709,FILE,<empty>,,<empty>,,,os\unix\ngx_solaris_init.c,0
481710,FILE,<empty>,,<empty>,,,os\unix\ngx_solaris_sendfilev_chain.c,0
481711,FILE,<empty>,,<empty>,,,os\unix\ngx_sunpro_atomic_sparc64.h,0
481712,FILE,<empty>,,<empty>,,,os\unix\ngx_thread.h,0
481713,FILE,<empty>,,<empty>,,,os\unix\ngx_thread_cond.c,0
481714,FILE,<empty>,,<empty>,,,os\unix\ngx_thread_id.c,0
481715,FILE,<empty>,,<empty>,,,os\unix\ngx_thread_mutex.c,0
481716,FILE,<empty>,,<empty>,,,os\unix\ngx_time.c,0
481717,FILE,<empty>,,<empty>,,,os\unix\ngx_time.h,0
481718,FILE,<empty>,,<empty>,,,os\unix\ngx_udp_recv.c,0
481719,FILE,<empty>,,<empty>,,,os\unix\ngx_udp_send.c,0
481720,FILE,<empty>,,<empty>,,,os\unix\ngx_udp_sendmsg_chain.c,0
481721,FILE,<empty>,,<empty>,,,os\unix\ngx_user.c,0
481722,FILE,<empty>,,<empty>,,,os\unix\ngx_user.h,0
481723,FILE,<empty>,,<empty>,,,os\unix\ngx_writev_chain.c,0
481724,FILE,<empty>,,<empty>,,,os\win32\ngx_alloc.c,0
481725,FILE,<empty>,,<empty>,,,os\win32\ngx_alloc.h,0
481726,FILE,<empty>,,<empty>,,,os\win32\ngx_atomic.h,0
481727,FILE,<empty>,,<empty>,,,os\win32\ngx_dlopen.c,0
481728,FILE,<empty>,,<empty>,,,os\win32\ngx_dlopen.h,0
481729,FILE,<empty>,,<empty>,,,os\win32\ngx_errno.c,0
481730,FILE,<empty>,,<empty>,,,os\win32\ngx_errno.h,0
481731,FILE,<empty>,,<empty>,,,os\win32\ngx_event_log.c,0
481732,FILE,<empty>,,<empty>,,,os\win32\ngx_files.c,0
481733,FILE,<empty>,,<empty>,,,os\win32\ngx_files.h,0
481734,FILE,<empty>,,<empty>,,,os\win32\ngx_os.h,0
481735,FILE,<empty>,,<empty>,,,os\win32\ngx_process.c,0
481736,FILE,<empty>,,<empty>,,,os\win32\ngx_process.h,0
481737,FILE,<empty>,,<empty>,,,os\win32\ngx_process_cycle.c,0
481738,FILE,<empty>,,<empty>,,,os\win32\ngx_process_cycle.h,0
481739,FILE,<empty>,,<empty>,,,os\win32\ngx_service.c,0
481740,FILE,<empty>,,<empty>,,,os\win32\ngx_shmem.c,0
481741,FILE,<empty>,,<empty>,,,os\win32\ngx_shmem.h,0
481742,FILE,<empty>,,<empty>,,,os\win32\ngx_socket.c,0
481743,FILE,<empty>,,<empty>,,,os\win32\ngx_socket.h,0
481744,FILE,<empty>,,<empty>,,,os\win32\ngx_stat.c,0
481745,FILE,<empty>,,<empty>,,,os\win32\ngx_thread.c,0
481746,FILE,<empty>,,<empty>,,,os\win32\ngx_thread.h,0
481747,FILE,<empty>,,<empty>,,,os\win32\ngx_time.c,0
481748,FILE,<empty>,,<empty>,,,os\win32\ngx_time.h,0
481749,FILE,<empty>,,<empty>,,,os\win32\ngx_udp_wsarecv.c,0
481750,FILE,<empty>,,<empty>,,,os\win32\ngx_user.c,0
481751,FILE,<empty>,,<empty>,,,os\win32\ngx_user.h,0
481752,FILE,<empty>,,<empty>,,,os\win32\ngx_win32_config.h,0
481753,FILE,<empty>,,<empty>,,,os\win32\ngx_win32_init.c,0
481754,FILE,<empty>,,<empty>,,,os\win32\ngx_wsarecv.c,0
481755,FILE,<empty>,,<empty>,,,os\win32\ngx_wsarecv_chain.c,0
481756,FILE,<empty>,,<empty>,,,os\win32\ngx_wsasend.c,0
481757,FILE,<empty>,,<empty>,,,os\win32\ngx_wsasend_chain.c,0
481758,FILE,<empty>,,<empty>,,,stream\ngx_stream.c,0
481759,FILE,<empty>,,<empty>,,,stream\ngx_stream.h,0
481760,FILE,<empty>,,<empty>,,,stream\ngx_stream_access_module.c,0
481761,FILE,<empty>,,<empty>,,,stream\ngx_stream_core_module.c,0
481762,FILE,<empty>,,<empty>,,,stream\ngx_stream_geo_module.c,0
481763,FILE,<empty>,,<empty>,,,stream\ngx_stream_geoip_module.c,0
481764,FILE,<empty>,,<empty>,,,stream\ngx_stream_handler.c,0
481765,FILE,<empty>,,<empty>,,,stream\ngx_stream_limit_conn_module.c,0
481766,FILE,<empty>,,<empty>,,,stream\ngx_stream_log_module.c,0
481767,FILE,<empty>,,<empty>,,,stream\ngx_stream_map_module.c,0
481768,FILE,<empty>,,<empty>,,,stream\ngx_stream_proxy_module.c,0
481769,FILE,<empty>,,<empty>,,,stream\ngx_stream_realip_module.c,0
481770,FILE,<empty>,,<empty>,,,stream\ngx_stream_return_module.c,0
481771,FILE,<empty>,,<empty>,,,stream\ngx_stream_script.c,0
481772,FILE,<empty>,,<empty>,,,stream\ngx_stream_script.h,0
481773,FILE,<empty>,,<empty>,,,stream\ngx_stream_set_module.c,0
481774,FILE,<empty>,,<empty>,,,stream\ngx_stream_split_clients_module.c,0
481775,FILE,<empty>,,<empty>,,,stream\ngx_stream_ssl_module.c,0
481776,FILE,<empty>,,<empty>,,,stream\ngx_stream_ssl_module.h,0
481777,FILE,<empty>,,<empty>,,,stream\ngx_stream_ssl_preread_module.c,0
481778,FILE,<empty>,,<empty>,,,stream\ngx_stream_upstream.c,0
481779,FILE,<empty>,,<empty>,,,stream\ngx_stream_upstream.h,0
481780,FILE,<empty>,,<empty>,,,stream\ngx_stream_upstream_hash_module.c,0
481781,FILE,<empty>,,<empty>,,,stream\ngx_stream_upstream_least_conn_module.c,0
481782,FILE,<empty>,,<empty>,,,stream\ngx_stream_upstream_random_module.c,0
481783,FILE,<empty>,,<empty>,,,stream\ngx_stream_upstream_round_robin.c,0
481784,FILE,<empty>,,<empty>,,,stream\ngx_stream_upstream_round_robin.h,0
481785,FILE,<empty>,,<empty>,,,stream\ngx_stream_upstream_zone_module.c,0
481786,FILE,<empty>,,<empty>,,,stream\ngx_stream_variables.c,0
481787,FILE,<empty>,,<empty>,,,stream\ngx_stream_variables.h,0
481788,FILE,<empty>,,<empty>,,,stream\ngx_stream_write_filter_module.c,0
