217447,TYPE,ANY,ANY,ANY
217448,TYPE,BOOL,BOOL,BOOL
217449,TYPE,Boolean,Boolean,Boolean
217450,TYPE,CFBundleRef,CFBundleRef,CFBundleRef
217451,TYPE,CFDictionaryRef,CFDictionaryRef,CFDictionaryRef
217452,TYPE,CFIndex,CFIndex,CFIndex
217453,TYPE,CFNumberRef,CFNumberRef,CFNumberRef
217454,TYPE,CFStringRef,CFStringRef,CFStringRef
217455,TYPE,CHAR[],CHAR[],CHAR[]
217456,TYPE,CONDITION_VARIABLE,CONDITION_VARIABLE,CONDITION_VARIABLE
217457,TYPE,COPYDATASTRUCT,COPYDATASTRUCT,COPYDATASTRUCT
217458,TYPE,CRITICAL_SECTION,CRITICAL_SECTION,CRITICAL_SECTION
217459,TYPE,DECL_ARRAY,DECL_ARRAY,DECL_ARRAY
217460,TYPE,DIR,DIR,DIR
217461,TYPE,DIR*,DIR*,DIR*
217462,TYPE,DWORD,DWORD,DWORD
217463,TYPE,Dl_info,Dl_info,Dl_info
217464,TYPE,Environment,Environment,Environment
217465,TYPE,FILE,FILE,FILE
217466,TYPE,FILE*,FILE*,FILE*
217467,TYPE,FILETIME,FILETIME,FILETIME
217468,TYPE,File,File,File
217469,TYPE,HANDLE,HANDLE,HANDLE
217470,TYPE,HCRYPTPROV,HCRYPTPROV,HCRYPTPROV
217471,TYPE,HEV,HEV,HEV
217472,TYPE,HINSTANCE,HINSTANCE,HINSTANCE
217473,TYPE,HMODULE,HMODULE,HMODULE
217474,TYPE,HMUX,HMUX,HMUX
217475,TYPE,HPIPE,HPIPE,HPIPE
217476,TYPE,HTIMER,HTIMER,HTIMER
217477,TYPE,HWND,HWND,HWND
217478,TYPE,JNIEnv,JNIEnv,JNIEnv
217479,TYPE,JNIEnv*,JNIEnv*,JNIEnv*
217480,TYPE,JavaVM*,JavaVM*,JavaVM*
217481,TYPE,JavaVMAttachArgs,JavaVMAttachArgs,JavaVMAttachArgs
217482,TYPE,LARGE_INTEGER,LARGE_INTEGER,LARGE_INTEGER
217483,TYPE,LPVOID,LPVOID,LPVOID
217484,TYPE,MD5_CONTEXT,MD5_CONTEXT,MD5_CONTEXT
217485,TYPE,MD5_CONTEXT*,MD5_CONTEXT*,MD5_CONTEXT*
217486,TYPE,MEMORY_BASIC_INFORMATION,MEMORY_BASIC_INFORMATION,MEMORY_BASIC_INFORMATION
217487,TYPE,MMRESULT,MMRESULT,MMRESULT
217488,TYPE,PULONG,PULONG,PULONG
217489,TYPE,PVOID,PVOID,PVOID
217490,TYPE,QWORD,QWORD,QWORD
217491,TYPE,SEMRECORD[2],SEMRECORD[2],SEMRECORD[2]
217492,TYPE,SYSTEM_INFO,SYSTEM_INFO,SYSTEM_INFO
217493,TYPE,System,System,System
217494,TYPE,TCHAR*,TCHAR*,TCHAR*
217495,TYPE,TCHAR[],TCHAR[],TCHAR[]
217496,TYPE,TID,TID,TID
217497,TYPE,TIMECAPS,TIMECAPS,TIMECAPS
217498,TYPE,ULARGE_INTEGER,ULARGE_INTEGER,ULARGE_INTEGER
217499,TYPE,ULONG,ULONG,ULONG
217500,TYPE,ULONGLONG,ULONGLONG,ULONGLONG
217501,TYPE,VISIT,VISIT,VISIT
217502,TYPE,VLC_COMMON_MEMBERS,VLC_COMMON_MEMBERS,VLC_COMMON_MEMBERS
217503,TYPE,VLC_MALLOC,VLC_MALLOC,VLC_MALLOC
217504,TYPE,WINAPI,WINAPI,WINAPI
217505,TYPE,WINAPI*,WINAPI*,WINAPI*
217506,TYPE,WSADATA,WSADATA,WSADATA
217507,TYPE,[],[],[]
217508,TYPE,_WDIR*,_WDIR*,_WDIR*
217509,TYPE,_stati64,_stati64,_stati64
217510,TYPE,_wdirent*,_wdirent*,_wdirent*
217511,TYPE,addon_entry_owner,addon_entry_owner,addon_entry_owner
217512,TYPE,addon_entry_owner_t,addon_entry_owner_t,addon_entry_owner_t
217513,TYPE,addon_entry_owner_t*,addon_entry_owner_t*,addon_entry_owner_t*
217514,TYPE,addon_entry_t,addon_entry_t,addon_entry_t
217515,TYPE,addon_entry_t*,addon_entry_t*,addon_entry_t*
217516,TYPE,addon_entry_t**,addon_entry_t**,addon_entry_t**
217517,TYPE,addon_file_t*,addon_file_t*,addon_file_t*
217518,TYPE,addon_uuid_t,addon_uuid_t,addon_uuid_t
217519,TYPE,addons_finder_t*,addons_finder_t*,addons_finder_t*
217520,TYPE,addons_manager_owner*,addons_manager_owner*,addons_manager_owner*
217521,TYPE,addons_manager_private_t,addons_manager_private_t,addons_manager_private_t
217522,TYPE,addons_manager_private_t.finder,finder,addons_manager_private_t.finder
217523,TYPE,addons_manager_private_t.installer,installer,addons_manager_private_t.installer
217524,TYPE,addons_manager_t,addons_manager_t,addons_manager_t
217525,TYPE,addons_manager_t*,addons_manager_t*,addons_manager_t*
217526,TYPE,addons_storage_t*,addons_storage_t*,addons_storage_t*
217527,TYPE,addrinfo,addrinfo,addrinfo
217528,TYPE,addrinfo*,addrinfo*,addrinfo*
217529,TYPE,addrinfo**,addrinfo**,addrinfo**
217530,TYPE,algo_specific,algo_specific,algo_specific
217531,TYPE,alignas,alignas,alignas
217532,TYPE,anonymous_enum_0,anonymous_enum_0,anonymous_enum_0
217533,TYPE,anonymous_enum_1,anonymous_enum_1,anonymous_enum_1
217534,TYPE,anonymous_enum_2,anonymous_enum_2,anonymous_enum_2
217535,TYPE,answer,answer,answer
217536,TYPE,aout_dev,aout_dev,aout_dev
217537,TYPE,aout_dev_t,aout_dev_t,aout_dev_t
217538,TYPE,aout_dev_t*,aout_dev_t*,aout_dev_t*
217539,TYPE,aout_dev_t**,aout_dev_t**,aout_dev_t**
217540,TYPE,aout_filters,aout_filters,aout_filters
217541,TYPE,aout_filters_cfg_t,aout_filters_cfg_t,aout_filters_cfg_t
217542,TYPE,aout_filters_cfg_t*,aout_filters_cfg_t*,aout_filters_cfg_t*
217543,TYPE,aout_filters_t,aout_filters_t,aout_filters_t
217544,TYPE,aout_filters_t*,aout_filters_t*,aout_filters_t*
217545,TYPE,aout_instance_t,aout_instance_t,aout_instance_t
217546,TYPE,aout_owner_t,aout_owner_t,aout_owner_t
217547,TYPE,aout_owner_t*,aout_owner_t*,aout_owner_t*
217548,TYPE,aout_owner_t.dev,dev,aout_owner_t.dev
217549,TYPE,aout_owner_t.req,req,aout_owner_t.req
217550,TYPE,aout_owner_t.sync,sync,aout_owner_t.sync
217551,TYPE,aout_owner_t.vp,vp,aout_owner_t.vp
217552,TYPE,aout_request_vout,aout_request_vout,aout_request_vout
217553,TYPE,aout_request_vout.vout_thread_t,vout_thread_t,aout_request_vout.vout_thread_t
217554,TYPE,aout_request_vout_t,aout_request_vout_t,aout_request_vout_t
217555,TYPE,aout_request_vout_t*,aout_request_vout_t*,aout_request_vout_t*
217556,TYPE,aout_volume,aout_volume,aout_volume
217557,TYPE,aout_volume_t,aout_volume_t,aout_volume_t
217558,TYPE,aout_volume_t*,aout_volume_t*,aout_volume_t*
217559,TYPE,atomic_bool,atomic_bool,atomic_bool
217560,TYPE,atomic_int,atomic_int,atomic_int
217561,TYPE,atomic_int*,atomic_int*,atomic_int*
217562,TYPE,atomic_uchar,atomic_uchar,atomic_uchar
217563,TYPE,atomic_uint,atomic_uint,atomic_uint
217564,TYPE,atomic_uintptr_t,atomic_uintptr_t,atomic_uintptr_t
217565,TYPE,atomic_ushort,atomic_ushort,atomic_ushort
217566,TYPE,audio_channel_type_t,audio_channel_type_t,audio_channel_type_t
217567,TYPE,audio_format_t,audio_format_t,audio_format_t
217568,TYPE,audio_output_t,audio_output_t,audio_output_t
217569,TYPE,audio_output_t*,audio_output_t*,audio_output_t*
217570,TYPE,audio_output_t**,audio_output_t**,audio_output_t**
217571,TYPE,audio_replay_gain_t,audio_replay_gain_t,audio_replay_gain_t
217572,TYPE,audio_replay_gain_t*,audio_replay_gain_t*,audio_replay_gain_t*
217573,TYPE,audio_sample_format_t,audio_sample_format_t,audio_sample_format_t
217574,TYPE,audio_sample_format_t*,audio_sample_format_t*,audio_sample_format_t*
217575,TYPE,audio_volume_t,audio_volume_t,audio_volume_t
217576,TYPE,audio_volume_t*,audio_volume_t*,audio_volume_t*
217577,TYPE,average_t,average_t,average_t
217578,TYPE,average_t*,average_t*,average_t*
217579,TYPE,background_worker,background_worker,background_worker
217580,TYPE,background_worker*,background_worker*,background_worker*
217581,TYPE,background_worker**,background_worker**,background_worker**
217582,TYPE,background_worker.background_worker_config,background_worker_config,background_worker.background_worker_config
217583,TYPE,background_worker.head,head,background_worker.head
217584,TYPE,background_worker.tail,tail,background_worker.tail
217585,TYPE,background_worker_New,background_worker_New,background_worker_New
217586,TYPE,background_worker_config,background_worker_config,background_worker_config
217587,TYPE,background_worker_config*,background_worker_config*,background_worker_config*
217588,TYPE,bg_queued_item,bg_queued_item,bg_queued_item
217589,TYPE,bg_queued_item*,bg_queued_item*,bg_queued_item*
217590,TYPE,block_fifo_t,block_fifo_t,block_fifo_t
217591,TYPE,block_fifo_t*,block_fifo_t*,block_fifo_t*
217592,TYPE,block_t,block_t,block_t
217593,TYPE,block_t*,block_t*,block_t*
217594,TYPE,block_t**,block_t**,block_t**
217595,TYPE,bool,bool,bool
217596,TYPE,bool*,bool*,bool*
217597,TYPE,bool[2],bool[2],bool[2]
217598,TYPE,bool[],bool[],bool[]
217599,TYPE,border,border,border
217600,TYPE,byte,byte,byte
217601,TYPE,byte*,byte*,byte*
217602,TYPE,callback_entry_t,callback_entry_t,callback_entry_t
217603,TYPE,callback_entry_t*,callback_entry_t*,callback_entry_t*
217604,TYPE,callback_entry_t.anonymous_composite_type_0,anonymous_composite_type_0,callback_entry_t.anonymous_composite_type_0
217605,TYPE,callback_table_t,callback_table_t,callback_table_t
217606,TYPE,callback_table_t*,callback_table_t*,callback_table_t*
217607,TYPE,catch,catch,catch
217608,TYPE,cc,cc,cc
217609,TYPE,chain_interactive,chain_interactive,chain_interactive
217610,TYPE,chain_static,chain_static,chain_static
217611,TYPE,chained_filter_t,chained_filter_t,chained_filter_t
217612,TYPE,chained_filter_t*,chained_filter_t*,chained_filter_t*
217613,TYPE,chained_filter_t.chained_filter_t,chained_filter_t,chained_filter_t.chained_filter_t
217614,TYPE,char,char,char
217615,TYPE,char*,char*,char*
217616,TYPE,char**,char**,char**
217617,TYPE,char***,char***,char***
217618,TYPE,char*[3],char*[3],char*[3]
217619,TYPE,char*[5],char*[5],char*[5]
217620,TYPE,char*[],char*[],char*[]
217621,TYPE,char[1000],char[1000],char[1000]
217622,TYPE,char[100],char[100],char[100]
217623,TYPE,char[1024],char[1024],char[1024]
217624,TYPE,char[128],char[128],char[128]
217625,TYPE,char[13],char[13],char[13]
217626,TYPE,char[16],char[16],char[16]
217627,TYPE,char[1],char[1],char[1]
217628,TYPE,char[2048],char[2048],char[2048]
217629,TYPE,char[2049],char[2049],char[2049]
217630,TYPE,char[20],char[20],char[20]
217631,TYPE,char[21],char[21],char[21]
217632,TYPE,char[256],char[256],char[256]
217633,TYPE,char[26],char[26],char[26]
217634,TYPE,char[32],char[32],char[32]
217635,TYPE,char[38],char[38],char[38]
217636,TYPE,char[3],char[3],char[3]
217637,TYPE,char[4096],char[4096],char[4096]
217638,TYPE,char[47],char[47],char[47]
217639,TYPE,char[4],char[4],char[4]
217640,TYPE,char[5],char[5],char[5]
217641,TYPE,char[5][16],char[5][16],char[5][16]
217642,TYPE,char[6],char[6],char[6]
217643,TYPE,char[7],char[7],char[7]
217644,TYPE,char[84],char[84],char[84]
217645,TYPE,char[8],char[8],char[8]
217646,TYPE,char[9],char[9],char[9]
217647,TYPE,char[KEY_MAX]*,char[KEY_MAX]*,char[KEY_MAX]*
217648,TYPE,char[],char[],char[]
217649,TYPE,char[]*,char[]*,char[]*
217650,TYPE,char[][11],char[][11],char[][11]
217651,TYPE,char[][13],char[][13],char[][13]
217652,TYPE,char[][16],char[][16],char[][16]
217653,TYPE,char[][18],char[][18],char[][18]
217654,TYPE,char[][20],char[][20],char[][20]
217655,TYPE,char[][32],char[][32],char[][32]
217656,TYPE,char[][9],char[][9],char[][9]
217657,TYPE,clk,clk,clk
217658,TYPE,clk.interrupt,interrupt,clk.interrupt
217659,TYPE,clk.multimedia,multimedia,clk.multimedia
217660,TYPE,clk.perf,perf,clk.perf
217661,TYPE,clk.tick,tick,clk.tick
217662,TYPE,clock_point_t,clock_point_t,clock_point_t
217663,TYPE,cmsghdr,cmsghdr,cmsghdr
217664,TYPE,cmsghdr*,cmsghdr*,cmsghdr*
217665,TYPE,conf,conf,conf
217666,TYPE,config,config,config
217667,TYPE,config_chain_t,config_chain_t,config_chain_t
217668,TYPE,config_chain_t*,config_chain_t*,config_chain_t*
217669,TYPE,config_chain_t**,config_chain_t**,config_chain_t**
217670,TYPE,const,const,const
217671,TYPE,const char*,const char*,const char*
217672,TYPE,const char* const*,const char* const*,const char* const*
217673,TYPE,const[],const[],const[]
217674,TYPE,counter_sample_t,counter_sample_t,counter_sample_t
217675,TYPE,counter_sample_t*,counter_sample_t*,counter_sample_t*
217676,TYPE,counter_sample_t**,counter_sample_t**,counter_sample_t**
217677,TYPE,counter_t,counter_t,counter_t
217678,TYPE,counter_t*,counter_t*,counter_t*
217679,TYPE,counters,counters,counters
217680,TYPE,crop,crop,crop
217681,TYPE,date_t*,date_t*,date_t*
217682,TYPE,decoder_cc_desc_t,decoder_cc_desc_t,decoder_cc_desc_t
217683,TYPE,decoder_cc_desc_t*,decoder_cc_desc_t*,decoder_cc_desc_t*
217684,TYPE,decoder_owner_sys_t,decoder_owner_sys_t,decoder_owner_sys_t
217685,TYPE,decoder_owner_sys_t*,decoder_owner_sys_t*,decoder_owner_sys_t*
217686,TYPE,decoder_owner_sys_t.cc,cc,decoder_owner_sys_t.cc
217687,TYPE,decoder_t,decoder_t,decoder_t
217688,TYPE,decoder_t ** [64],decoder_t ** [64],decoder_t ** [64]
217689,TYPE,decoder_t*,decoder_t*,decoder_t*
217690,TYPE,demux_mapping,demux_mapping,demux_mapping
217691,TYPE,demux_mapping*,demux_mapping*,demux_mapping*
217692,TYPE,demux_mapping[],demux_mapping[],demux_mapping[]
217693,TYPE,demux_meta_t*,demux_meta_t*,demux_meta_t*
217694,TYPE,demux_priv_t,demux_priv_t,demux_priv_t
217695,TYPE,demux_priv_t*,demux_priv_t*,demux_priv_t*
217696,TYPE,demux_t,demux_t,demux_t
217697,TYPE,demux_t*,demux_t*,demux_t*
217698,TYPE,demux_t**,demux_t**,demux_t**
217699,TYPE,demux_t***,demux_t***,demux_t***
217700,TYPE,desc_audio,desc_audio,desc_audio
217701,TYPE,desc_spu,desc_spu,desc_spu
217702,TYPE,desc_video,desc_video,desc_video
217703,TYPE,dev,dev,dev
217704,TYPE,dialog,dialog,dialog
217705,TYPE,dialog.dialog_type,dialog_type,dialog.dialog_type
217706,TYPE,dialog.u,u,dialog.u
217707,TYPE,dialog.u.login,login,dialog.u.login
217708,TYPE,dialog.u.progress,progress,dialog.u.progress
217709,TYPE,dialog.u.question,question,dialog.u.question
217710,TYPE,dialog_answer,dialog_answer,dialog_answer
217711,TYPE,dialog_answer*,dialog_answer*,dialog_answer*
217712,TYPE,dialog_answer.dialog_type,dialog_type,dialog_answer.dialog_type
217713,TYPE,dialog_answer.u,u,dialog_answer.u
217714,TYPE,dialog_answer.u.login,login,dialog_answer.u.login
217715,TYPE,dialog_answer.u.question,question,dialog_answer.u.question
217716,TYPE,dialog_i11e_context,dialog_i11e_context,dialog_i11e_context
217717,TYPE,dialog_i11e_context*,dialog_i11e_context*,dialog_i11e_context*
217718,TYPE,dialog_type,dialog_type,dialog_type
217719,TYPE,dirent,dirent,dirent
217720,TYPE,dirent*,dirent*,dirent*
217721,TYPE,display,display,display
217722,TYPE,displayed,displayed,displayed
217723,TYPE,div_t,div_t,div_t
217724,TYPE,double,double,double
217725,TYPE,double*,double*,double*
217726,TYPE,double[],double[],double[]
217727,TYPE,downloader,downloader,downloader
217728,TYPE,dsa,dsa,dsa
217729,TYPE,e_policy,e_policy,e_policy
217730,TYPE,encoder_t,encoder_t,encoder_t
217731,TYPE,encoder_t*,encoder_t*,encoder_t*
217732,TYPE,entries,entries,entries
217733,TYPE,entry,entry,entry
217734,TYPE,entry*,entry*,entry*
217735,TYPE,enum,enum,enum
217736,TYPE,enum slave_type,enum slave_type,enum slave_type
217737,TYPE,es_bool,es_bool,es_bool
217738,TYPE,es_fmt,es_fmt,es_fmt
217739,TYPE,es_format_category_e,es_format_category_e,es_format_category_e
217740,TYPE,es_format_t,es_format_t,es_format_t
217741,TYPE,es_format_t*,es_format_t*,es_format_t*
217742,TYPE,es_out_es_props_t,es_out_es_props_t,es_out_es_props_t
217743,TYPE,es_out_es_props_t*,es_out_es_props_t*,es_out_es_props_t*
217744,TYPE,es_out_es_props_t.es_out_policy_e,es_out_policy_e,es_out_es_props_t.es_out_policy_e
217745,TYPE,es_out_id_t,es_out_id_t,es_out_id_t
217746,TYPE,es_out_id_t ** [64],es_out_id_t ** [64],es_out_id_t ** [64]
217747,TYPE,es_out_id_t*,es_out_id_t*,es_out_id_t*
217748,TYPE,es_out_id_t**,es_out_id_t**,es_out_id_t**
217749,TYPE,es_out_id_t.cc,cc,es_out_id_t.cc
217750,TYPE,es_out_id_t[],es_out_id_t[],es_out_id_t[]
217751,TYPE,es_out_mode_e,es_out_mode_e,es_out_mode_e
217752,TYPE,es_out_pgrm_t,es_out_pgrm_t,es_out_pgrm_t
217753,TYPE,es_out_pgrm_t*,es_out_pgrm_t*,es_out_pgrm_t*
217754,TYPE,es_out_pgrm_t**,es_out_pgrm_t**,es_out_pgrm_t**
217755,TYPE,es_out_policy_e,es_out_policy_e,es_out_policy_e
217756,TYPE,es_out_query_private_e,es_out_query_private_e,es_out_query_private_e
217757,TYPE,es_out_sys_t,es_out_sys_t,es_out_sys_t
217758,TYPE,es_out_sys_t*,es_out_sys_t*,es_out_sys_t*
217759,TYPE,es_out_t,es_out_t,es_out_t
217760,TYPE,es_out_t*,es_out_t*,es_out_t*
217761,TYPE,es_policy,es_policy,es_policy
217762,TYPE,ext_mime,ext_mime,ext_mime
217763,TYPE,ext_table,ext_table,ext_table
217764,TYPE,extension_dialog_t*,extension_dialog_t*,extension_dialog_t*
217765,TYPE,fd_set,fd_set,fd_set
217766,TYPE,fd_set*,fd_set*,fd_set*
217767,TYPE,fetcher_request,fetcher_request,fetcher_request
217768,TYPE,fetcher_request*,fetcher_request*,fetcher_request*
217769,TYPE,fetcher_thread,fetcher_thread,fetcher_thread
217770,TYPE,fetcher_thread*,fetcher_thread*,fetcher_thread*
217771,TYPE,fetcher_thread.background_worker,background_worker,fetcher_thread.background_worker
217772,TYPE,fetcher_thread.fetcher_request,fetcher_request,fetcher_thread.fetcher_request
217773,TYPE,fields,fields,fields
217774,TYPE,fields.Environment,Environment,fields.Environment
217775,TYPE,fields.File,File,fields.File
217776,TYPE,fields.System,System,fields.System
217777,TYPE,filter,filter,filter
217778,TYPE,filter_chain_t,filter_chain_t,filter_chain_t
217779,TYPE,filter_chain_t*,filter_chain_t*,filter_chain_t*
217780,TYPE,filter_owner_sys_t*,filter_owner_sys_t*,filter_owner_sys_t*
217781,TYPE,filter_owner_t,filter_owner_t,filter_owner_t
217782,TYPE,filter_owner_t*,filter_owner_t*,filter_owner_t*
217783,TYPE,filter_t,filter_t,filter_t
217784,TYPE,filter_t ** [10],filter_t ** [10],filter_t ** [10]
217785,TYPE,filter_t*,filter_t*,filter_t*
217786,TYPE,filter_t**,filter_t**,filter_t**
217787,TYPE,finder,finder,finder
217788,TYPE,fingerprinter_thread_t,fingerprinter_thread_t,fingerprinter_thread_t
217789,TYPE,fingerprinter_thread_t*,fingerprinter_thread_t*,fingerprinter_thread_t*
217790,TYPE,float,float,float
217791,TYPE,float*,float*,float*
217792,TYPE,float[],float[],float[]
217793,TYPE,fourcc_desc*,fourcc_desc*,fourcc_desc*
217794,TYPE,fourcc_mapping*,fourcc_mapping*,fourcc_mapping*
217795,TYPE,gaicb,gaicb,gaicb
217796,TYPE,gc,gc,gc
217797,TYPE,gcry_error_t,gcry_error_t,gcry_error_t
217798,TYPE,gcry_md_hd_t,gcry_md_hd_t,gcry_md_hd_t
217799,TYPE,gcry_mpi_t,gcry_mpi_t,gcry_mpi_t
217800,TYPE,gcry_mpi_t*,gcry_mpi_t*,gcry_mpi_t*
217801,TYPE,gcry_sexp_t,gcry_sexp_t,gcry_sexp_t
217802,TYPE,head,head,head
217803,TYPE,hints,hints,hints
217804,TYPE,hostent*,hostent*,hostent*
217805,TYPE,http_cookie_t,http_cookie_t,http_cookie_t
217806,TYPE,http_cookie_t*,http_cookie_t*,http_cookie_t*
217807,TYPE,http_status_info*,http_status_info*,http_status_info*
217808,TYPE,http_status_info[],http_status_info[],http_status_info[]
217809,TYPE,httpd,httpd,httpd
217810,TYPE,httpd_callback_sys_t*,httpd_callback_sys_t*,httpd_callback_sys_t*
217811,TYPE,httpd_callback_t,httpd_callback_t,httpd_callback_t
217812,TYPE,httpd_client_t,httpd_client_t,httpd_client_t
217813,TYPE,httpd_client_t*,httpd_client_t*,httpd_client_t*
217814,TYPE,httpd_client_t**,httpd_client_t**,httpd_client_t**
217815,TYPE,httpd_file_callback_t,httpd_file_callback_t,httpd_file_callback_t
217816,TYPE,httpd_file_sys_t,httpd_file_sys_t,httpd_file_sys_t
217817,TYPE,httpd_file_sys_t*,httpd_file_sys_t*,httpd_file_sys_t*
217818,TYPE,httpd_file_t,httpd_file_t,httpd_file_t
217819,TYPE,httpd_file_t*,httpd_file_t*,httpd_file_t*
217820,TYPE,httpd_handler_callback_t,httpd_handler_callback_t,httpd_handler_callback_t
217821,TYPE,httpd_handler_t,httpd_handler_t,httpd_handler_t
217822,TYPE,httpd_handler_t*,httpd_handler_t*,httpd_handler_t*
217823,TYPE,httpd_header,httpd_header,httpd_header
217824,TYPE,httpd_header*,httpd_header*,httpd_header*
217825,TYPE,httpd_host_t,httpd_host_t,httpd_host_t
217826,TYPE,httpd_host_t*,httpd_host_t*,httpd_host_t*
217827,TYPE,httpd_host_t**,httpd_host_t**,httpd_host_t**
217828,TYPE,httpd_message_t,httpd_message_t,httpd_message_t
217829,TYPE,httpd_message_t*,httpd_message_t*,httpd_message_t*
217830,TYPE,httpd_redirect_t,httpd_redirect_t,httpd_redirect_t
217831,TYPE,httpd_redirect_t*,httpd_redirect_t*,httpd_redirect_t*
217832,TYPE,httpd_stream_t,httpd_stream_t,httpd_stream_t
217833,TYPE,httpd_stream_t*,httpd_stream_t*,httpd_stream_t*
217834,TYPE,httpd_url_t,httpd_url_t,httpd_url_t
217835,TYPE,httpd_url_t*,httpd_url_t*,httpd_url_t*
217836,TYPE,httpd_url_t**,httpd_url_t**,httpd_url_t**
217837,TYPE,httpd_url_t.catch,catch,httpd_url_t.catch
217838,TYPE,i_type,i_type,i_type
217839,TYPE,image_handler_t,image_handler_t,image_handler_t
217840,TYPE,image_handler_t*,image_handler_t*,image_handler_t*
217841,TYPE,in_addr*,in_addr*,in_addr*
217842,TYPE,info_category_t,info_category_t,info_category_t
217843,TYPE,info_category_t*,info_category_t*,info_category_t*
217844,TYPE,info_t,info_t,info_t
217845,TYPE,info_t*,info_t*,info_t*
217846,TYPE,inhibit_t,inhibit_t,inhibit_t
217847,TYPE,inhibit_t*,inhibit_t*,inhibit_t*
217848,TYPE,input,input,input
217849,TYPE,input_attachment_t,input_attachment_t,input_attachment_t
217850,TYPE,input_attachment_t*,input_attachment_t*,input_attachment_t*
217851,TYPE,input_attachment_t**,input_attachment_t**,input_attachment_t**
217852,TYPE,input_attachment_t***,input_attachment_t***,input_attachment_t***
217853,TYPE,input_clock_t,input_clock_t,input_clock_t
217854,TYPE,input_clock_t*,input_clock_t*,input_clock_t*
217855,TYPE,input_clock_t.late,late,input_clock_t.late
217856,TYPE,input_control_e,input_control_e,input_control_e
217857,TYPE,input_control_t,input_control_t,input_control_t
217858,TYPE,input_control_t*,input_control_t*,input_control_t*
217859,TYPE,input_control_t[100],input_control_t[100],input_control_t[100]
217860,TYPE,input_item_meta_request_option_t,input_item_meta_request_option_t,input_item_meta_request_option_t
217861,TYPE,input_item_net_type,input_item_net_type,input_item_net_type
217862,TYPE,input_item_node_t,input_item_node_t,input_item_node_t
217863,TYPE,input_item_node_t*,input_item_node_t*,input_item_node_t*
217864,TYPE,input_item_node_t**,input_item_node_t**,input_item_node_t**
217865,TYPE,input_item_opaque,input_item_opaque,input_item_opaque
217866,TYPE,input_item_opaque*,input_item_opaque*,input_item_opaque*
217867,TYPE,input_item_opaque.input_item_opaque,input_item_opaque,input_item_opaque.input_item_opaque
217868,TYPE,input_item_opaque_t*,input_item_opaque_t*,input_item_opaque_t*
217869,TYPE,input_item_owner,input_item_owner,input_item_owner
217870,TYPE,input_item_owner_t,input_item_owner_t,input_item_owner_t
217871,TYPE,input_item_owner_t*,input_item_owner_t*,input_item_owner_t*
217872,TYPE,input_item_slave_t,input_item_slave_t,input_item_slave_t
217873,TYPE,input_item_slave_t*,input_item_slave_t*,input_item_slave_t*
217874,TYPE,input_item_slave_t**,input_item_slave_t**,input_item_slave_t**
217875,TYPE,input_item_slave_t***,input_item_slave_t***,input_item_slave_t***
217876,TYPE,input_item_t,input_item_t,input_item_t
217877,TYPE,input_item_t*,input_item_t*,input_item_t*
217878,TYPE,input_resource_t,input_resource_t,input_resource_t
217879,TYPE,input_resource_t*,input_resource_t*,input_resource_t*
217880,TYPE,input_source_t,input_source_t,input_source_t
217881,TYPE,input_source_t*,input_source_t*,input_source_t*
217882,TYPE,input_source_t**,input_source_t**,input_source_t**
217883,TYPE,input_state_e,input_state_e,input_state_e
217884,TYPE,input_statistic_t,input_statistic_t,input_statistic_t
217885,TYPE,input_stats_t,input_stats_t,input_stats_t
217886,TYPE,input_stats_t*,input_stats_t*,input_stats_t*
217887,TYPE,input_thread_private_t,input_thread_private_t,input_thread_private_t
217888,TYPE,input_thread_private_t*,input_thread_private_t*,input_thread_private_t*
217889,TYPE,input_thread_private_t.counters,counters,input_thread_private_t.counters
217890,TYPE,input_thread_private_t.input_thread_t,input_thread_t,input_thread_private_t.input_thread_t
217891,TYPE,input_thread_t,input_thread_t,input_thread_t
217892,TYPE,input_thread_t*,input_thread_t*,input_thread_t*
217893,TYPE,input_title_t*,input_title_t*,input_title_t*
217894,TYPE,input_title_t**,input_title_t**,input_title_t**
217895,TYPE,installer,installer,installer
217896,TYPE,int,int,int
217897,TYPE,"int(*[])(int(*)(void*,void*,int),void*)","int(*[])(int(*)(void*,void*,int),void*)","int(*[])(int(*)(void*,void*,int),void*)"
217898,TYPE,int*,int*,int*
217899,TYPE,int**,int**,int**
217900,TYPE,int16_t,int16_t,int16_t
217901,TYPE,int16_t*,int16_t*,int16_t*
217902,TYPE,int16_t[],int16_t[],int16_t[]
217903,TYPE,int32_t,int32_t,int32_t
217904,TYPE,int32_t*,int32_t*,int32_t*
217905,TYPE,int32_t[],int32_t[],int32_t[]
217906,TYPE,int64_t,int64_t,int64_t
217907,TYPE,int64_t*,int64_t*,int64_t*
217908,TYPE,int64_t**,int64_t**,int64_t**
217909,TYPE,int8_t,int8_t,int8_t
217910,TYPE,int[256],int[256],int[256]
217911,TYPE,int[2],int[2],int[2]
217912,TYPE,int[4],int[4],int[4]
217913,TYPE,int[],int[],int[]
217914,TYPE,int_epg,int_epg,int_epg
217915,TYPE,int_epg_evt,int_epg_evt,int_epg_evt
217916,TYPE,int_i64,int_i64,int_i64
217917,TYPE,int_meta,int_meta,int_meta
217918,TYPE,interface,interface,interface
217919,TYPE,interlacing,interlacing,interlacing
217920,TYPE,interrupt,interrupt,interrupt
217921,TYPE,intf_thread_t*,intf_thread_t*,intf_thread_t*
217922,TYPE,intf_thread_t**,intf_thread_t**,intf_thread_t**
217923,TYPE,intptr_t,intptr_t,intptr_t
217924,TYPE,iovec,iovec,iovec
217925,TYPE,iovec*,iovec*,iovec*
217926,TYPE,iso639_lang_t,iso639_lang_t,iso639_lang_t
217927,TYPE,iso639_lang_t*,iso639_lang_t*,iso639_lang_t*
217928,TYPE,item_type_entry,item_type_entry,item_type_entry
217929,TYPE,item_type_entry*,item_type_entry*,item_type_entry*
217930,TYPE,item_type_entry[],item_type_entry[],item_type_entry[]
217931,TYPE,jclass,jclass,jclass
217932,TYPE,jfieldID,jfieldID,jfieldID
217933,TYPE,jint,jint,jint
217934,TYPE,jitter,jitter,jitter
217935,TYPE,jmethodID,jmethodID,jmethodID
217936,TYPE,jobject,jobject,jobject
217937,TYPE,jstring,jstring,jstring
217938,TYPE,key_descriptor,key_descriptor,key_descriptor
217939,TYPE,key_descriptor*,key_descriptor*,key_descriptor*
217940,TYPE,key_descriptor[],key_descriptor[],key_descriptor[]
217941,TYPE,late,late,late
217942,TYPE,libvlc_int_t,libvlc_int_t,libvlc_int_t
217943,TYPE,libvlc_int_t*,libvlc_int_t*,libvlc_int_t*
217944,TYPE,libvlc_priv_t,libvlc_priv_t,libvlc_priv_t
217945,TYPE,libvlc_priv_t*,libvlc_priv_t*,libvlc_priv_t*
217946,TYPE,libvlc_priv_t.playlist_preparser_t,playlist_preparser_t,libvlc_priv_t.playlist_preparser_t
217947,TYPE,libvlc_priv_t.playlist_t,playlist_t,libvlc_priv_t.playlist_t
217948,TYPE,lldiv_t,lldiv_t,lldiv_t
217949,TYPE,local,local,local
217950,TYPE,locale_t,locale_t,locale_t
217951,TYPE,login,login,login
217952,TYPE,long,long,long
217953,TYPE,long int,long int,long int
217954,TYPE,long long,long long,long long
217955,TYPE,long long int,long long int,long long int
217956,TYPE,long long unsigned,long long unsigned,long long unsigned
217957,TYPE,long unsigned,long unsigned,long unsigned
217958,TYPE,mach_timebase_info_data_t,mach_timebase_info_data_t,mach_timebase_info_data_t
217959,TYPE,mapping,mapping,mapping
217960,TYPE,mapping*,mapping*,mapping*
217961,TYPE,mapping**,mapping**,mapping**
217962,TYPE,mapping_audio,mapping_audio,mapping_audio
217963,TYPE,mapping_spu,mapping_spu,mapping_spu
217964,TYPE,mapping_video,mapping_video,mapping_video
217965,TYPE,max_align_t[],max_align_t[],max_align_t[]
217966,TYPE,md5_s,md5_s,md5_s
217967,TYPE,md5_s*,md5_s*,md5_s*
217968,TYPE,message,message,message
217969,TYPE,meta_export_t*,meta_export_t*,meta_export_t*
217970,TYPE,meta_fetcher_t*,meta_fetcher_t*,meta_fetcher_t*
217971,TYPE,mime_table,mime_table,mime_table
217972,TYPE,mode_t,mode_t,mode_t
217973,TYPE,module_config_t,module_config_t,module_config_t
217974,TYPE,module_config_t*,module_config_t*,module_config_t*
217975,TYPE,module_config_t**,module_config_t**,module_config_t**
217976,TYPE,module_handle_t,module_handle_t,module_handle_t
217977,TYPE,module_handle_t*,module_handle_t*,module_handle_t*
217978,TYPE,module_t,module_t,module_t
217979,TYPE,module_t*,module_t*,module_t*
217980,TYPE,module_t**,module_t**,module_t**
217981,TYPE,module_t***,module_t***,module_t***
217982,TYPE,modules,modules,modules
217983,TYPE,mouse,mouse,mouse
217984,TYPE,mrl_t,mrl_t,mrl_t
217985,TYPE,mrl_t*,mrl_t*,mrl_t*
217986,TYPE,msg_type,msg_type,msg_type
217987,TYPE,msghdr,msghdr,msghdr
217988,TYPE,msghdr*,msghdr*,msghdr*
217989,TYPE,mtime_t,mtime_t,mtime_t
217990,TYPE,mtime_t*,mtime_t*,mtime_t*
217991,TYPE,mtime_t[3],mtime_t[3],mtime_t[3]
217992,TYPE,multimedia,multimedia,multimedia
217993,TYPE,name2action,name2action,name2action
217994,TYPE,name2action*,name2action*,name2action*
217995,TYPE,name2action[],name2action[],name2action[]
217996,TYPE,network,network,network
217997,TYPE,next,next,next
217998,TYPE,off_t,off_t,off_t
217999,TYPE,orig,orig,orig
218000,TYPE,p_aspect_ratio_values,p_aspect_ratio_values,p_aspect_ratio_values
218001,TYPE,p_crop_values,p_crop_values,p_crop_values
218002,TYPE,p_list_chroma_description,p_list_chroma_description,p_list_chroma_description
218003,TYPE,p_zoom_values,p_zoom_values,p_zoom_values
218004,TYPE,pair,pair,pair
218005,TYPE,parser,parser,parser
218006,TYPE,pattern*,pattern*,pattern*
218007,TYPE,pattern[],pattern[],pattern[]
218008,TYPE,pause,pause,pause
218009,TYPE,peer,peer,peer
218010,TYPE,perf,perf,perf
218011,TYPE,pf_request_vout,pf_request_vout,pf_request_vout
218012,TYPE,picture_context_t*,picture_context_t*,picture_context_t*
218013,TYPE,picture_fifo_t,picture_fifo_t,picture_fifo_t
218014,TYPE,picture_fifo_t*,picture_fifo_t*,picture_fifo_t*
218015,TYPE,picture_pool_configuration_t,picture_pool_configuration_t,picture_pool_configuration_t
218016,TYPE,picture_pool_configuration_t*,picture_pool_configuration_t*,picture_pool_configuration_t*
218017,TYPE,picture_pool_t,picture_pool_t,picture_pool_t
218018,TYPE,picture_pool_t*,picture_pool_t*,picture_pool_t*
218019,TYPE,picture_priv_t,picture_priv_t,picture_priv_t
218020,TYPE,picture_priv_t*,picture_priv_t*,picture_priv_t*
218021,TYPE,picture_priv_t.gc,gc,picture_priv_t.gc
218022,TYPE,picture_resource_t,picture_resource_t,picture_resource_t
218023,TYPE,picture_resource_t*,picture_resource_t*,picture_resource_t*
218024,TYPE,picture_t,picture_t,picture_t
218025,TYPE,picture_t ** [],picture_t ** [],picture_t ** []
218026,TYPE,picture_t*,picture_t*,picture_t*
218027,TYPE,picture_t**,picture_t**,picture_t**
218028,TYPE,picture_t**[],picture_t**[],picture_t**[]
218029,TYPE,picture_t[]*,picture_t[]*,picture_t[]*
218030,TYPE,pid_t,pid_t,pid_t
218031,TYPE,plane_t*,plane_t*,plane_t*
218032,TYPE,playlist,playlist,playlist
218033,TYPE,playlist_export_t*,playlist_export_t*,playlist_export_t*
218034,TYPE,playlist_fetcher_t,playlist_fetcher_t,playlist_fetcher_t
218035,TYPE,playlist_fetcher_t*,playlist_fetcher_t*,playlist_fetcher_t*
218036,TYPE,playlist_fetcher_t.background_worker,background_worker,playlist_fetcher_t.background_worker
218037,TYPE,playlist_item_t,playlist_item_t,playlist_item_t
218038,TYPE,playlist_item_t*,playlist_item_t*,playlist_item_t*
218039,TYPE,playlist_item_t**,playlist_item_t**,playlist_item_t**
218040,TYPE,playlist_preparser_t,playlist_preparser_t,playlist_preparser_t
218041,TYPE,playlist_preparser_t*,playlist_preparser_t*,playlist_preparser_t*
218042,TYPE,playlist_preparser_t.background_worker,background_worker,playlist_preparser_t.background_worker
218043,TYPE,playlist_private_t,playlist_private_t,playlist_private_t
218044,TYPE,playlist_private_t*,playlist_private_t*,playlist_private_t*
218045,TYPE,playlist_private_t.intf_thread_t,intf_thread_t,playlist_private_t.intf_thread_t
218046,TYPE,playlist_private_t.request,request,playlist_private_t.request
218047,TYPE,playlist_private_t.status,status,playlist_private_t.status
218048,TYPE,playlist_t,playlist_t,playlist_t
218049,TYPE,playlist_t*,playlist_t*,playlist_t*
218050,TYPE,pollfd,pollfd,pollfd
218051,TYPE,pollfd*,pollfd*,pollfd*
218052,TYPE,pollfd[0],pollfd[0],pollfd[0]
218053,TYPE,pollfd[1],pollfd[1],pollfd[1]
218054,TYPE,pollfd[],pollfd[],pollfd[]
218055,TYPE,posix_spawn_file_actions_t,posix_spawn_file_actions_t,posix_spawn_file_actions_t
218056,TYPE,posix_spawnattr_t,posix_spawnattr_t,posix_spawnattr_t
218057,TYPE,preparse_data_t,preparse_data_t,preparse_data_t
218058,TYPE,preparse_data_t*,preparse_data_t*,preparse_data_t*
218059,TYPE,prev,prev,prev
218060,TYPE,progress,progress,progress
218061,TYPE,protocol_default_ports,protocol_default_ports,protocol_default_ports
218062,TYPE,pthread_attr_t,pthread_attr_t,pthread_attr_t
218063,TYPE,pthread_attr_t*,pthread_attr_t*,pthread_attr_t*
218064,TYPE,pthread_condattr_t,pthread_condattr_t,pthread_condattr_t
218065,TYPE,pthread_mutex_t,pthread_mutex_t,pthread_mutex_t
218066,TYPE,pthread_mutexattr_t,pthread_mutexattr_t,pthread_mutexattr_t
218067,TYPE,pthread_once_t,pthread_once_t,pthread_once_t
218068,TYPE,pthread_t,pthread_t,pthread_t
218069,TYPE,public_key_packet_t,public_key_packet_t,public_key_packet_t
218070,TYPE,public_key_packet_t*,public_key_packet_t*,public_key_packet_t*
218071,TYPE,public_key_packet_t.sig,sig,public_key_packet_t.sig
218072,TYPE,public_key_packet_t.sig.dsa,dsa,public_key_packet_t.sig.dsa
218073,TYPE,public_key_packet_t.sig.rsa,rsa,public_key_packet_t.sig.rsa
218074,TYPE,public_key_t,public_key_t,public_key_t
218075,TYPE,public_key_t*,public_key_t*,public_key_t*
218076,TYPE,question,question,question
218077,TYPE,rand48,rand48,rand48
218078,TYPE,rdh_dir,rdh_dir,rdh_dir
218079,TYPE,rdh_dir*,rdh_dir*,rdh_dir*
218080,TYPE,rdh_slave,rdh_slave,rdh_slave
218081,TYPE,rdh_slave*,rdh_slave*,rdh_slave*
218082,TYPE,register int,register int,register int
218083,TYPE,release,release,release
218084,TYPE,reload,reload,reload
218085,TYPE,req,req,req
218086,TYPE,request,request,request
218087,TYPE,resources,resources,resources
218088,TYPE,result,result,result
218089,TYPE,rsa,rsa,rsa
218090,TYPE,s_keys,s_keys,s_keys
218091,TYPE,s_names2actions,s_names2actions,s_names2actions
218092,TYPE,sap_address_t,sap_address_t,sap_address_t
218093,TYPE,sap_address_t*,sap_address_t*,sap_address_t*
218094,TYPE,sap_address_t**,sap_address_t**,sap_address_t**
218095,TYPE,sap_address_t.sap_address_t,sap_address_t,sap_address_t.sap_address_t
218096,TYPE,sap_address_t.sockaddr_storage,sockaddr_storage,sap_address_t.sockaddr_storage
218097,TYPE,seekpoint_t,seekpoint_t,seekpoint_t
218098,TYPE,seekpoint_t*,seekpoint_t*,seekpoint_t*
218099,TYPE,seekpoint_t**,seekpoint_t**,seekpoint_t**
218100,TYPE,seekpoint_t***,seekpoint_t***,seekpoint_t***
218101,TYPE,services_discovery_owner_t,services_discovery_owner_t,services_discovery_owner_t
218102,TYPE,services_discovery_owner_t*,services_discovery_owner_t*,services_discovery_owner_t*
218103,TYPE,services_discovery_t,services_discovery_t,services_discovery_t
218104,TYPE,services_discovery_t*,services_discovery_t*,services_discovery_t*
218105,TYPE,session_descriptor_t,session_descriptor_t,session_descriptor_t
218106,TYPE,session_descriptor_t*,session_descriptor_t*,session_descriptor_t*
218107,TYPE,session_descriptor_t**,session_descriptor_t**,session_descriptor_t**
218108,TYPE,session_descriptor_t.session_descriptor_t,session_descriptor_t,session_descriptor_t.session_descriptor_t
218109,TYPE,short,short,short
218110,TYPE,short unsigned,short unsigned,short unsigned
218111,TYPE,sig,sig,sig
218112,TYPE,sigevent,sigevent,sigevent
218113,TYPE,siginfo_t,siginfo_t,siginfo_t
218114,TYPE,signature_packet_t,signature_packet_t,signature_packet_t
218115,TYPE,signature_packet_t*,signature_packet_t*,signature_packet_t*
218116,TYPE,signature_packet_t.algo_specific,algo_specific,signature_packet_t.algo_specific
218117,TYPE,signature_packet_t.algo_specific.dsa,dsa,signature_packet_t.algo_specific.dsa
218118,TYPE,signature_packet_t.algo_specific.rsa,rsa,signature_packet_t.algo_specific.rsa
218119,TYPE,signature_packet_t.specific,specific,signature_packet_t.specific
218120,TYPE,signature_packet_t.specific.v3,v3,signature_packet_t.specific.v3
218121,TYPE,signature_packet_t.specific.v4,v4,signature_packet_t.specific.v4
218122,TYPE,signed char,signed char,signed char
218123,TYPE,sigset_t,sigset_t,sigset_t
218124,TYPE,size_t,size_t,size_t
218125,TYPE,size_t*,size_t*,size_t*
218126,TYPE,slave_priority,slave_priority,slave_priority
218127,TYPE,slave_type,slave_type,slave_type
218128,TYPE,slave_type*,slave_type*,slave_type*
218129,TYPE,sockaddr,sockaddr,sockaddr
218130,TYPE,sockaddr*,sockaddr*,sockaddr*
218131,TYPE,sockaddr[],sockaddr[],sockaddr[]
218132,TYPE,sockaddr_in,sockaddr_in,sockaddr_in
218133,TYPE,sockaddr_in*,sockaddr_in*,sockaddr_in*
218134,TYPE,sockaddr_storage,sockaddr_storage,sockaddr_storage
218135,TYPE,socklen_t,socklen_t,socklen_t
218136,TYPE,socklen_t*,socklen_t*,socklen_t*
218137,TYPE,sortfn_t,sortfn_t,sortfn_t
218138,TYPE,sout_access_out_t,sout_access_out_t,sout_access_out_t
218139,TYPE,sout_access_out_t*,sout_access_out_t*,sout_access_out_t*
218140,TYPE,sout_description_data_t,sout_description_data_t,sout_description_data_t
218141,TYPE,sout_input_t,sout_input_t,sout_input_t
218142,TYPE,sout_input_t*,sout_input_t*,sout_input_t*
218143,TYPE,sout_instance_t,sout_instance_t,sout_instance_t
218144,TYPE,sout_instance_t*,sout_instance_t*,sout_instance_t*
218145,TYPE,sout_mux_t,sout_mux_t,sout_mux_t
218146,TYPE,sout_mux_t*,sout_mux_t*,sout_mux_t*
218147,TYPE,sout_packetizer_input_t,sout_packetizer_input_t,sout_packetizer_input_t
218148,TYPE,sout_packetizer_input_t*,sout_packetizer_input_t*,sout_packetizer_input_t*
218149,TYPE,sout_stream_id_sys_t*,sout_stream_id_sys_t*,sout_stream_id_sys_t*
218150,TYPE,sout_stream_t,sout_stream_t,sout_stream_t
218151,TYPE,sout_stream_t*,sout_stream_t*,sout_stream_t*
218152,TYPE,sout_stream_t**,sout_stream_t**,sout_stream_t**
218153,TYPE,specific,specific,specific
218154,TYPE,spu_area_t,spu_area_t,spu_area_t
218155,TYPE,spu_area_t*,spu_area_t*,spu_area_t*
218156,TYPE,spu_area_t[],spu_area_t[],spu_area_t[]
218157,TYPE,spu_heap_entry_t,spu_heap_entry_t,spu_heap_entry_t
218158,TYPE,spu_heap_entry_t*,spu_heap_entry_t*,spu_heap_entry_t*
218159,TYPE,spu_heap_entry_t[],spu_heap_entry_t[],spu_heap_entry_t[]
218160,TYPE,spu_heap_t,spu_heap_t,spu_heap_t
218161,TYPE,spu_heap_t*,spu_heap_t*,spu_heap_t*
218162,TYPE,spu_private_t,spu_private_t,spu_private_t
218163,TYPE,spu_private_t*,spu_private_t*,spu_private_t*
218164,TYPE,spu_private_t.crop,crop,spu_private_t.crop
218165,TYPE,spu_scale_t,spu_scale_t,spu_scale_t
218166,TYPE,spu_t,spu_t,spu_t
218167,TYPE,spu_t*,spu_t*,spu_t*
218168,TYPE,ssize_t,ssize_t,ssize_t
218169,TYPE,stat,stat,stat
218170,TYPE,stat*,stat*,stat*
218171,TYPE,static const http_status_info[],static const http_status_info[],static const http_status_info[]
218172,TYPE,static const vlc_input_callback_t[],static const vlc_input_callback_t[],static const vlc_input_callback_t[]
218173,TYPE,static const wsaerrmsg_t[],static const wsaerrmsg_t[],static const wsaerrmsg_t[]
218174,TYPE,static const[],static const[],static const[]
218175,TYPE,static demux_mapping[],static demux_mapping[],static demux_mapping[]
218176,TYPE,static es_out_id_t[],static es_out_id_t[],static es_out_id_t[]
218177,TYPE,static uint8_t[64],static uint8_t[64],static uint8_t[64]
218178,TYPE,static vlc_mutex_t[],static vlc_mutex_t[],static vlc_mutex_t[]
218179,TYPE,static[],static[],static[]
218180,TYPE,staticentry_t,staticentry_t,staticentry_t
218181,TYPE,staticentry_t*,staticentry_t*,staticentry_t*
218182,TYPE,stats,stats,stats
218183,TYPE,status,status,status
218184,TYPE,step,step,step
218185,TYPE,stream_directory_t,stream_directory_t,stream_directory_t
218186,TYPE,stream_directory_t*,stream_directory_t*,stream_directory_t*
218187,TYPE,stream_extractor_private,stream_extractor_private,stream_extractor_private
218188,TYPE,stream_extractor_private*,stream_extractor_private*,stream_extractor_private*
218189,TYPE,stream_extractor_private.anonymous_composite_type_0,anonymous_composite_type_0,stream_extractor_private.anonymous_composite_type_0
218190,TYPE,stream_extractor_t,stream_extractor_t,stream_extractor_t
218191,TYPE,stream_priv_t,stream_priv_t,stream_priv_t
218192,TYPE,stream_priv_t*,stream_priv_t*,stream_priv_t*
218193,TYPE,stream_priv_t.text,text,stream_priv_t.text
218194,TYPE,stream_sys_t,stream_sys_t,stream_sys_t
218195,TYPE,stream_sys_t*,stream_sys_t*,stream_sys_t*
218196,TYPE,stream_t,stream_t,stream_t
218197,TYPE,stream_t*,stream_t*,stream_t*
218198,TYPE,stream_t**,stream_t**,stream_t**
218199,TYPE,struct,struct,struct
218200,TYPE,struct addrinfo,struct addrinfo,struct addrinfo
218201,TYPE,struct background_worker,struct background_worker,struct background_worker
218202,TYPE,struct timespec,struct timespec,struct timespec
218203,TYPE,struct vlc_res,struct vlc_res,struct vlc_res
218204,TYPE,subpicture_private_t,subpicture_private_t,subpicture_private_t
218205,TYPE,subpicture_private_t*,subpicture_private_t*,subpicture_private_t*
218206,TYPE,subpicture_region_private_t,subpicture_region_private_t,subpicture_region_private_t
218207,TYPE,subpicture_region_private_t*,subpicture_region_private_t*,subpicture_region_private_t*
218208,TYPE,subpicture_region_t,subpicture_region_t,subpicture_region_t
218209,TYPE,subpicture_region_t*,subpicture_region_t*,subpicture_region_t*
218210,TYPE,subpicture_region_t**,subpicture_region_t**,subpicture_region_t**
218211,TYPE,subpicture_t,subpicture_t,subpicture_t
218212,TYPE,subpicture_t ** [],subpicture_t ** [],subpicture_t ** []
218213,TYPE,subpicture_t*,subpicture_t*,subpicture_t*
218214,TYPE,subpicture_t**,subpicture_t**,subpicture_t**
218215,TYPE,subpicture_t**[],subpicture_t**[],subpicture_t**[]
218216,TYPE,subpicture_updater_sys_t,subpicture_updater_sys_t,subpicture_updater_sys_t
218217,TYPE,subpicture_updater_sys_t*,subpicture_updater_sys_t*,subpicture_updater_sys_t*
218218,TYPE,subpicture_updater_t,subpicture_updater_t,subpicture_updater_t
218219,TYPE,subpicture_updater_t*,subpicture_updater_t*,subpicture_updater_t*
218220,TYPE,sync,sync,sync
218221,TYPE,tail,tail,tail
218222,TYPE,text,text,text
218223,TYPE,text_segment_t,text_segment_t,text_segment_t
218224,TYPE,text_segment_t*,text_segment_t*,text_segment_t*
218225,TYPE,text_style_t,text_style_t,text_style_t
218226,TYPE,text_style_t*,text_style_t*,text_style_t*
218227,TYPE,tick,tick,tick
218228,TYPE,time_t,time_t,time_t
218229,TYPE,times,times,times
218230,TYPE,timespec,timespec,timespec
218231,TYPE,timespec*,timespec*,timespec*
218232,TYPE,timeval,timeval,timeval
218233,TYPE,timeval*,timeval*,timeval*
218234,TYPE,title,title,title
218235,TYPE,tls,tls,tls
218236,TYPE,tm,tm,tm
218237,TYPE,ts_cmd_add_t,ts_cmd_add_t,ts_cmd_add_t
218238,TYPE,ts_cmd_control_t,ts_cmd_control_t,ts_cmd_control_t
218239,TYPE,ts_cmd_control_t.u,u,ts_cmd_control_t.u
218240,TYPE,ts_cmd_control_t.u.es_bool,es_bool,ts_cmd_control_t.u.es_bool
218241,TYPE,ts_cmd_control_t.u.es_fmt,es_fmt,ts_cmd_control_t.u.es_fmt
218242,TYPE,ts_cmd_control_t.u.es_policy,es_policy,ts_cmd_control_t.u.es_policy
218243,TYPE,ts_cmd_control_t.u.int_epg,int_epg,ts_cmd_control_t.u.int_epg
218244,TYPE,ts_cmd_control_t.u.int_epg_evt,int_epg_evt,ts_cmd_control_t.u.int_epg_evt
218245,TYPE,ts_cmd_control_t.u.int_i64,int_i64,ts_cmd_control_t.u.int_i64
218246,TYPE,ts_cmd_control_t.u.int_meta,int_meta,ts_cmd_control_t.u.int_meta
218247,TYPE,ts_cmd_control_t.u.jitter,jitter,ts_cmd_control_t.u.jitter
218248,TYPE,ts_cmd_control_t.u.times,times,ts_cmd_control_t.u.times
218249,TYPE,ts_cmd_del_t,ts_cmd_del_t,ts_cmd_del_t
218250,TYPE,ts_cmd_send_t,ts_cmd_send_t,ts_cmd_send_t
218251,TYPE,ts_cmd_t,ts_cmd_t,ts_cmd_t
218252,TYPE,ts_cmd_t*,ts_cmd_t*,ts_cmd_t*
218253,TYPE,ts_cmd_t.u,u,ts_cmd_t.u
218254,TYPE,ts_storage_t,ts_storage_t,ts_storage_t
218255,TYPE,ts_storage_t*,ts_storage_t*,ts_storage_t*
218256,TYPE,ts_thread_t,ts_thread_t,ts_thread_t
218257,TYPE,ts_thread_t*,ts_thread_t*,ts_thread_t*
218258,TYPE,u,u,u
218259,TYPE,u32,u32,u32
218260,TYPE,u32*,u32*,u32*
218261,TYPE,u32[16],u32[16],u32[16]
218262,TYPE,u_long,u_long,u_long
218263,TYPE,u_short,u_short,u_short
218264,TYPE,uint16_t,uint16_t,uint16_t
218265,TYPE,uint16_t*,uint16_t*,uint16_t*
218266,TYPE,uint32_t,uint32_t,uint32_t
218267,TYPE,uint32_t*,uint32_t*,uint32_t*
218268,TYPE,uint32_t[AOUT_CHAN_MAX],uint32_t[AOUT_CHAN_MAX],uint32_t[AOUT_CHAN_MAX]
218269,TYPE,uint64_t,uint64_t,uint64_t
218270,TYPE,uint64_t*,uint64_t*,uint64_t*
218271,TYPE,uint8_t,uint8_t,uint8_t
218272,TYPE,uint8_t*,uint8_t*,uint8_t*
218273,TYPE,uint8_t**,uint8_t**,uint8_t**
218274,TYPE,uint8_t[100],uint8_t[100],uint8_t[100]
218275,TYPE,uint8_t[2],uint8_t[2],uint8_t[2]
218276,TYPE,uint8_t[34],uint8_t[34],uint8_t[34]
218277,TYPE,uint8_t[386],uint8_t[386],uint8_t[386]
218278,TYPE,uint8_t[3],uint8_t[3],uint8_t[3]
218279,TYPE,uint8_t[4096],uint8_t[4096],uint8_t[4096]
218280,TYPE,uint8_t[4],uint8_t[4],uint8_t[4]
218281,TYPE,uint8_t[4][4],uint8_t[4][4],uint8_t[4][4]
218282,TYPE,uint8_t[512],uint8_t[512],uint8_t[512]
218283,TYPE,uint8_t[514],uint8_t[514],uint8_t[514]
218284,TYPE,uint8_t[640],uint8_t[640],uint8_t[640]
218285,TYPE,uint8_t[64],uint8_t[64],uint8_t[64]
218286,TYPE,uint8_t[8],uint8_t[8],uint8_t[8]
218287,TYPE,uint8_t[],uint8_t[],uint8_t[]
218288,TYPE,uint_fast16_t,uint_fast16_t,uint_fast16_t
218289,TYPE,uint_fast32_t,uint_fast32_t,uint_fast32_t
218290,TYPE,uint_fast32_t**,uint_fast32_t**,uint_fast32_t**
218291,TYPE,uint_fast64_t,uint_fast64_t,uint_fast64_t
218292,TYPE,uintptr_t,uintptr_t,uintptr_t
218293,TYPE,union,union,union
218294,TYPE,union sigval,union sigval,union sigval
218295,TYPE,unsigned,unsigned,unsigned
218296,TYPE,unsigned char,unsigned char,unsigned char
218297,TYPE,unsigned char*,unsigned char*,unsigned char*
218298,TYPE,unsigned char**,unsigned char**,unsigned char**
218299,TYPE,unsigned char[2048],unsigned char[2048],unsigned char[2048]
218300,TYPE,unsigned int,unsigned int,unsigned int
218301,TYPE,unsigned int*,unsigned int*,unsigned int*
218302,TYPE,unsigned long,unsigned long,unsigned long
218303,TYPE,unsigned longint,unsigned longint,unsigned longint
218304,TYPE,unsigned longlongint,unsigned longlongint,unsigned longlongint
218305,TYPE,unsigned shortint[3],unsigned shortint[3],unsigned shortint[3]
218306,TYPE,unsigned*,unsigned*,unsigned*
218307,TYPE,update_check_thread_t,update_check_thread_t,update_check_thread_t
218308,TYPE,update_check_thread_t*,update_check_thread_t*,update_check_thread_t*
218309,TYPE,update_download_thread_t,update_download_thread_t,update_download_thread_t
218310,TYPE,update_download_thread_t*,update_download_thread_t*,update_download_thread_t*
218311,TYPE,update_release_t,update_release_t,update_release_t
218312,TYPE,update_t,update_t,update_t
218313,TYPE,update_t*,update_t*,update_t*
218314,TYPE,update_t.update_release_t,update_release_t,update_t.update_release_t
218315,TYPE,uris,uris,uris
218316,TYPE,v3,v3,v3
218317,TYPE,v4,v4,v4
218318,TYPE,va_list,va_list,va_list
218319,TYPE,variable_ops_t,variable_ops_t,variable_ops_t
218320,TYPE,variable_ops_t*,variable_ops_t*,variable_ops_t*
218321,TYPE,variable_t,variable_t,variable_t
218322,TYPE,variable_t*,variable_t*,variable_t*
218323,TYPE,variable_t**,variable_t**,variable_t**
218324,TYPE,video_format_t,video_format_t,video_format_t
218325,TYPE,video_format_t*,video_format_t*,video_format_t*
218326,TYPE,video_orientation_t,video_orientation_t,video_orientation_t
218327,TYPE,video_palette_t,video_palette_t,video_palette_t
218328,TYPE,video_palette_t*,video_palette_t*,video_palette_t*
218329,TYPE,video_splitter_output_t*,video_splitter_output_t*,video_splitter_output_t*
218330,TYPE,video_splitter_owner_t,video_splitter_owner_t,video_splitter_owner_t
218331,TYPE,video_splitter_owner_t*,video_splitter_owner_t*,video_splitter_owner_t*
218332,TYPE,video_splitter_t,video_splitter_t,video_splitter_t
218333,TYPE,video_splitter_t*,video_splitter_t*,video_splitter_t*
218334,TYPE,video_transform_t,video_transform_t,video_transform_t
218335,TYPE,videolan_public_key,videolan_public_key,videolan_public_key
218336,TYPE,vlc_DIR*,vlc_DIR*,vlc_DIR*
218337,TYPE,vlc_action_id_t,vlc_action_id_t,vlc_action_id_t
218338,TYPE,vlc_actions_t,vlc_actions_t,vlc_actions_t
218339,TYPE,vlc_actions_t*,vlc_actions_t*,vlc_actions_t*
218340,TYPE,vlc_activate_t,vlc_activate_t,vlc_activate_t
218341,TYPE,vlc_array_t,vlc_array_t,vlc_array_t
218342,TYPE,vlc_array_t*,vlc_array_t*,vlc_array_t*
218343,TYPE,vlc_atomic_float,vlc_atomic_float,vlc_atomic_float
218344,TYPE,vlc_callback_t,vlc_callback_t,vlc_callback_t
218345,TYPE,vlc_callback_type_t,vlc_callback_type_t,vlc_callback_type_t
218346,TYPE,vlc_chroma_description_t,vlc_chroma_description_t,vlc_chroma_description_t
218347,TYPE,vlc_chroma_description_t*,vlc_chroma_description_t*,vlc_chroma_description_t*
218348,TYPE,vlc_cleanup_t*,vlc_cleanup_t*,vlc_cleanup_t*
218349,TYPE,vlc_cond_t,vlc_cond_t,vlc_cond_t
218350,TYPE,vlc_cond_t*,vlc_cond_t*,vlc_cond_t*
218351,TYPE,vlc_credential*,vlc_credential*,vlc_credential*
218352,TYPE,vlc_deactivate_t,vlc_deactivate_t,vlc_deactivate_t
218353,TYPE,vlc_demux_chained_t,vlc_demux_chained_t,vlc_demux_chained_t
218354,TYPE,vlc_demux_chained_t*,vlc_demux_chained_t*,vlc_demux_chained_t*
218355,TYPE,vlc_demux_chained_t.stats,stats,vlc_demux_chained_t.stats
218356,TYPE,vlc_destructor_t,vlc_destructor_t,vlc_destructor_t
218357,TYPE,vlc_dialog_cbs,vlc_dialog_cbs,vlc_dialog_cbs
218358,TYPE,vlc_dialog_cbs*,vlc_dialog_cbs*,vlc_dialog_cbs*
218359,TYPE,vlc_dialog_ext_update_cb,vlc_dialog_ext_update_cb,vlc_dialog_ext_update_cb
218360,TYPE,vlc_dialog_id,vlc_dialog_id,vlc_dialog_id
218361,TYPE,vlc_dialog_id*,vlc_dialog_id*,vlc_dialog_id*
218362,TYPE,vlc_dialog_id**,vlc_dialog_id**,vlc_dialog_id**
218363,TYPE,vlc_dialog_id.dialog_answer,dialog_answer,vlc_dialog_id.dialog_answer
218364,TYPE,vlc_dialog_id.dialog_type,dialog_type,vlc_dialog_id.dialog_type
218365,TYPE,vlc_dialog_provider,vlc_dialog_provider,vlc_dialog_provider
218366,TYPE,vlc_dialog_provider*,vlc_dialog_provider*,vlc_dialog_provider*
218367,TYPE,vlc_dialog_question_type,vlc_dialog_question_type,vlc_dialog_question_type
218368,TYPE,vlc_dictionary_t,vlc_dictionary_t,vlc_dictionary_t
218369,TYPE,vlc_epg_event_t,vlc_epg_event_t,vlc_epg_event_t
218370,TYPE,vlc_epg_event_t*,vlc_epg_event_t*,vlc_epg_event_t*
218371,TYPE,vlc_epg_t,vlc_epg_t,vlc_epg_t
218372,TYPE,vlc_epg_t*,vlc_epg_t*,vlc_epg_t*
218373,TYPE,vlc_epg_t**,vlc_epg_t**,vlc_epg_t**
218374,TYPE,vlc_event_callback_t,vlc_event_callback_t,vlc_event_callback_t
218375,TYPE,vlc_event_listener_t,vlc_event_listener_t,vlc_event_listener_t
218376,TYPE,vlc_event_listener_t*,vlc_event_listener_t*,vlc_event_listener_t*
218377,TYPE,vlc_event_listeners_group_t*,vlc_event_listeners_group_t*,vlc_event_listeners_group_t*
218378,TYPE,vlc_event_manager_t*,vlc_event_manager_t*,vlc_event_manager_t*
218379,TYPE,vlc_event_t*,vlc_event_t*,vlc_event_t*
218380,TYPE,vlc_event_type_t,vlc_event_type_t,vlc_event_type_t
218381,TYPE,vlc_exit,vlc_exit,vlc_exit
218382,TYPE,vlc_exit_t,vlc_exit_t,vlc_exit_t
218383,TYPE,vlc_exit_t*,vlc_exit_t*,vlc_exit_t*
218384,TYPE,vlc_fifo_t*,vlc_fifo_t*,vlc_fifo_t*
218385,TYPE,vlc_fourcc_t,vlc_fourcc_t,vlc_fourcc_t
218386,TYPE,vlc_fourcc_t*,vlc_fourcc_t*,vlc_fourcc_t*
218387,TYPE,vlc_fourcc_t[4],vlc_fourcc_t[4],vlc_fourcc_t[4]
218388,TYPE,vlc_fourcc_t[],vlc_fourcc_t[],vlc_fourcc_t[]
218389,TYPE,vlc_fourcc_t[]*,vlc_fourcc_t[]*,vlc_fourcc_t[]*
218390,TYPE,vlc_gai_req,vlc_gai_req,vlc_gai_req
218391,TYPE,vlc_gai_req*,vlc_gai_req*,vlc_gai_req*
218392,TYPE,vlc_gai_req.addrinfo,addrinfo,vlc_gai_req.addrinfo
218393,TYPE,vlc_getopt_s,vlc_getopt_s,vlc_getopt_s
218394,TYPE,vlc_getopt_t,vlc_getopt_t,vlc_getopt_t
218395,TYPE,vlc_getopt_t*,vlc_getopt_t*,vlc_getopt_t*
218396,TYPE,vlc_gl_priv_t,vlc_gl_priv_t,vlc_gl_priv_t
218397,TYPE,vlc_gl_priv_t*,vlc_gl_priv_t*,vlc_gl_priv_t*
218398,TYPE,vlc_gl_surface,vlc_gl_surface,vlc_gl_surface
218399,TYPE,vlc_gl_surface_t,vlc_gl_surface_t,vlc_gl_surface_t
218400,TYPE,vlc_gl_surface_t*,vlc_gl_surface_t*,vlc_gl_surface_t*
218401,TYPE,vlc_gl_t,vlc_gl_t,vlc_gl_t
218402,TYPE,vlc_gl_t*,vlc_gl_t*,vlc_gl_t*
218403,TYPE,vlc_http_auth_t*,vlc_http_auth_t*,vlc_http_auth_t*
218404,TYPE,vlc_http_cookie_jar_t,vlc_http_cookie_jar_t,vlc_http_cookie_jar_t
218405,TYPE,vlc_http_cookie_jar_t*,vlc_http_cookie_jar_t*,vlc_http_cookie_jar_t*
218406,TYPE,vlc_iconv_t,vlc_iconv_t,vlc_iconv_t
218407,TYPE,vlc_inhibit_t,vlc_inhibit_t,vlc_inhibit_t
218408,TYPE,vlc_inhibit_t*,vlc_inhibit_t*,vlc_inhibit_t*
218409,TYPE,vlc_input_callback_t,vlc_input_callback_t,vlc_input_callback_t
218410,TYPE,vlc_input_callback_t*,vlc_input_callback_t*,vlc_input_callback_t*
218411,TYPE,vlc_input_callback_t[],vlc_input_callback_t[],vlc_input_callback_t[]
218412,TYPE,vlc_interrupt,vlc_interrupt,vlc_interrupt
218413,TYPE,vlc_interrupt_t,vlc_interrupt_t,vlc_interrupt_t
218414,TYPE,vlc_interrupt_t*,vlc_interrupt_t*,vlc_interrupt_t*
218415,TYPE,vlc_ipc_data_t,vlc_ipc_data_t,vlc_ipc_data_t
218416,TYPE,vlc_ipc_data_t*,vlc_ipc_data_t*,vlc_ipc_data_t*
218417,TYPE,vlc_keystore,vlc_keystore,vlc_keystore
218418,TYPE,vlc_keystore*,vlc_keystore*,vlc_keystore*
218419,TYPE,vlc_keystore_entry,vlc_keystore_entry,vlc_keystore_entry
218420,TYPE,vlc_keystore_entry*,vlc_keystore_entry*,vlc_keystore_entry*
218421,TYPE,vlc_keystore_entry**,vlc_keystore_entry**,vlc_keystore_entry**
218422,TYPE,vlc_list_callback_t,vlc_list_callback_t,vlc_list_callback_t
218423,TYPE,vlc_list_t,vlc_list_t,vlc_list_t
218424,TYPE,vlc_list_t*,vlc_list_t*,vlc_list_t*
218425,TYPE,vlc_log_cb,vlc_log_cb,vlc_log_cb
218426,TYPE,vlc_log_early_t,vlc_log_early_t,vlc_log_early_t
218427,TYPE,vlc_log_early_t*,vlc_log_early_t*,vlc_log_early_t*
218428,TYPE,vlc_log_early_t**,vlc_log_early_t**,vlc_log_early_t**
218429,TYPE,vlc_log_early_t.vlc_log_early_t,vlc_log_early_t,vlc_log_early_t.vlc_log_early_t
218430,TYPE,vlc_log_t,vlc_log_t,vlc_log_t
218431,TYPE,vlc_log_t*,vlc_log_t*,vlc_log_t*
218432,TYPE,vlc_logger_early_t,vlc_logger_early_t,vlc_logger_early_t
218433,TYPE,vlc_logger_early_t*,vlc_logger_early_t*,vlc_logger_early_t*
218434,TYPE,vlc_logger_t,vlc_logger_t,vlc_logger_t
218435,TYPE,vlc_logger_t*,vlc_logger_t*,vlc_logger_t*
218436,TYPE,vlc_memstream,vlc_memstream,vlc_memstream
218437,TYPE,vlc_memstream*,vlc_memstream*,vlc_memstream*
218438,TYPE,vlc_memstream[1],vlc_memstream[1],vlc_memstream[1]
218439,TYPE,vlc_meta_t,vlc_meta_t,vlc_meta_t
218440,TYPE,vlc_meta_t*,vlc_meta_t*,vlc_meta_t*
218441,TYPE,vlc_meta_t**,vlc_meta_t**,vlc_meta_t**
218442,TYPE,vlc_meta_type_t,vlc_meta_type_t,vlc_meta_type_t
218443,TYPE,vlc_modcap,vlc_modcap,vlc_modcap
218444,TYPE,vlc_modcap_t,vlc_modcap_t,vlc_modcap_t
218445,TYPE,vlc_modcap_t*,vlc_modcap_t*,vlc_modcap_t*
218446,TYPE,vlc_modcap_t**,vlc_modcap_t**,vlc_modcap_t**
218447,TYPE,vlc_mouse_t,vlc_mouse_t,vlc_mouse_t
218448,TYPE,vlc_mouse_t*,vlc_mouse_t*,vlc_mouse_t*
218449,TYPE,vlc_mta_holder,vlc_mta_holder,vlc_mta_holder
218450,TYPE,vlc_mta_holder*,vlc_mta_holder*,vlc_mta_holder*
218451,TYPE,vlc_mutex_t,vlc_mutex_t,vlc_mutex_t
218452,TYPE,vlc_mutex_t*,vlc_mutex_t*,vlc_mutex_t*
218453,TYPE,vlc_mutex_t[],vlc_mutex_t[],vlc_mutex_t[]
218454,TYPE,vlc_object_internals,vlc_object_internals,vlc_object_internals
218455,TYPE,vlc_object_internals.vlc_res,vlc_res,vlc_object_internals.vlc_res
218456,TYPE,vlc_object_internals_t,vlc_object_internals_t,vlc_object_internals_t
218457,TYPE,vlc_object_internals_t*,vlc_object_internals_t*,vlc_object_internals_t*
218458,TYPE,vlc_object_t,vlc_object_t,vlc_object_t
218459,TYPE,vlc_object_t*,vlc_object_t*,vlc_object_t*
218460,TYPE,vlc_object_t**,vlc_object_t**,vlc_object_t**
218461,TYPE,vlc_option,vlc_option,vlc_option
218462,TYPE,vlc_option*,vlc_option*,vlc_option*
218463,TYPE,vlc_plugin_cb,vlc_plugin_cb,vlc_plugin_cb
218464,TYPE,vlc_plugin_symbol,vlc_plugin_symbol,vlc_plugin_symbol
218465,TYPE,vlc_plugin_symbol*,vlc_plugin_symbol*,vlc_plugin_symbol*
218466,TYPE,vlc_plugin_symbol**,vlc_plugin_symbol**,vlc_plugin_symbol**
218467,TYPE,vlc_plugin_t,vlc_plugin_t,vlc_plugin_t
218468,TYPE,vlc_plugin_t*,vlc_plugin_t*,vlc_plugin_t*
218469,TYPE,vlc_plugin_t**,vlc_plugin_t**,vlc_plugin_t**
218470,TYPE,vlc_plugin_t.conf,conf,vlc_plugin_t.conf
218471,TYPE,vlc_plugin_t.vlc_plugin_t,vlc_plugin_t,vlc_plugin_t.vlc_plugin_t
218472,TYPE,vlc_plugins,vlc_plugins,vlc_plugins
218473,TYPE,vlc_probe_t*,vlc_probe_t*,vlc_probe_t*
218474,TYPE,vlc_rational_t,vlc_rational_t,vlc_rational_t
218475,TYPE,vlc_rd_probe,vlc_rd_probe,vlc_rd_probe
218476,TYPE,vlc_rd_probe*,vlc_rd_probe*,vlc_rd_probe*
218477,TYPE,vlc_readdir_helper*,vlc_readdir_helper*,vlc_readdir_helper*
218478,TYPE,vlc_renderer_discovery_owner*,vlc_renderer_discovery_owner*,vlc_renderer_discovery_owner*
218479,TYPE,vlc_renderer_discovery_t,vlc_renderer_discovery_t,vlc_renderer_discovery_t
218480,TYPE,vlc_renderer_discovery_t*,vlc_renderer_discovery_t*,vlc_renderer_discovery_t*
218481,TYPE,vlc_renderer_item_t,vlc_renderer_item_t,vlc_renderer_item_t
218482,TYPE,vlc_renderer_item_t*,vlc_renderer_item_t*,vlc_renderer_item_t*
218483,TYPE,vlc_res,vlc_res,vlc_res
218484,TYPE,vlc_res*,vlc_res*,vlc_res*
218485,TYPE,vlc_res**,vlc_res**,vlc_res**
218486,TYPE,vlc_res.vlc_res,vlc_res,vlc_res.vlc_res
218487,TYPE,vlc_rwlock_t,vlc_rwlock_t,vlc_rwlock_t
218488,TYPE,vlc_rwlock_t*,vlc_rwlock_t*,vlc_rwlock_t*
218489,TYPE,vlc_sd_internal_t,vlc_sd_internal_t,vlc_sd_internal_t
218490,TYPE,vlc_sd_internal_t*,vlc_sd_internal_t*,vlc_sd_internal_t*
218491,TYPE,vlc_sd_internal_t**,vlc_sd_internal_t**,vlc_sd_internal_t**
218492,TYPE,vlc_sd_probe_t,vlc_sd_probe_t,vlc_sd_probe_t
218493,TYPE,vlc_sd_probe_t*,vlc_sd_probe_t*,vlc_sd_probe_t*
218494,TYPE,vlc_sem_t,vlc_sem_t,vlc_sem_t
218495,TYPE,vlc_sem_t*,vlc_sem_t*,vlc_sem_t*
218496,TYPE,vlc_static_cond_t,vlc_static_cond_t,vlc_static_cond_t
218497,TYPE,vlc_static_cond_t*,vlc_static_cond_t*,vlc_static_cond_t*
218498,TYPE,vlc_thread,vlc_thread,vlc_thread
218499,TYPE,vlc_thread*,vlc_thread*,vlc_thread*
218500,TYPE,vlc_thread.wait,wait,vlc_thread.wait
218501,TYPE,vlc_thread_t,vlc_thread_t,vlc_thread_t
218502,TYPE,vlc_thread_t*,vlc_thread_t*,vlc_thread_t*
218503,TYPE,vlc_threadvar,vlc_threadvar,vlc_threadvar
218504,TYPE,vlc_threadvar*,vlc_threadvar*,vlc_threadvar*
218505,TYPE,vlc_threadvar.vlc_threadvar,vlc_threadvar,vlc_threadvar.vlc_threadvar
218506,TYPE,vlc_threadvar_last,vlc_threadvar_last,vlc_threadvar_last
218507,TYPE,vlc_threadvar_t,vlc_threadvar_t,vlc_threadvar_t
218508,TYPE,vlc_threadvar_t*,vlc_threadvar_t*,vlc_threadvar_t*
218509,TYPE,vlc_timer,vlc_timer,vlc_timer
218510,TYPE,vlc_timer*,vlc_timer*,vlc_timer*
218511,TYPE,vlc_timer_t,vlc_timer_t,vlc_timer_t
218512,TYPE,vlc_timer_t*,vlc_timer_t*,vlc_timer_t*
218513,TYPE,vlc_tls,vlc_tls,vlc_tls
218514,TYPE,vlc_tls_creds_t,vlc_tls_creds_t,vlc_tls_creds_t
218515,TYPE,vlc_tls_creds_t*,vlc_tls_creds_t*,vlc_tls_creds_t*
218516,TYPE,vlc_tls_socket,vlc_tls_socket,vlc_tls_socket
218517,TYPE,vlc_tls_socket.sockaddr,sockaddr,vlc_tls_socket.sockaddr
218518,TYPE,vlc_tls_socket.vlc_tls,vlc_tls,vlc_tls_socket.vlc_tls
218519,TYPE,vlc_tls_socket_t,vlc_tls_socket_t,vlc_tls_socket_t
218520,TYPE,vlc_tls_socket_t*,vlc_tls_socket_t*,vlc_tls_socket_t*
218521,TYPE,vlc_tls_t,vlc_tls_t,vlc_tls_t
218522,TYPE,vlc_tls_t*,vlc_tls_t*,vlc_tls_t*
218523,TYPE,vlc_tls_t[2]*,vlc_tls_t[2]*,vlc_tls_t[2]*
218524,TYPE,vlc_url_t,vlc_url_t,vlc_url_t
218525,TYPE,vlc_url_t*,vlc_url_t*,vlc_url_t*
218526,TYPE,vlc_userdir_t,vlc_userdir_t,vlc_userdir_t
218527,TYPE,vlc_value_t,vlc_value_t,vlc_value_t
218528,TYPE,vlc_value_t*,vlc_value_t*,vlc_value_t*
218529,TYPE,vlc_viewpoint_t,vlc_viewpoint_t,vlc_viewpoint_t
218530,TYPE,vlc_viewpoint_t*,vlc_viewpoint_t*,vlc_viewpoint_t*
218531,TYPE,vlm_event_t,vlm_event_t,vlm_event_t
218532,TYPE,vlm_media_instance_sys_t,vlm_media_instance_sys_t,vlm_media_instance_sys_t
218533,TYPE,vlm_media_instance_sys_t*,vlm_media_instance_sys_t*,vlm_media_instance_sys_t*
218534,TYPE,vlm_media_instance_sys_t**,vlm_media_instance_sys_t**,vlm_media_instance_sys_t**
218535,TYPE,vlm_media_instance_t*,vlm_media_instance_t*,vlm_media_instance_t*
218536,TYPE,vlm_media_instance_t**,vlm_media_instance_t**,vlm_media_instance_t**
218537,TYPE,vlm_media_instance_t***,vlm_media_instance_t***,vlm_media_instance_t***
218538,TYPE,vlm_media_sys_t,vlm_media_sys_t,vlm_media_sys_t
218539,TYPE,vlm_media_sys_t*,vlm_media_sys_t*,vlm_media_sys_t*
218540,TYPE,vlm_media_sys_t**,vlm_media_sys_t**,vlm_media_sys_t**
218541,TYPE,vlm_media_sys_t.vod,vod,vlm_media_sys_t.vod
218542,TYPE,vlm_media_t,vlm_media_t,vlm_media_t
218543,TYPE,vlm_media_t*,vlm_media_t*,vlm_media_t*
218544,TYPE,vlm_media_t**,vlm_media_t**,vlm_media_t**
218545,TYPE,vlm_media_t***,vlm_media_t***,vlm_media_t***
218546,TYPE,vlm_message_t,vlm_message_t,vlm_message_t
218547,TYPE,vlm_message_t*,vlm_message_t*,vlm_message_t*
218548,TYPE,vlm_message_t**,vlm_message_t**,vlm_message_t**
218549,TYPE,vlm_schedule_sys_t,vlm_schedule_sys_t,vlm_schedule_sys_t
218550,TYPE,vlm_schedule_sys_t*,vlm_schedule_sys_t*,vlm_schedule_sys_t*
218551,TYPE,vlm_schedule_sys_t**,vlm_schedule_sys_t**,vlm_schedule_sys_t**
218552,TYPE,vlm_t,vlm_t,vlm_t
218553,TYPE,vlm_t*,vlm_t*,vlm_t*
218554,TYPE,vlm_t**,vlm_t**,vlm_t**
218555,TYPE,vod,vod,vod
218556,TYPE,vod_media_t*,vod_media_t*,vod_media_t*
218557,TYPE,vod_t,vod_t,vod_t
218558,TYPE,vod_t*,vod_t*,vod_t*
218559,TYPE,void,void,void
218560,TYPE,void*,void*,void*
218561,TYPE,void**,void**,void**
218562,TYPE,void*[20],void*[20],void*[20]
218563,TYPE,void[2]*,void[2]*,void[2]*
218564,TYPE,void_ops,void_ops,void_ops
218565,TYPE,vout_chrono_t,vout_chrono_t,vout_chrono_t
218566,TYPE,vout_chrono_t*,vout_chrono_t*,vout_chrono_t*
218567,TYPE,vout_configuration_t,vout_configuration_t,vout_configuration_t
218568,TYPE,vout_configuration_t*,vout_configuration_t*,vout_configuration_t*
218569,TYPE,vout_control_cmd_t,vout_control_cmd_t,vout_control_cmd_t
218570,TYPE,vout_control_cmd_t*,vout_control_cmd_t*,vout_control_cmd_t*
218571,TYPE,vout_control_cmd_t.u,u,vout_control_cmd_t.u
218572,TYPE,vout_control_cmd_t.u.border,border,vout_control_cmd_t.u.border
218573,TYPE,vout_control_cmd_t.u.message,message,vout_control_cmd_t.u.message
218574,TYPE,vout_control_cmd_t.u.pair,pair,vout_control_cmd_t.u.pair
218575,TYPE,vout_control_cmd_t.u.pause,pause,vout_control_cmd_t.u.pause
218576,TYPE,vout_control_cmd_t.u.window,window,vout_control_cmd_t.u.window
218577,TYPE,vout_control_t,vout_control_t,vout_control_t
218578,TYPE,vout_control_t*,vout_control_t*,vout_control_t*
218579,TYPE,vout_display_cfg_t,vout_display_cfg_t,vout_display_cfg_t
218580,TYPE,vout_display_cfg_t*,vout_display_cfg_t*,vout_display_cfg_t*
218581,TYPE,vout_display_owner_sys_t,vout_display_owner_sys_t,vout_display_owner_sys_t
218582,TYPE,vout_display_owner_sys_t*,vout_display_owner_sys_t*,vout_display_owner_sys_t*
218583,TYPE,vout_display_owner_sys_t.crop,crop,vout_display_owner_sys_t.crop
218584,TYPE,vout_display_owner_sys_t.mouse,mouse,vout_display_owner_sys_t.mouse
218585,TYPE,vout_display_owner_t,vout_display_owner_t,vout_display_owner_t
218586,TYPE,vout_display_owner_t*,vout_display_owner_t*,vout_display_owner_t*
218587,TYPE,vout_display_place_t,vout_display_place_t,vout_display_place_t
218588,TYPE,vout_display_place_t*,vout_display_place_t*,vout_display_place_t*
218589,TYPE,vout_display_state_t,vout_display_state_t,vout_display_state_t
218590,TYPE,vout_display_state_t*,vout_display_state_t*,vout_display_state_t*
218591,TYPE,vout_display_sys_t,vout_display_sys_t,vout_display_sys_t
218592,TYPE,vout_display_sys_t*,vout_display_sys_t*,vout_display_sys_t*
218593,TYPE,vout_display_t,vout_display_t,vout_display_t
218594,TYPE,vout_display_t*,vout_display_t*,vout_display_t*
218595,TYPE,vout_display_t**,vout_display_t**,vout_display_t**
218596,TYPE,vout_display_window,vout_display_window,vout_display_window
218597,TYPE,vout_display_window_t,vout_display_window_t,vout_display_window_t
218598,TYPE,vout_display_window_t*,vout_display_window_t*,vout_display_window_t*
218599,TYPE,vout_filter_t,vout_filter_t,vout_filter_t
218600,TYPE,vout_filter_t*,vout_filter_t*,vout_filter_t*
218601,TYPE,vout_snapshot_save_cfg_t,vout_snapshot_save_cfg_t,vout_snapshot_save_cfg_t
218602,TYPE,vout_snapshot_save_cfg_t*,vout_snapshot_save_cfg_t*,vout_snapshot_save_cfg_t*
218603,TYPE,vout_snapshot_t,vout_snapshot_t,vout_snapshot_t
218604,TYPE,vout_snapshot_t*,vout_snapshot_t*,vout_snapshot_t*
218605,TYPE,vout_statistic_t,vout_statistic_t,vout_statistic_t
218606,TYPE,vout_statistic_t*,vout_statistic_t*,vout_statistic_t*
218607,TYPE,vout_thread_sys_t,vout_thread_sys_t,vout_thread_sys_t
218608,TYPE,vout_thread_sys_t*,vout_thread_sys_t*,vout_thread_sys_t*
218609,TYPE,vout_thread_sys_t.display,display,vout_thread_sys_t.display
218610,TYPE,vout_thread_sys_t.displayed,displayed,vout_thread_sys_t.displayed
218611,TYPE,vout_thread_sys_t.filter,filter,vout_thread_sys_t.filter
218612,TYPE,vout_thread_sys_t.filter.filter_chain_t,filter_chain_t,vout_thread_sys_t.filter.filter_chain_t
218613,TYPE,vout_thread_sys_t.interlacing,interlacing,vout_thread_sys_t.interlacing
218614,TYPE,vout_thread_sys_t.pause,pause,vout_thread_sys_t.pause
218615,TYPE,vout_thread_sys_t.step,step,vout_thread_sys_t.step
218616,TYPE,vout_thread_sys_t.title,title,vout_thread_sys_t.title
218617,TYPE,vout_thread_t,vout_thread_t,vout_thread_t
218618,TYPE,vout_thread_t*,vout_thread_t*,vout_thread_t*
218619,TYPE,vout_thread_t**,vout_thread_t**,vout_thread_t**
218620,TYPE,vout_thread_t***,vout_thread_t***,vout_thread_t***
218621,TYPE,vout_window_cfg_t,vout_window_cfg_t,vout_window_cfg_t
218622,TYPE,vout_window_cfg_t*,vout_window_cfg_t*,vout_window_cfg_t*
218623,TYPE,vout_window_mouse_event_t,vout_window_mouse_event_t,vout_window_mouse_event_t
218624,TYPE,vout_window_mouse_event_t*,vout_window_mouse_event_t*,vout_window_mouse_event_t*
218625,TYPE,vout_window_owner_t,vout_window_owner_t,vout_window_owner_t
218626,TYPE,vout_window_owner_t*,vout_window_owner_t*,vout_window_owner_t*
218627,TYPE,vout_window_t,vout_window_t,vout_window_t
218628,TYPE,vout_window_t*,vout_window_t*,vout_window_t*
218629,TYPE,vout_window_t**,vout_window_t**,vout_window_t**
218630,TYPE,vp,vp,vp
218631,TYPE,wait,wait,wait
218632,TYPE,wchar_t,wchar_t,wchar_t
218633,TYPE,wchar_t*,wchar_t*,wchar_t*
218634,TYPE,wchar_t[256],wchar_t[256],wchar_t[256]
218635,TYPE,wchar_t[],wchar_t[],wchar_t[]
218636,TYPE,window,window,window
218637,TYPE,window_t,window_t,window_t
218638,TYPE,window_t*,window_t*,window_t*
218639,TYPE,worker,worker,worker
218640,TYPE,wsaerrmsg_t,wsaerrmsg_t,wsaerrmsg_t
218641,TYPE,wsaerrmsg_t*,wsaerrmsg_t*,wsaerrmsg_t*
218642,TYPE,wsaerrmsg_t[],wsaerrmsg_t[],wsaerrmsg_t[]
218643,TYPE,xml_entities,xml_entities,xml_entities
218644,TYPE,xml_entity_s,xml_entity_s,xml_entity_s
218645,TYPE,xml_entity_s*,xml_entity_s*,xml_entity_s*
218646,TYPE,xml_entity_s[],xml_entity_s[],xml_entity_s[]
218647,TYPE,xml_reader_t,xml_reader_t,xml_reader_t
218648,TYPE,xml_reader_t*,xml_reader_t*,xml_reader_t*
218649,TYPE,xml_t,xml_t,xml_t
218650,TYPE,xml_t*,xml_t*,xml_t*
